preset,training_seed,evaluation_seed,checkpoint_transition,task,episode,metric_name,metric_value
g1_lafan,4728,4728,9600000,move-ego-0-0,0,return,12.421204566955566
g1_lafan,4728,4728,9600000,move-ego-0-0,0,auxiliary_cost,2.0638718605041504
g1_lafan,4728,4728,9600000,move-ego-0-0,0,safety_violation_rate,1.0
g1_lafan,4728,4728,9600000,move-ego-0-0,0,termination_rate,0.0
g1_lafan,4728,4728,9600000,move-ego-0-0,0,action_l2,2.917611598968506
g1_lafan,4728,4728,9600000,move-ego-0-0,0,penalty_torques_mean,6505.7421875
g1_lafan,4728,4728,9600000,move-ego-0-0,0,penalty_torques_active_fraction,1.0
g1_lafan,4728,4728,9600000,move-ego-0-0,0,penalty_action_rate_mean,1.8570600748062134
g1_lafan,4728,4728,9600000,move-ego-0-0,0,penalty_action_rate_active_fraction,1.0
g1_lafan,4728,4728,9600000,move-ego-0-0,0,limits_dof_pos_mean,0.08300810307264328
g1_lafan,4728,4728,9600000,move-ego-0-0,0,limits_dof_pos_active_fraction,1.0
g1_lafan,4728,4728,9600000,move-ego-0-0,0,limits_torque_mean,4.401762008666992
g1_lafan,4728,4728,9600000,move-ego-0-0,0,limits_torque_active_fraction,0.9980000257492065
g1_lafan,4728,4728,9600000,move-ego-0-0,0,penalty_undesired_contact_mean,0.0
g1_lafan,4728,4728,9600000,move-ego-0-0,0,penalty_undesired_contact_active_fraction,0.0
g1_lafan,4728,4728,9600000,move-ego-0-0,0,penalty_feet_ori_mean,0.4423857629299164
g1_lafan,4728,4728,9600000,move-ego-0-0,0,penalty_feet_ori_active_fraction,0.9980000257492065
g1_lafan,4728,4728,9600000,move-ego-0-0,0,penalty_ankle_roll_mean,0.1359889954328537
g1_lafan,4728,4728,9600000,move-ego-0-0,0,penalty_ankle_roll_active_fraction,1.0
g1_lafan,4728,4728,9600000,move-ego-0-0,0,penalty_slippage_mean,0.16358673572540283
g1_lafan,4728,4728,9600000,move-ego-0-0,0,penalty_slippage_active_fraction,0.9980000257492065
g1_lafan,4728,4728,9600000,move-ego-0-0,1,return,0.0
g1_lafan,4728,4728,9600000,move-ego-0-0,1,auxiliary_cost,2.013679027557373
g1_lafan,4728,4728,9600000,move-ego-0-0,1,safety_violation_rate,1.0
g1_lafan,4728,4728,9600000,move-ego-0-0,1,termination_rate,0.0
g1_lafan,4728,4728,9600000,move-ego-0-0,1,action_l2,2.918799877166748
g1_lafan,4728,4728,9600000,move-ego-0-0,1,penalty_torques_mean,6261.146484375
g1_lafan,4728,4728,9600000,move-ego-0-0,1,penalty_torques_active_fraction,1.0
g1_lafan,4728,4728,9600000,move-ego-0-0,1,penalty_action_rate_mean,1.648837924003601
g1_lafan,4728,4728,9600000,move-ego-0-0,1,penalty_action_rate_active_fraction,1.0
g1_lafan,4728,4728,9600000,move-ego-0-0,1,limits_dof_pos_mean,0.08373472094535828
g1_lafan,4728,4728,9600000,move-ego-0-0,1,limits_dof_pos_active_fraction,0.9980000257492065
g1_lafan,4728,4728,9600000,move-ego-0-0,1,limits_torque_mean,4.486354351043701
g1_lafan,4728,4728,9600000,move-ego-0-0,1,limits_torque_active_fraction,0.9920000433921814
g1_lafan,4728,4728,9600000,move-ego-0-0,1,penalty_undesired_contact_mean,0.0020000000949949026
g1_lafan,4728,4728,9600000,move-ego-0-0,1,penalty_undesired_contact_active_fraction,0.0020000000949949026
g1_lafan,4728,4728,9600000,move-ego-0-0,1,penalty_feet_ori_mean,0.38719382882118225
g1_lafan,4728,4728,9600000,move-ego-0-0,1,penalty_feet_ori_active_fraction,0.9980000257492065
g1_lafan,4728,4728,9600000,move-ego-0-0,1,penalty_ankle_roll_mean,0.134390190243721
g1_lafan,4728,4728,9600000,move-ego-0-0,1,penalty_ankle_roll_active_fraction,1.0
g1_lafan,4728,4728,9600000,move-ego-0-0,1,penalty_slippage_mean,0.15850426256656647
g1_lafan,4728,4728,9600000,move-ego-0-0,1,penalty_slippage_active_fraction,0.9980000257492065
g1_lafan,4728,4728,9600000,move-ego-0-0,2,return,7.755381107330322
g1_lafan,4728,4728,9600000,move-ego-0-0,2,auxiliary_cost,2.123685836791992
g1_lafan,4728,4728,9600000,move-ego-0-0,2,safety_violation_rate,1.0
g1_lafan,4728,4728,9600000,move-ego-0-0,2,termination_rate,0.0
g1_lafan,4728,4728,9600000,move-ego-0-0,2,action_l2,2.905214786529541
g1_lafan,4728,4728,9600000,move-ego-0-0,2,penalty_torques_mean,6201.16845703125
g1_lafan,4728,4728,9600000,move-ego-0-0,2,penalty_torques_active_fraction,1.0
g1_lafan,4728,4728,9600000,move-ego-0-0,2,penalty_action_rate_mean,2.093785285949707
g1_lafan,4728,4728,9600000,move-ego-0-0,2,penalty_action_rate_active_fraction,1.0
g1_lafan,4728,4728,9600000,move-ego-0-0,2,limits_dof_pos_mean,0.08874587714672089
g1_lafan,4728,4728,9600000,move-ego-0-0,2,limits_dof_pos_active_fraction,1.0
g1_lafan,4728,4728,9600000,move-ego-0-0,2,limits_torque_mean,3.5381345748901367
g1_lafan,4728,4728,9600000,move-ego-0-0,2,limits_torque_active_fraction,0.9580000638961792
g1_lafan,4728,4728,9600000,move-ego-0-0,2,penalty_undesired_contact_mean,0.0
g1_lafan,4728,4728,9600000,move-ego-0-0,2,penalty_undesired_contact_active_fraction,0.0
g1_lafan,4728,4728,9600000,move-ego-0-0,2,penalty_feet_ori_mean,0.44786927103996277
g1_lafan,4728,4728,9600000,move-ego-0-0,2,penalty_feet_ori_active_fraction,0.9920000433921814
g1_lafan,4728,4728,9600000,move-ego-0-0,2,penalty_ankle_roll_mean,0.131039097905159
g1_lafan,4728,4728,9600000,move-ego-0-0,2,penalty_ankle_roll_active_fraction,1.0
g1_lafan,4728,4728,9600000,move-ego-0-0,2,penalty_slippage_mean,0.16177263855934143
g1_lafan,4728,4728,9600000,move-ego-0-0,2,penalty_slippage_active_fraction,0.9920000433921814
g1_lafan,4728,4728,9600000,move-ego-0-0,3,return,11.203166007995605
g1_lafan,4728,4728,9600000,move-ego-0-0,3,auxiliary_cost,2.1787924766540527
g1_lafan,4728,4728,9600000,move-ego-0-0,3,safety_violation_rate,0.9960000514984131
g1_lafan,4728,4728,9600000,move-ego-0-0,3,termination_rate,0.0
g1_lafan,4728,4728,9600000,move-ego-0-0,3,action_l2,2.9007041454315186
g1_lafan,4728,4728,9600000,move-ego-0-0,3,penalty_torques_mean,5957.86572265625
g1_lafan,4728,4728,9600000,move-ego-0-0,3,penalty_torques_active_fraction,1.0
g1_lafan,4728,4728,9600000,move-ego-0-0,3,penalty_action_rate_mean,2.208791971206665
g1_lafan,4728,4728,9600000,move-ego-0-0,3,penalty_action_rate_active_fraction,1.0
g1_lafan,4728,4728,9600000,move-ego-0-0,3,limits_dof_pos_mean,0.08974284678697586
g1_lafan,4728,4728,9600000,move-ego-0-0,3,limits_dof_pos_active_fraction,0.9960000514984131
g1_lafan,4728,4728,9600000,move-ego-0-0,3,limits_torque_mean,3.1828713417053223
g1_lafan,4728,4728,9600000,move-ego-0-0,3,limits_torque_active_fraction,0.9860000610351562
g1_lafan,4728,4728,9600000,move-ego-0-0,3,penalty_undesired_contact_mean,0.0
g1_lafan,4728,4728,9600000,move-ego-0-0,3,penalty_undesired_contact_active_fraction,0.0
g1_lafan,4728,4728,9600000,move-ego-0-0,3,penalty_feet_ori_mean,0.43674802780151367
g1_lafan,4728,4728,9600000,move-ego-0-0,3,penalty_feet_ori_active_fraction,0.9960000514984131
g1_lafan,4728,4728,9600000,move-ego-0-0,3,penalty_ankle_roll_mean,0.13201089203357697
g1_lafan,4728,4728,9600000,move-ego-0-0,3,penalty_ankle_roll_active_fraction,1.0
g1_lafan,4728,4728,9600000,move-ego-0-0,3,penalty_slippage_mean,0.17887115478515625
g1_lafan,4728,4728,9600000,move-ego-0-0,3,penalty_slippage_active_fraction,0.9960000514984131
g1_lafan,4728,4728,9600000,move-ego-0-0,4,return,3.9053940773010254
g1_lafan,4728,4728,9600000,move-ego-0-0,4,auxiliary_cost,2.588369131088257
g1_lafan,4728,4728,9600000,move-ego-0-0,4,safety_violation_rate,1.0
g1_lafan,4728,4728,9600000,move-ego-0-0,4,termination_rate,0.0
g1_lafan,4728,4728,9600000,move-ego-0-0,4,action_l2,3.012763261795044
g1_lafan,4728,4728,9600000,move-ego-0-0,4,penalty_torques_mean,11647.8515625
g1_lafan,4728,4728,9600000,move-ego-0-0,4,penalty_torques_active_fraction,1.0
g1_lafan,4728,4728,9600000,move-ego-0-0,4,penalty_action_rate_mean,3.80673885345459
g1_lafan,4728,4728,9600000,move-ego-0-0,4,penalty_action_rate_active_fraction,1.0
g1_lafan,4728,4728,9600000,move-ego-0-0,4,limits_dof_pos_mean,0.08546962589025497
g1_lafan,4728,4728,9600000,move-ego-0-0,4,limits_dof_pos_active_fraction,1.0
g1_lafan,4728,4728,9600000,move-ego-0-0,4,limits_torque_mean,5.125868797302246
g1_lafan,4728,4728,9600000,move-ego-0-0,4,limits_torque_active_fraction,0.9820000529289246
g1_lafan,4728,4728,9600000,move-ego-0-0,4,penalty_undesired_contact_mean,0.02200000174343586
g1_lafan,4728,4728,9600000,move-ego-0-0,4,penalty_undesired_contact_active_fraction,0.02200000174343586
g1_lafan,4728,4728,9600000,move-ego-0-0,4,penalty_feet_ori_mean,0.39588576555252075
g1_lafan,4728,4728,9600000,move-ego-0-0,4,penalty_feet_ori_active_fraction,0.9780000448226929
g1_lafan,4728,4728,9600000,move-ego-0-0,4,penalty_ankle_roll_mean,0.1342126429080963
g1_lafan,4728,4728,9600000,move-ego-0-0,4,penalty_ankle_roll_active_fraction,1.0
g1_lafan,4728,4728,9600000,move-ego-0-0,4,penalty_slippage_mean,0.3178964853286743
g1_lafan,4728,4728,9600000,move-ego-0-0,4,penalty_slippage_active_fraction,0.9800000190734863
g1_lafan,4728,4728,9600000,move-ego-0-0,5,return,32.08628845214844
g1_lafan,4728,4728,9600000,move-ego-0-0,5,auxiliary_cost,1.9973337650299072
g1_lafan,4728,4728,9600000,move-ego-0-0,5,safety_violation_rate,0.9960000514984131
g1_lafan,4728,4728,9600000,move-ego-0-0,5,termination_rate,0.0
g1_lafan,4728,4728,9600000,move-ego-0-0,5,action_l2,2.908971071243286
g1_lafan,4728,4728,9600000,move-ego-0-0,5,penalty_torques_mean,6045.02294921875
g1_lafan,4728,4728,9600000,move-ego-0-0,5,penalty_torques_active_fraction,1.0
g1_lafan,4728,4728,9600000,move-ego-0-0,5,penalty_action_rate_mean,1.2954291105270386
g1_lafan,4728,4728,9600000,move-ego-0-0,5,penalty_action_rate_active_fraction,1.0
g1_lafan,4728,4728,9600000,move-ego-0-0,5,limits_dof_pos_mean,0.0945502519607544
g1_lafan,4728,4728,9600000,move-ego-0-0,5,limits_dof_pos_active_fraction,0.9960000514984131
g1_lafan,4728,4728,9600000,move-ego-0-0,5,limits_torque_mean,4.399404048919678
g1_lafan,4728,4728,9600000,move-ego-0-0,5,limits_torque_active_fraction,0.9900000691413879
g1_lafan,4728,4728,9600000,move-ego-0-0,5,penalty_undesired_contact_mean,0.0
g1_lafan,4728,4728,9600000,move-ego-0-0,5,penalty_undesired_contact_active_fraction,0.0
g1_lafan,4728,4728,9600000,move-ego-0-0,5,penalty_feet_ori_mean,0.48192593455314636
g1_lafan,4728,4728,9600000,move-ego-0-0,5,penalty_feet_ori_active_fraction,0.9980000257492065
g1_lafan,4728,4728,9600000,move-ego-0-0,5,penalty_ankle_roll_mean,0.135572150349617
g1_lafan,4728,4728,9600000,move-ego-0-0,5,penalty_ankle_roll_active_fraction,1.0
g1_lafan,4728,4728,9600000,move-ego-0-0,5,penalty_slippage_mean,0.09361444413661957
g1_lafan,4728,4728,9600000,move-ego-0-0,5,penalty_slippage_active_fraction,0.9980000257492065
g1_lafan,4728,4728,9600000,move-ego-0-0,6,return,57.33793640136719
g1_lafan,4728,4728,9600000,move-ego-0-0,6,auxiliary_cost,2.6828794479370117
g1_lafan,4728,4728,9600000,move-ego-0-0,6,safety_violation_rate,1.0
g1_lafan,4728,4728,9600000,move-ego-0-0,6,termination_rate,0.0
g1_lafan,4728,4728,9600000,move-ego-0-0,6,action_l2,3.04864239692688
g1_lafan,4728,4728,9600000,move-ego-0-0,6,penalty_torques_mean,9677.265625
g1_lafan,4728,4728,9600000,move-ego-0-0,6,penalty_torques_active_fraction,1.0
g1_lafan,4728,4728,9600000,move-ego-0-0,6,penalty_action_rate_mean,2.902520179748535
g1_lafan,4728,4728,9600000,move-ego-0-0,6,penalty_action_rate_active_fraction,1.0
g1_lafan,4728,4728,9600000,move-ego-0-0,6,limits_dof_pos_mean,0.08956948667764664
g1_lafan,4728,4728,9600000,move-ego-0-0,6,limits_dof_pos_active_fraction,1.0
g1_lafan,4728,4728,9600000,move-ego-0-0,6,limits_torque_mean,5.2233452796936035
g1_lafan,4728,4728,9600000,move-ego-0-0,6,limits_torque_active_fraction,1.0
g1_lafan,4728,4728,9600000,move-ego-0-0,6,penalty_undesired_contact_mean,0.10400000214576721
g1_lafan,4728,4728,9600000,move-ego-0-0,6,penalty_undesired_contact_active_fraction,0.10400000214576721
g1_lafan,4728,4728,9600000,move-ego-0-0,6,penalty_feet_ori_mean,0.5590973496437073
g1_lafan,4728,4728,9600000,move-ego-0-0,6,penalty_feet_ori_active_fraction,0.9740000367164612
g1_lafan,4728,4728,9600000,move-ego-0-0,6,penalty_ankle_roll_mean,0.13641972839832306
g1_lafan,4728,4728,9600000,move-ego-0-0,6,penalty_ankle_roll_active_fraction,1.0
g1_lafan,4728,4728,9600000,move-ego-0-0,6,penalty_slippage_mean,0.3118065297603607
g1_lafan,4728,4728,9600000,move-ego-0-0,6,penalty_slippage_active_fraction,0.9760000705718994
g1_lafan,4728,4728,9600000,move-ego-0-0,7,return,112.70317840576172
g1_lafan,4728,4728,9600000,move-ego-0-0,7,auxiliary_cost,2.2479488849639893
g1_lafan,4728,4728,9600000,move-ego-0-0,7,safety_violation_rate,1.0
g1_lafan,4728,4728,9600000,move-ego-0-0,7,termination_rate,0.0
g1_lafan,4728,4728,9600000,move-ego-0-0,7,action_l2,2.947523355484009
g1_lafan,4728,4728,9600000,move-ego-0-0,7,penalty_torques_mean,7366.333984375
g1_lafan,4728,4728,9600000,move-ego-0-0,7,penalty_torques_active_fraction,1.0
g1_lafan,4728,4728,9600000,move-ego-0-0,7,penalty_action_rate_mean,2.817964792251587
g1_lafan,4728,4728,9600000,move-ego-0-0,7,penalty_action_rate_active_fraction,1.0
g1_lafan,4728,4728,9600000,move-ego-0-0,7,limits_dof_pos_mean,0.0937267318367958
g1_lafan,4728,4728,9600000,move-ego-0-0,7,limits_dof_pos_active_fraction,1.0
g1_lafan,4728,4728,9600000,move-ego-0-0,7,limits_torque_mean,4.673977851867676
g1_lafan,4728,4728,9600000,move-ego-0-0,7,limits_torque_active_fraction,0.9980000257492065
g1_lafan,4728,4728,9600000,move-ego-0-0,7,penalty_undesired_contact_mean,0.018000001087784767
g1_lafan,4728,4728,9600000,move-ego-0-0,7,penalty_undesired_contact_active_fraction,0.018000001087784767
g1_lafan,4728,4728,9600000,move-ego-0-0,7,penalty_feet_ori_mean,0.40013793110847473
g1_lafan,4728,4728,9600000,move-ego-0-0,7,penalty_feet_ori_active_fraction,0.984000027179718
g1_lafan,4728,4728,9600000,move-ego-0-0,7,penalty_ankle_roll_mean,0.13627971708774567
g1_lafan,4728,4728,9600000,move-ego-0-0,7,penalty_ankle_roll_active_fraction,1.0
g1_lafan,4728,4728,9600000,move-ego-0-0,7,penalty_slippage_mean,0.1528557389974594
g1_lafan,4728,4728,9600000,move-ego-0-0,7,penalty_slippage_active_fraction,0.984000027179718
g1_lafan,4728,4728,9600000,move-ego-0-0,8,return,1.0482949018478394
g1_lafan,4728,4728,9600000,move-ego-0-0,8,auxiliary_cost,2.941591739654541
g1_lafan,4728,4728,9600000,move-ego-0-0,8,safety_violation_rate,1.0
g1_lafan,4728,4728,9600000,move-ego-0-0,8,termination_rate,0.0
g1_lafan,4728,4728,9600000,move-ego-0-0,8,action_l2,3.194472551345825
g1_lafan,4728,4728,9600000,move-ego-0-0,8,penalty_torques_mean,9060.6328125
g1_lafan,4728,4728,9600000,move-ego-0-0,8,penalty_torques_active_fraction,1.0
g1_lafan,4728,4728,9600000,move-ego-0-0,8,penalty_action_rate_mean,5.798232078552246
g1_lafan,4728,4728,9600000,move-ego-0-0,8,penalty_action_rate_active_fraction,1.0
g1_lafan,4728,4728,9600000,move-ego-0-0,8,limits_dof_pos_mean,0.09068581461906433
g1_lafan,4728,4728,9600000,move-ego-0-0,8,limits_dof_pos_active_fraction,1.0
g1_lafan,4728,4728,9600000,move-ego-0-0,8,limits_torque_mean,4.742986679077148
g1_lafan,4728,4728,9600000,move-ego-0-0,8,limits_torque_active_fraction,0.9960000514984131
g1_lafan,4728,4728,9600000,move-ego-0-0,8,penalty_undesired_contact_mean,0.23800000548362732
g1_lafan,4728,4728,9600000,move-ego-0-0,8,penalty_undesired_contact_active_fraction,0.23800000548362732
g1_lafan,4728,4728,9600000,move-ego-0-0,8,penalty_feet_ori_mean,0.4684083163738251
g1_lafan,4728,4728,9600000,move-ego-0-0,8,penalty_feet_ori_active_fraction,0.8760000467300415
g1_lafan,4728,4728,9600000,move-ego-0-0,8,penalty_ankle_roll_mean,0.13450346887111664
g1_lafan,4728,4728,9600000,move-ego-0-0,8,penalty_ankle_roll_active_fraction,1.0
g1_lafan,4728,4728,9600000,move-ego-0-0,8,penalty_slippage_mean,0.24576608836650848
g1_lafan,4728,4728,9600000,move-ego-0-0,8,penalty_slippage_active_fraction,0.878000020980835
g1_lafan,4728,4728,9600000,move-ego-0-0,9,return,58.69461441040039
g1_lafan,4728,4728,9600000,move-ego-0-0,9,auxiliary_cost,2.20310640335083
g1_lafan,4728,4728,9600000,move-ego-0-0,9,safety_violation_rate,1.0
g1_lafan,4728,4728,9600000,move-ego-0-0,9,termination_rate,0.0
g1_lafan,4728,4728,9600000,move-ego-0-0,9,action_l2,2.956812858581543
g1_lafan,4728,4728,9600000,move-ego-0-0,9,penalty_torques_mean,7605.8720703125
g1_lafan,4728,4728,9600000,move-ego-0-0,9,penalty_torques_active_fraction,1.0
g1_lafan,4728,4728,9600000,move-ego-0-0,9,penalty_action_rate_mean,2.9305784702301025
g1_lafan,4728,4728,9600000,move-ego-0-0,9,penalty_action_rate_active_fraction,1.0
g1_lafan,4728,4728,9600000,move-ego-0-0,9,limits_dof_pos_mean,0.09055306017398834
g1_lafan,4728,4728,9600000,move-ego-0-0,9,limits_dof_pos_active_fraction,1.0
g1_lafan,4728,4728,9600000,move-ego-0-0,9,limits_torque_mean,4.494607448577881
g1_lafan,4728,4728,9600000,move-ego-0-0,9,limits_torque_active_fraction,0.9980000257492065
g1_lafan,4728,4728,9600000,move-ego-0-0,9,penalty_undesired_contact_mean,0.014000000432133675
g1_lafan,4728,4728,9600000,move-ego-0-0,9,penalty_undesired_contact_active_fraction,0.014000000432133675
g1_lafan,4728,4728,9600000,move-ego-0-0,9,penalty_feet_ori_mean,0.4186205565929413
g1_lafan,4728,4728,9600000,move-ego-0-0,9,penalty_feet_ori_active_fraction,0.9600000381469727
g1_lafan,4728,4728,9600000,move-ego-0-0,9,penalty_ankle_roll_mean,0.13415959477424622
g1_lafan,4728,4728,9600000,move-ego-0-0,9,penalty_ankle_roll_active_fraction,1.0
g1_lafan,4728,4728,9600000,move-ego-0-0,9,penalty_slippage_mean,0.14321552217006683
g1_lafan,4728,4728,9600000,move-ego-0-0,9,penalty_slippage_active_fraction,0.9600000381469727
g1_lafan,4728,4728,9600000,move-ego-low0.5-0-0,0,return,2.934873580932617
g1_lafan,4728,4728,9600000,move-ego-low0.5-0-0,0,auxiliary_cost,2.6644327640533447
g1_lafan,4728,4728,9600000,move-ego-low0.5-0-0,0,safety_violation_rate,1.0
g1_lafan,4728,4728,9600000,move-ego-low0.5-0-0,0,termination_rate,0.0
g1_lafan,4728,4728,9600000,move-ego-low0.5-0-0,0,action_l2,3.5675625801086426
g1_lafan,4728,4728,9600000,move-ego-low0.5-0-0,0,penalty_torques_mean,12036.3818359375
g1_lafan,4728,4728,9600000,move-ego-low0.5-0-0,0,penalty_torques_active_fraction,1.0
g1_lafan,4728,4728,9600000,move-ego-low0.5-0-0,0,penalty_action_rate_mean,4.791674613952637
g1_lafan,4728,4728,9600000,move-ego-low0.5-0-0,0,penalty_action_rate_active_fraction,1.0
g1_lafan,4728,4728,9600000,move-ego-low0.5-0-0,0,limits_dof_pos_mean,0.09000127017498016
g1_lafan,4728,4728,9600000,move-ego-low0.5-0-0,0,limits_dof_pos_active_fraction,0.9980000257492065
g1_lafan,4728,4728,9600000,move-ego-low0.5-0-0,0,limits_torque_mean,4.762484550476074
g1_lafan,4728,4728,9600000,move-ego-low0.5-0-0,0,limits_torque_active_fraction,0.9940000176429749
g1_lafan,4728,4728,9600000,move-ego-low0.5-0-0,0,penalty_undesired_contact_mean,0.164000004529953
g1_lafan,4728,4728,9600000,move-ego-low0.5-0-0,0,penalty_undesired_contact_active_fraction,0.164000004529953
g1_lafan,4728,4728,9600000,move-ego-low0.5-0-0,0,penalty_feet_ori_mean,0.3722214698791504
g1_lafan,4728,4728,9600000,move-ego-low0.5-0-0,0,penalty_feet_ori_active_fraction,0.8920000195503235
g1_lafan,4728,4728,9600000,move-ego-low0.5-0-0,0,penalty_ankle_roll_mean,0.13080376386642456
g1_lafan,4728,4728,9600000,move-ego-low0.5-0-0,0,penalty_ankle_roll_active_fraction,1.0
g1_lafan,4728,4728,9600000,move-ego-low0.5-0-0,0,penalty_slippage_mean,0.22457455098628998
g1_lafan,4728,4728,9600000,move-ego-low0.5-0-0,0,penalty_slippage_active_fraction,0.8940000534057617
g1_lafan,4728,4728,9600000,move-ego-low0.5-0-0,1,return,1.3000557430586923e-07
g1_lafan,4728,4728,9600000,move-ego-low0.5-0-0,1,auxiliary_cost,4.129410743713379
g1_lafan,4728,4728,9600000,move-ego-low0.5-0-0,1,safety_violation_rate,1.0
g1_lafan,4728,4728,9600000,move-ego-low0.5-0-0,1,termination_rate,0.0
g1_lafan,4728,4728,9600000,move-ego-low0.5-0-0,1,action_l2,3.5908701419830322
g1_lafan,4728,4728,9600000,move-ego-low0.5-0-0,1,penalty_torques_mean,6482.3974609375
g1_lafan,4728,4728,9600000,move-ego-low0.5-0-0,1,penalty_torques_active_fraction,1.0
g1_lafan,4728,4728,9600000,move-ego-low0.5-0-0,1,penalty_action_rate_mean,1.0784224271774292
g1_lafan,4728,4728,9600000,move-ego-low0.5-0-0,1,penalty_action_rate_active_fraction,1.0
g1_lafan,4728,4728,9600000,move-ego-low0.5-0-0,1,limits_dof_pos_mean,0.24782001972198486
g1_lafan,4728,4728,9600000,move-ego-low0.5-0-0,1,limits_dof_pos_active_fraction,1.0
g1_lafan,4728,4728,9600000,move-ego-low0.5-0-0,1,limits_torque_mean,4.889646530151367
g1_lafan,4728,4728,9600000,move-ego-low0.5-0-0,1,limits_torque_active_fraction,0.984000027179718
g1_lafan,4728,4728,9600000,move-ego-low0.5-0-0,1,penalty_undesired_contact_mean,0.968000054359436
g1_lafan,4728,4728,9600000,move-ego-low0.5-0-0,1,penalty_undesired_contact_active_fraction,0.968000054359436
g1_lafan,4728,4728,9600000,move-ego-low0.5-0-0,1,penalty_feet_ori_mean,0.03504440560936928
g1_lafan,4728,4728,9600000,move-ego-low0.5-0-0,1,penalty_feet_ori_active_fraction,0.036000002175569534
g1_lafan,4728,4728,9600000,move-ego-low0.5-0-0,1,penalty_ankle_roll_mean,0.1360613852739334
g1_lafan,4728,4728,9600000,move-ego-low0.5-0-0,1,penalty_ankle_roll_active_fraction,1.0
g1_lafan,4728,4728,9600000,move-ego-low0.5-0-0,1,penalty_slippage_mean,0.008551765233278275
g1_lafan,4728,4728,9600000,move-ego-low0.5-0-0,1,penalty_slippage_active_fraction,0.036000002175569534
g1_lafan,4728,4728,9600000,move-ego-low0.5-0-0,2,return,1.6830600500106812
g1_lafan,4728,4728,9600000,move-ego-low0.5-0-0,2,auxiliary_cost,3.1426920890808105
g1_lafan,4728,4728,9600000,move-ego-low0.5-0-0,2,safety_violation_rate,1.0
g1_lafan,4728,4728,9600000,move-ego-low0.5-0-0,2,termination_rate,0.0
g1_lafan,4728,4728,9600000,move-ego-low0.5-0-0,2,action_l2,3.418072462081909
g1_lafan,4728,4728,9600000,move-ego-low0.5-0-0,2,penalty_torques_mean,12641.6455078125
g1_lafan,4728,4728,9600000,move-ego-low0.5-0-0,2,penalty_torques_active_fraction,1.0
g1_lafan,4728,4728,9600000,move-ego-low0.5-0-0,2,penalty_action_rate_mean,5.518985748291016
g1_lafan,4728,4728,9600000,move-ego-low0.5-0-0,2,penalty_action_rate_active_fraction,1.0
g1_lafan,4728,4728,9600000,move-ego-low0.5-0-0,2,limits_dof_pos_mean,0.09733793884515762
g1_lafan,4728,4728,9600000,move-ego-low0.5-0-0,2,limits_dof_pos_active_fraction,1.0
g1_lafan,4728,4728,9600000,move-ego-low0.5-0-0,2,limits_torque_mean,5.337734699249268
g1_lafan,4728,4728,9600000,move-ego-low0.5-0-0,2,limits_torque_active_fraction,0.968000054359436
g1_lafan,4728,4728,9600000,move-ego-low0.5-0-0,2,penalty_undesired_contact_mean,0.36400002241134644
g1_lafan,4728,4728,9600000,move-ego-low0.5-0-0,2,penalty_undesired_contact_active_fraction,0.36400002241134644
g1_lafan,4728,4728,9600000,move-ego-low0.5-0-0,2,penalty_feet_ori_mean,0.24842533469200134
g1_lafan,4728,4728,9600000,move-ego-low0.5-0-0,2,penalty_feet_ori_active_fraction,0.6100000143051147
g1_lafan,4728,4728,9600000,move-ego-low0.5-0-0,2,penalty_ankle_roll_mean,0.13174836337566376
g1_lafan,4728,4728,9600000,move-ego-low0.5-0-0,2,penalty_ankle_roll_active_fraction,1.0
g1_lafan,4728,4728,9600000,move-ego-low0.5-0-0,2,penalty_slippage_mean,0.3135257065296173
g1_lafan,4728,4728,9600000,move-ego-low0.5-0-0,2,penalty_slippage_active_fraction,0.628000020980835
g1_lafan,4728,4728,9600000,move-ego-low0.5-0-0,3,return,4.13641881942749
g1_lafan,4728,4728,9600000,move-ego-low0.5-0-0,3,auxiliary_cost,2.335299491882324
g1_lafan,4728,4728,9600000,move-ego-low0.5-0-0,3,safety_violation_rate,1.0
g1_lafan,4728,4728,9600000,move-ego-low0.5-0-0,3,termination_rate,0.0
g1_lafan,4728,4728,9600000,move-ego-low0.5-0-0,3,action_l2,3.272571086883545
g1_lafan,4728,4728,9600000,move-ego-low0.5-0-0,3,penalty_torques_mean,14066.0263671875
g1_lafan,4728,4728,9600000,move-ego-low0.5-0-0,3,penalty_torques_active_fraction,1.0
g1_lafan,4728,4728,9600000,move-ego-low0.5-0-0,3,penalty_action_rate_mean,4.527446269989014
g1_lafan,4728,4728,9600000,move-ego-low0.5-0-0,3,penalty_action_rate_active_fraction,1.0
g1_lafan,4728,4728,9600000,move-ego-low0.5-0-0,3,limits_dof_pos_mean,0.05436570569872856
g1_lafan,4728,4728,9600000,move-ego-low0.5-0-0,3,limits_dof_pos_active_fraction,1.0
g1_lafan,4728,4728,9600000,move-ego-low0.5-0-0,3,limits_torque_mean,4.979892730712891
g1_lafan,4728,4728,9600000,move-ego-low0.5-0-0,3,limits_torque_active_fraction,0.9440000653266907
g1_lafan,4728,4728,9600000,move-ego-low0.5-0-0,3,penalty_undesired_contact_mean,0.05000000074505806
g1_lafan,4728,4728,9600000,move-ego-low0.5-0-0,3,penalty_undesired_contact_active_fraction,0.05000000074505806
g1_lafan,4728,4728,9600000,move-ego-low0.5-0-0,3,penalty_feet_ori_mean,0.38940951228141785
g1_lafan,4728,4728,9600000,move-ego-low0.5-0-0,3,penalty_feet_ori_active_fraction,0.9100000262260437
g1_lafan,4728,4728,9600000,move-ego-low0.5-0-0,3,penalty_ankle_roll_mean,0.13153347373008728
g1_lafan,4728,4728,9600000,move-ego-low0.5-0-0,3,penalty_ankle_roll_active_fraction,1.0
g1_lafan,4728,4728,9600000,move-ego-low0.5-0-0,3,penalty_slippage_mean,0.30349960923194885
g1_lafan,4728,4728,9600000,move-ego-low0.5-0-0,3,penalty_slippage_active_fraction,0.9120000600814819
g1_lafan,4728,4728,9600000,move-ego-low0.5-0-0,4,return,3.518676996231079
g1_lafan,4728,4728,9600000,move-ego-low0.5-0-0,4,auxiliary_cost,2.0548202991485596
g1_lafan,4728,4728,9600000,move-ego-low0.5-0-0,4,safety_violation_rate,1.0
g1_lafan,4728,4728,9600000,move-ego-low0.5-0-0,4,termination_rate,0.0
g1_lafan,4728,4728,9600000,move-ego-low0.5-0-0,4,action_l2,3.388643741607666
g1_lafan,4728,4728,9600000,move-ego-low0.5-0-0,4,penalty_torques_mean,12642.9140625
g1_lafan,4728,4728,9600000,move-ego-low0.5-0-0,4,penalty_torques_active_fraction,1.0
g1_lafan,4728,4728,9600000,move-ego-low0.5-0-0,4,penalty_action_rate_mean,3.938563585281372
g1_lafan,4728,4728,9600000,move-ego-low0.5-0-0,4,penalty_action_rate_active_fraction,1.0
g1_lafan,4728,4728,9600000,move-ego-low0.5-0-0,4,limits_dof_pos_mean,0.053331319242715836
g1_lafan,4728,4728,9600000,move-ego-low0.5-0-0,4,limits_dof_pos_active_fraction,1.0
g1_lafan,4728,4728,9600000,move-ego-low0.5-0-0,4,limits_torque_mean,4.919339179992676
g1_lafan,4728,4728,9600000,move-ego-low0.5-0-0,4,limits_torque_active_fraction,0.9920000433921814
g1_lafan,4728,4728,9600000,move-ego-low0.5-0-0,4,penalty_undesired_contact_mean,0.02800000086426735
g1_lafan,4728,4728,9600000,move-ego-low0.5-0-0,4,penalty_undesired_contact_active_fraction,0.02800000086426735
g1_lafan,4728,4728,9600000,move-ego-low0.5-0-0,4,penalty_feet_ori_mean,0.2805585563182831
g1_lafan,4728,4728,9600000,move-ego-low0.5-0-0,4,penalty_feet_ori_active_fraction,0.9240000247955322
g1_lafan,4728,4728,9600000,move-ego-low0.5-0-0,4,penalty_ankle_roll_mean,0.13384325802326202
g1_lafan,4728,4728,9600000,move-ego-low0.5-0-0,4,penalty_ankle_roll_active_fraction,1.0
g1_lafan,4728,4728,9600000,move-ego-low0.5-0-0,4,penalty_slippage_mean,0.22602757811546326
g1_lafan,4728,4728,9600000,move-ego-low0.5-0-0,4,penalty_slippage_active_fraction,0.9240000247955322
g1_lafan,4728,4728,9600000,move-ego-low0.5-0-0,5,return,5.873197555541992
g1_lafan,4728,4728,9600000,move-ego-low0.5-0-0,5,auxiliary_cost,2.215955972671509
g1_lafan,4728,4728,9600000,move-ego-low0.5-0-0,5,safety_violation_rate,0.9980000257492065
g1_lafan,4728,4728,9600000,move-ego-low0.5-0-0,5,termination_rate,0.0
g1_lafan,4728,4728,9600000,move-ego-low0.5-0-0,5,action_l2,3.315584897994995
g1_lafan,4728,4728,9600000,move-ego-low0.5-0-0,5,penalty_torques_mean,13040.591796875
g1_lafan,4728,4728,9600000,move-ego-low0.5-0-0,5,penalty_torques_active_fraction,1.0
g1_lafan,4728,4728,9600000,move-ego-low0.5-0-0,5,penalty_action_rate_mean,4.470450401306152
g1_lafan,4728,4728,9600000,move-ego-low0.5-0-0,5,penalty_action_rate_active_fraction,1.0
g1_lafan,4728,4728,9600000,move-ego-low0.5-0-0,5,limits_dof_pos_mean,0.0490473210811615
g1_lafan,4728,4728,9600000,move-ego-low0.5-0-0,5,limits_dof_pos_active_fraction,0.9960000514984131
g1_lafan,4728,4728,9600000,move-ego-low0.5-0-0,5,limits_torque_mean,4.966179370880127
g1_lafan,4728,4728,9600000,move-ego-low0.5-0-0,5,limits_torque_active_fraction,0.9780000448226929
g1_lafan,4728,4728,9600000,move-ego-low0.5-0-0,5,penalty_undesired_contact_mean,0.09400000423192978
g1_lafan,4728,4728,9600000,move-ego-low0.5-0-0,5,penalty_undesired_contact_active_fraction,0.09400000423192978
g1_lafan,4728,4728,9600000,move-ego-low0.5-0-0,5,penalty_feet_ori_mean,0.3617516756057739
g1_lafan,4728,4728,9600000,move-ego-low0.5-0-0,5,penalty_feet_ori_active_fraction,0.9040000438690186
g1_lafan,4728,4728,9600000,move-ego-low0.5-0-0,5,penalty_ankle_roll_mean,0.13068901002407074
g1_lafan,4728,4728,9600000,move-ego-low0.5-0-0,5,penalty_ankle_roll_active_fraction,1.0
g1_lafan,4728,4728,9600000,move-ego-low0.5-0-0,5,penalty_slippage_mean,0.25849008560180664
g1_lafan,4728,4728,9600000,move-ego-low0.5-0-0,5,penalty_slippage_active_fraction,0.9040000438690186
g1_lafan,4728,4728,9600000,move-ego-low0.5-0-0,6,return,0.01497115008533001
g1_lafan,4728,4728,9600000,move-ego-low0.5-0-0,6,auxiliary_cost,3.656209707260132
g1_lafan,4728,4728,9600000,move-ego-low0.5-0-0,6,safety_violation_rate,1.0
g1_lafan,4728,4728,9600000,move-ego-low0.5-0-0,6,termination_rate,0.0
g1_lafan,4728,4728,9600000,move-ego-low0.5-0-0,6,action_l2,3.3950424194335938
g1_lafan,4728,4728,9600000,move-ego-low0.5-0-0,6,penalty_torques_mean,6390.642578125
g1_lafan,4728,4728,9600000,move-ego-low0.5-0-0,6,penalty_torques_active_fraction,1.0
g1_lafan,4728,4728,9600000,move-ego-low0.5-0-0,6,penalty_action_rate_mean,0.7666631937026978
g1_lafan,4728,4728,9600000,move-ego-low0.5-0-0,6,penalty_action_rate_active_fraction,1.0
g1_lafan,4728,4728,9600000,move-ego-low0.5-0-0,6,limits_dof_pos_mean,0.20377014577388763
g1_lafan,4728,4728,9600000,move-ego-low0.5-0-0,6,limits_dof_pos_active_fraction,1.0
g1_lafan,4728,4728,9600000,move-ego-low0.5-0-0,6,limits_torque_mean,5.256746768951416
g1_lafan,4728,4728,9600000,move-ego-low0.5-0-0,6,limits_torque_active_fraction,0.9980000257492065
g1_lafan,4728,4728,9600000,move-ego-low0.5-0-0,6,penalty_undesired_contact_mean,0.9940000176429749
g1_lafan,4728,4728,9600000,move-ego-low0.5-0-0,6,penalty_undesired_contact_active_fraction,0.9940000176429749
g1_lafan,4728,4728,9600000,move-ego-low0.5-0-0,6,penalty_feet_ori_mean,0.0
g1_lafan,4728,4728,9600000,move-ego-low0.5-0-0,6,penalty_feet_ori_active_fraction,0.0
g1_lafan,4728,4728,9600000,move-ego-low0.5-0-0,6,penalty_ankle_roll_mean,0.13696032762527466
g1_lafan,4728,4728,9600000,move-ego-low0.5-0-0,6,penalty_ankle_roll_active_fraction,1.0
g1_lafan,4728,4728,9600000,move-ego-low0.5-0-0,6,penalty_slippage_mean,0.0
g1_lafan,4728,4728,9600000,move-ego-low0.5-0-0,6,penalty_slippage_active_fraction,0.0
g1_lafan,4728,4728,9600000,move-ego-low0.5-0-0,7,return,2.2530063858994254e-07
g1_lafan,4728,4728,9600000,move-ego-low0.5-0-0,7,auxiliary_cost,4.626782417297363
g1_lafan,4728,4728,9600000,move-ego-low0.5-0-0,7,safety_violation_rate,1.0
g1_lafan,4728,4728,9600000,move-ego-low0.5-0-0,7,termination_rate,0.0
g1_lafan,4728,4728,9600000,move-ego-low0.5-0-0,7,action_l2,3.7904677391052246
g1_lafan,4728,4728,9600000,move-ego-low0.5-0-0,7,penalty_torques_mean,10324.5634765625
g1_lafan,4728,4728,9600000,move-ego-low0.5-0-0,7,penalty_torques_active_fraction,1.0
g1_lafan,4728,4728,9600000,move-ego-low0.5-0-0,7,penalty_action_rate_mean,1.478116512298584
g1_lafan,4728,4728,9600000,move-ego-low0.5-0-0,7,penalty_action_rate_active_fraction,1.0
g1_lafan,4728,4728,9600000,move-ego-low0.5-0-0,7,limits_dof_pos_mean,0.24971558153629303
g1_lafan,4728,4728,9600000,move-ego-low0.5-0-0,7,limits_dof_pos_active_fraction,1.0
g1_lafan,4728,4728,9600000,move-ego-low0.5-0-0,7,limits_torque_mean,4.936240196228027
g1_lafan,4728,4728,9600000,move-ego-low0.5-0-0,7,limits_torque_active_fraction,1.0
g1_lafan,4728,4728,9600000,move-ego-low0.5-0-0,7,penalty_undesired_contact_mean,0.9960000514984131
g1_lafan,4728,4728,9600000,move-ego-low0.5-0-0,7,penalty_undesired_contact_active_fraction,0.9960000514984131
g1_lafan,4728,4728,9600000,move-ego-low0.5-0-0,7,penalty_feet_ori_mean,0.5683708190917969
g1_lafan,4728,4728,9600000,move-ego-low0.5-0-0,7,penalty_feet_ori_active_fraction,0.5860000252723694
g1_lafan,4728,4728,9600000,move-ego-low0.5-0-0,7,penalty_ankle_roll_mean,0.13680876791477203
g1_lafan,4728,4728,9600000,move-ego-low0.5-0-0,7,penalty_ankle_roll_active_fraction,1.0
g1_lafan,4728,4728,9600000,move-ego-low0.5-0-0,7,penalty_slippage_mean,0.10561688244342804
g1_lafan,4728,4728,9600000,move-ego-low0.5-0-0,7,penalty_slippage_active_fraction,0.5920000076293945
g1_lafan,4728,4728,9600000,move-ego-low0.5-0-0,8,return,2.8516616821289062
g1_lafan,4728,4728,9600000,move-ego-low0.5-0-0,8,auxiliary_cost,2.350994825363159
g1_lafan,4728,4728,9600000,move-ego-low0.5-0-0,8,safety_violation_rate,0.9960000514984131
g1_lafan,4728,4728,9600000,move-ego-low0.5-0-0,8,termination_rate,0.0
g1_lafan,4728,4728,9600000,move-ego-low0.5-0-0,8,action_l2,3.396764039993286
g1_lafan,4728,4728,9600000,move-ego-low0.5-0-0,8,penalty_torques_mean,13343.896484375
g1_lafan,4728,4728,9600000,move-ego-low0.5-0-0,8,penalty_torques_active_fraction,1.0
g1_lafan,4728,4728,9600000,move-ego-low0.5-0-0,8,penalty_action_rate_mean,4.708653926849365
g1_lafan,4728,4728,9600000,move-ego-low0.5-0-0,8,penalty_action_rate_active_fraction,1.0
g1_lafan,4728,4728,9600000,move-ego-low0.5-0-0,8,limits_dof_pos_mean,0.05362149700522423
g1_lafan,4728,4728,9600000,move-ego-low0.5-0-0,8,limits_dof_pos_active_fraction,0.9960000514984131
g1_lafan,4728,4728,9600000,move-ego-low0.5-0-0,8,limits_torque_mean,5.283828258514404
g1_lafan,4728,4728,9600000,move-ego-low0.5-0-0,8,limits_torque_active_fraction,0.9920000433921814
g1_lafan,4728,4728,9600000,move-ego-low0.5-0-0,8,penalty_undesired_contact_mean,0.12200000882148743
g1_lafan,4728,4728,9600000,move-ego-low0.5-0-0,8,penalty_undesired_contact_active_fraction,0.12200000882148743
g1_lafan,4728,4728,9600000,move-ego-low0.5-0-0,8,penalty_feet_ori_mean,0.37355703115463257
g1_lafan,4728,4728,9600000,move-ego-low0.5-0-0,8,penalty_feet_ori_active_fraction,0.8720000386238098
g1_lafan,4728,4728,9600000,move-ego-low0.5-0-0,8,penalty_ankle_roll_mean,0.13371093571186066
g1_lafan,4728,4728,9600000,move-ego-low0.5-0-0,8,penalty_ankle_roll_active_fraction,1.0
g1_lafan,4728,4728,9600000,move-ego-low0.5-0-0,8,penalty_slippage_mean,0.2688239514827728
g1_lafan,4728,4728,9600000,move-ego-low0.5-0-0,8,penalty_slippage_active_fraction,0.8720000386238098
g1_lafan,4728,4728,9600000,move-ego-low0.5-0-0,9,return,0.010481295175850391
g1_lafan,4728,4728,9600000,move-ego-low0.5-0-0,9,auxiliary_cost,3.3120954036712646
g1_lafan,4728,4728,9600000,move-ego-low0.5-0-0,9,safety_violation_rate,1.0
g1_lafan,4728,4728,9600000,move-ego-low0.5-0-0,9,termination_rate,0.0
g1_lafan,4728,4728,9600000,move-ego-low0.5-0-0,9,action_l2,3.3228328227996826
g1_lafan,4728,4728,9600000,move-ego-low0.5-0-0,9,penalty_torques_mean,6215.02197265625
g1_lafan,4728,4728,9600000,move-ego-low0.5-0-0,9,penalty_torques_active_fraction,1.0
g1_lafan,4728,4728,9600000,move-ego-low0.5-0-0,9,penalty_action_rate_mean,0.7736109495162964
g1_lafan,4728,4728,9600000,move-ego-low0.5-0-0,9,penalty_action_rate_active_fraction,1.0
g1_lafan,4728,4728,9600000,move-ego-low0.5-0-0,9,limits_dof_pos_mean,0.0957106426358223
g1_lafan,4728,4728,9600000,move-ego-low0.5-0-0,9,limits_dof_pos_active_fraction,1.0
g1_lafan,4728,4728,9600000,move-ego-low0.5-0-0,9,limits_torque_mean,5.002000331878662
g1_lafan,4728,4728,9600000,move-ego-low0.5-0-0,9,limits_torque_active_fraction,1.0
g1_lafan,4728,4728,9600000,move-ego-low0.5-0-0,9,penalty_undesired_contact_mean,0.9580000638961792
g1_lafan,4728,4728,9600000,move-ego-low0.5-0-0,9,penalty_undesired_contact_active_fraction,0.9580000638961792
g1_lafan,4728,4728,9600000,move-ego-low0.5-0-0,9,penalty_feet_ori_mean,1.6474273204803467
g1_lafan,4728,4728,9600000,move-ego-low0.5-0-0,9,penalty_feet_ori_active_fraction,0.9800000190734863
g1_lafan,4728,4728,9600000,move-ego-low0.5-0-0,9,penalty_ankle_roll_mean,0.13701197504997253
g1_lafan,4728,4728,9600000,move-ego-low0.5-0-0,9,penalty_ankle_roll_active_fraction,1.0
g1_lafan,4728,4728,9600000,move-ego-low0.5-0-0,9,penalty_slippage_mean,0.05630452185869217
g1_lafan,4728,4728,9600000,move-ego-low0.5-0-0,9,penalty_slippage_active_fraction,0.9800000190734863
g1_lafan,4728,4728,9600000,move-ego-0-0.7,0,return,39.35737609863281
g1_lafan,4728,4728,9600000,move-ego-0-0.7,0,auxiliary_cost,2.217371702194214
g1_lafan,4728,4728,9600000,move-ego-0-0.7,0,safety_violation_rate,1.0
g1_lafan,4728,4728,9600000,move-ego-0-0.7,0,termination_rate,0.0
g1_lafan,4728,4728,9600000,move-ego-0-0.7,0,action_l2,2.373163938522339
g1_lafan,4728,4728,9600000,move-ego-0-0.7,0,penalty_torques_mean,6857.2958984375
g1_lafan,4728,4728,9600000,move-ego-0-0.7,0,penalty_torques_active_fraction,1.0
g1_lafan,4728,4728,9600000,move-ego-0-0.7,0,penalty_action_rate_mean,1.717590093612671
g1_lafan,4728,4728,9600000,move-ego-0-0.7,0,penalty_action_rate_active_fraction,1.0
g1_lafan,4728,4728,9600000,move-ego-0-0.7,0,limits_dof_pos_mean,0.024532143026590347
g1_lafan,4728,4728,9600000,move-ego-0-0.7,0,limits_dof_pos_active_fraction,1.0
g1_lafan,4728,4728,9600000,move-ego-0-0.7,0,limits_torque_mean,4.067298889160156
g1_lafan,4728,4728,9600000,move-ego-0-0.7,0,limits_torque_active_fraction,0.984000027179718
g1_lafan,4728,4728,9600000,move-ego-0-0.7,0,penalty_undesired_contact_mean,0.5100000500679016
g1_lafan,4728,4728,9600000,move-ego-0-0.7,0,penalty_undesired_contact_active_fraction,0.5100000500679016
g1_lafan,4728,4728,9600000,move-ego-0-0.7,0,penalty_feet_ori_mean,0.4003705382347107
g1_lafan,4728,4728,9600000,move-ego-0-0.7,0,penalty_feet_ori_active_fraction,1.0
g1_lafan,4728,4728,9600000,move-ego-0-0.7,0,penalty_ankle_roll_mean,0.13409122824668884
g1_lafan,4728,4728,9600000,move-ego-0-0.7,0,penalty_ankle_roll_active_fraction,1.0
g1_lafan,4728,4728,9600000,move-ego-0-0.7,0,penalty_slippage_mean,0.29688870906829834
g1_lafan,4728,4728,9600000,move-ego-0-0.7,0,penalty_slippage_active_fraction,1.0
g1_lafan,4728,4728,9600000,move-ego-0-0.7,1,return,37.27774429321289
g1_lafan,4728,4728,9600000,move-ego-0-0.7,1,auxiliary_cost,2.2496843338012695
g1_lafan,4728,4728,9600000,move-ego-0-0.7,1,safety_violation_rate,0.9980000257492065
g1_lafan,4728,4728,9600000,move-ego-0-0.7,1,termination_rate,0.0
g1_lafan,4728,4728,9600000,move-ego-0-0.7,1,action_l2,2.4572763442993164
g1_lafan,4728,4728,9600000,move-ego-0-0.7,1,penalty_torques_mean,7792.4140625
g1_lafan,4728,4728,9600000,move-ego-0-0.7,1,penalty_torques_active_fraction,1.0
g1_lafan,4728,4728,9600000,move-ego-0-0.7,1,penalty_action_rate_mean,2.8328819274902344
g1_lafan,4728,4728,9600000,move-ego-0-0.7,1,penalty_action_rate_active_fraction,1.0
g1_lafan,4728,4728,9600000,move-ego-0-0.7,1,limits_dof_pos_mean,0.028010664507746696
g1_lafan,4728,4728,9600000,move-ego-0-0.7,1,limits_dof_pos_active_fraction,0.9980000257492065
g1_lafan,4728,4728,9600000,move-ego-0-0.7,1,limits_torque_mean,4.274882793426514
g1_lafan,4728,4728,9600000,move-ego-0-0.7,1,limits_torque_active_fraction,0.9940000176429749
g1_lafan,4728,4728,9600000,move-ego-0-0.7,1,penalty_undesired_contact_mean,0.45000001788139343
g1_lafan,4728,4728,9600000,move-ego-0-0.7,1,penalty_undesired_contact_active_fraction,0.45000001788139343
g1_lafan,4728,4728,9600000,move-ego-0-0.7,1,penalty_feet_ori_mean,0.3863513171672821
g1_lafan,4728,4728,9600000,move-ego-0-0.7,1,penalty_feet_ori_active_fraction,0.9800000190734863
g1_lafan,4728,4728,9600000,move-ego-0-0.7,1,penalty_ankle_roll_mean,0.13424965739250183
g1_lafan,4728,4728,9600000,move-ego-0-0.7,1,penalty_ankle_roll_active_fraction,1.0
g1_lafan,4728,4728,9600000,move-ego-0-0.7,1,penalty_slippage_mean,0.27237552404403687
g1_lafan,4728,4728,9600000,move-ego-0-0.7,1,penalty_slippage_active_fraction,0.9800000190734863
g1_lafan,4728,4728,9600000,move-ego-0-0.7,2,return,394.52703857421875
g1_lafan,4728,4728,9600000,move-ego-0-0.7,2,auxiliary_cost,2.230379819869995
g1_lafan,4728,4728,9600000,move-ego-0-0.7,2,safety_violation_rate,1.0
g1_lafan,4728,4728,9600000,move-ego-0-0.7,2,termination_rate,0.0
g1_lafan,4728,4728,9600000,move-ego-0-0.7,2,action_l2,2.3935136795043945
g1_lafan,4728,4728,9600000,move-ego-0-0.7,2,penalty_torques_mean,7093.59521484375
g1_lafan,4728,4728,9600000,move-ego-0-0.7,2,penalty_torques_active_fraction,1.0
g1_lafan,4728,4728,9600000,move-ego-0-0.7,2,penalty_action_rate_mean,1.665289282798767
g1_lafan,4728,4728,9600000,move-ego-0-0.7,2,penalty_action_rate_active_fraction,1.0
g1_lafan,4728,4728,9600000,move-ego-0-0.7,2,limits_dof_pos_mean,0.02504299022257328
g1_lafan,4728,4728,9600000,move-ego-0-0.7,2,limits_dof_pos_active_fraction,1.0
g1_lafan,4728,4728,9600000,move-ego-0-0.7,2,limits_torque_mean,4.345199108123779
g1_lafan,4728,4728,9600000,move-ego-0-0.7,2,limits_torque_active_fraction,0.9960000514984131
g1_lafan,4728,4728,9600000,move-ego-0-0.7,2,penalty_undesired_contact_mean,0.48600003123283386
g1_lafan,4728,4728,9600000,move-ego-0-0.7,2,penalty_undesired_contact_active_fraction,0.48600003123283386
g1_lafan,4728,4728,9600000,move-ego-0-0.7,2,penalty_feet_ori_mean,0.4196082353591919
g1_lafan,4728,4728,9600000,move-ego-0-0.7,2,penalty_feet_ori_active_fraction,1.0
g1_lafan,4728,4728,9600000,move-ego-0-0.7,2,penalty_ankle_roll_mean,0.1353531926870346
g1_lafan,4728,4728,9600000,move-ego-0-0.7,2,penalty_ankle_roll_active_fraction,1.0
g1_lafan,4728,4728,9600000,move-ego-0-0.7,2,penalty_slippage_mean,0.3090824782848358
g1_lafan,4728,4728,9600000,move-ego-0-0.7,2,penalty_slippage_active_fraction,1.0
g1_lafan,4728,4728,9600000,move-ego-0-0.7,3,return,332.7886657714844
g1_lafan,4728,4728,9600000,move-ego-0-0.7,3,auxiliary_cost,2.6347391605377197
g1_lafan,4728,4728,9600000,move-ego-0-0.7,3,safety_violation_rate,1.0
g1_lafan,4728,4728,9600000,move-ego-0-0.7,3,termination_rate,0.0
g1_lafan,4728,4728,9600000,move-ego-0-0.7,3,action_l2,2.4662365913391113
g1_lafan,4728,4728,9600000,move-ego-0-0.7,3,penalty_torques_mean,8176.98974609375
g1_lafan,4728,4728,9600000,move-ego-0-0.7,3,penalty_torques_active_fraction,1.0
g1_lafan,4728,4728,9600000,move-ego-0-0.7,3,penalty_action_rate_mean,3.805508613586426
g1_lafan,4728,4728,9600000,move-ego-0-0.7,3,penalty_action_rate_active_fraction,1.0
g1_lafan,4728,4728,9600000,move-ego-0-0.7,3,limits_dof_pos_mean,0.025365816429257393
g1_lafan,4728,4728,9600000,move-ego-0-0.7,3,limits_dof_pos_active_fraction,1.0
g1_lafan,4728,4728,9600000,move-ego-0-0.7,3,limits_torque_mean,4.200907230377197
g1_lafan,4728,4728,9600000,move-ego-0-0.7,3,limits_torque_active_fraction,1.0
g1_lafan,4728,4728,9600000,move-ego-0-0.7,3,penalty_undesired_contact_mean,0.492000013589859
g1_lafan,4728,4728,9600000,move-ego-0-0.7,3,penalty_undesired_contact_active_fraction,0.492000013589859
g1_lafan,4728,4728,9600000,move-ego-0-0.7,3,penalty_feet_ori_mean,0.4273208677768707
g1_lafan,4728,4728,9600000,move-ego-0-0.7,3,penalty_feet_ori_active_fraction,0.9820000529289246
g1_lafan,4728,4728,9600000,move-ego-0-0.7,3,penalty_ankle_roll_mean,0.12744107842445374
g1_lafan,4728,4728,9600000,move-ego-0-0.7,3,penalty_ankle_roll_active_fraction,1.0
g1_lafan,4728,4728,9600000,move-ego-0-0.7,3,penalty_slippage_mean,0.4139190912246704
g1_lafan,4728,4728,9600000,move-ego-0-0.7,3,penalty_slippage_active_fraction,0.9820000529289246
g1_lafan,4728,4728,9600000,move-ego-0-0.7,4,return,0.0
g1_lafan,4728,4728,9600000,move-ego-0-0.7,4,auxiliary_cost,2.1702072620391846
g1_lafan,4728,4728,9600000,move-ego-0-0.7,4,safety_violation_rate,0.9980000257492065
g1_lafan,4728,4728,9600000,move-ego-0-0.7,4,termination_rate,0.0
g1_lafan,4728,4728,9600000,move-ego-0-0.7,4,action_l2,2.3777544498443604
g1_lafan,4728,4728,9600000,move-ego-0-0.7,4,penalty_torques_mean,6956.81201171875
g1_lafan,4728,4728,9600000,move-ego-0-0.7,4,penalty_torques_active_fraction,1.0
g1_lafan,4728,4728,9600000,move-ego-0-0.7,4,penalty_action_rate_mean,2.1505720615386963
g1_lafan,4728,4728,9600000,move-ego-0-0.7,4,penalty_action_rate_active_fraction,1.0
g1_lafan,4728,4728,9600000,move-ego-0-0.7,4,limits_dof_pos_mean,0.02457692287862301
g1_lafan,4728,4728,9600000,move-ego-0-0.7,4,limits_dof_pos_active_fraction,0.9980000257492065
g1_lafan,4728,4728,9600000,move-ego-0-0.7,4,limits_torque_mean,4.005712985992432
g1_lafan,4728,4728,9600000,move-ego-0-0.7,4,limits_torque_active_fraction,0.9880000352859497
g1_lafan,4728,4728,9600000,move-ego-0-0.7,4,penalty_undesired_contact_mean,0.41600000858306885
g1_lafan,4728,4728,9600000,move-ego-0-0.7,4,penalty_undesired_contact_active_fraction,0.41600000858306885
g1_lafan,4728,4728,9600000,move-ego-0-0.7,4,penalty_feet_ori_mean,0.4267565906047821
g1_lafan,4728,4728,9600000,move-ego-0-0.7,4,penalty_feet_ori_active_fraction,0.9980000257492065
g1_lafan,4728,4728,9600000,move-ego-0-0.7,4,penalty_ankle_roll_mean,0.13449443876743317
g1_lafan,4728,4728,9600000,move-ego-0-0.7,4,penalty_ankle_roll_active_fraction,1.0
g1_lafan,4728,4728,9600000,move-ego-0-0.7,4,penalty_slippage_mean,0.29235023260116577
g1_lafan,4728,4728,9600000,move-ego-0-0.7,4,penalty_slippage_active_fraction,0.9980000257492065
g1_lafan,4728,4728,9600000,move-ego-0-0.7,5,return,77.5565414428711
g1_lafan,4728,4728,9600000,move-ego-0-0.7,5,auxiliary_cost,2.4855709075927734
g1_lafan,4728,4728,9600000,move-ego-0-0.7,5,safety_violation_rate,1.0
g1_lafan,4728,4728,9600000,move-ego-0-0.7,5,termination_rate,0.0
g1_lafan,4728,4728,9600000,move-ego-0-0.7,5,action_l2,2.404512643814087
g1_lafan,4728,4728,9600000,move-ego-0-0.7,5,penalty_torques_mean,7460.45947265625
g1_lafan,4728,4728,9600000,move-ego-0-0.7,5,penalty_torques_active_fraction,1.0
g1_lafan,4728,4728,9600000,move-ego-0-0.7,5,penalty_action_rate_mean,2.2230067253112793
g1_lafan,4728,4728,9600000,move-ego-0-0.7,5,penalty_action_rate_active_fraction,1.0
g1_lafan,4728,4728,9600000,move-ego-0-0.7,5,limits_dof_pos_mean,0.02490566112101078
g1_lafan,4728,4728,9600000,move-ego-0-0.7,5,limits_dof_pos_active_fraction,1.0
g1_lafan,4728,4728,9600000,move-ego-0-0.7,5,limits_torque_mean,4.492400646209717
g1_lafan,4728,4728,9600000,move-ego-0-0.7,5,limits_torque_active_fraction,0.9900000691413879
g1_lafan,4728,4728,9600000,move-ego-0-0.7,5,penalty_undesired_contact_mean,0.5600000023841858
g1_lafan,4728,4728,9600000,move-ego-0-0.7,5,penalty_undesired_contact_active_fraction,0.5600000023841858
g1_lafan,4728,4728,9600000,move-ego-0-0.7,5,penalty_feet_ori_mean,0.4566214084625244
g1_lafan,4728,4728,9600000,move-ego-0-0.7,5,penalty_feet_ori_active_fraction,1.0
g1_lafan,4728,4728,9600000,move-ego-0-0.7,5,penalty_ankle_roll_mean,0.13493089377880096
g1_lafan,4728,4728,9600000,move-ego-0-0.7,5,penalty_ankle_roll_active_fraction,1.0
g1_lafan,4728,4728,9600000,move-ego-0-0.7,5,penalty_slippage_mean,0.3659210503101349
g1_lafan,4728,4728,9600000,move-ego-0-0.7,5,penalty_slippage_active_fraction,1.0
g1_lafan,4728,4728,9600000,move-ego-0-0.7,6,return,331.89508056640625
g1_lafan,4728,4728,9600000,move-ego-0-0.7,6,auxiliary_cost,2.306216239929199
g1_lafan,4728,4728,9600000,move-ego-0-0.7,6,safety_violation_rate,0.9980000257492065
g1_lafan,4728,4728,9600000,move-ego-0-0.7,6,termination_rate,0.0
g1_lafan,4728,4728,9600000,move-ego-0-0.7,6,action_l2,2.3804163932800293
g1_lafan,4728,4728,9600000,move-ego-0-0.7,6,penalty_torques_mean,6951.1484375
g1_lafan,4728,4728,9600000,move-ego-0-0.7,6,penalty_torques_active_fraction,1.0
g1_lafan,4728,4728,9600000,move-ego-0-0.7,6,penalty_action_rate_mean,1.6072274446487427
g1_lafan,4728,4728,9600000,move-ego-0-0.7,6,penalty_action_rate_active_fraction,1.0
g1_lafan,4728,4728,9600000,move-ego-0-0.7,6,limits_dof_pos_mean,0.024272561073303223
g1_lafan,4728,4728,9600000,move-ego-0-0.7,6,limits_dof_pos_active_fraction,0.9980000257492065
g1_lafan,4728,4728,9600000,move-ego-0-0.7,6,limits_torque_mean,4.135829448699951
g1_lafan,4728,4728,9600000,move-ego-0-0.7,6,limits_torque_active_fraction,0.9920000433921814
g1_lafan,4728,4728,9600000,move-ego-0-0.7,6,penalty_undesired_contact_mean,0.5
g1_lafan,4728,4728,9600000,move-ego-0-0.7,6,penalty_undesired_contact_active_fraction,0.5
g1_lafan,4728,4728,9600000,move-ego-0-0.7,6,penalty_feet_ori_mean,0.44821587204933167
g1_lafan,4728,4728,9600000,move-ego-0-0.7,6,penalty_feet_ori_active_fraction,1.0
g1_lafan,4728,4728,9600000,move-ego-0-0.7,6,penalty_ankle_roll_mean,0.13291797041893005
g1_lafan,4728,4728,9600000,move-ego-0-0.7,6,penalty_ankle_roll_active_fraction,1.0
g1_lafan,4728,4728,9600000,move-ego-0-0.7,6,penalty_slippage_mean,0.34590503573417664
g1_lafan,4728,4728,9600000,move-ego-0-0.7,6,penalty_slippage_active_fraction,1.0
g1_lafan,4728,4728,9600000,move-ego-0-0.7,7,return,3.1419155597686768
g1_lafan,4728,4728,9600000,move-ego-0-0.7,7,auxiliary_cost,2.580383539199829
g1_lafan,4728,4728,9600000,move-ego-0-0.7,7,safety_violation_rate,0.9980000257492065
g1_lafan,4728,4728,9600000,move-ego-0-0.7,7,termination_rate,0.0
g1_lafan,4728,4728,9600000,move-ego-0-0.7,7,action_l2,2.4655792713165283
g1_lafan,4728,4728,9600000,move-ego-0-0.7,7,penalty_torques_mean,8275.3544921875
g1_lafan,4728,4728,9600000,move-ego-0-0.7,7,penalty_torques_active_fraction,1.0
g1_lafan,4728,4728,9600000,move-ego-0-0.7,7,penalty_action_rate_mean,2.94710373878479
g1_lafan,4728,4728,9600000,move-ego-0-0.7,7,penalty_action_rate_active_fraction,1.0
g1_lafan,4728,4728,9600000,move-ego-0-0.7,7,limits_dof_pos_mean,0.02925064042210579
g1_lafan,4728,4728,9600000,move-ego-0-0.7,7,limits_dof_pos_active_fraction,0.9980000257492065
g1_lafan,4728,4728,9600000,move-ego-0-0.7,7,limits_torque_mean,4.644304275512695
g1_lafan,4728,4728,9600000,move-ego-0-0.7,7,limits_torque_active_fraction,0.9980000257492065
g1_lafan,4728,4728,9600000,move-ego-0-0.7,7,penalty_undesired_contact_mean,0.534000039100647
g1_lafan,4728,4728,9600000,move-ego-0-0.7,7,penalty_undesired_contact_active_fraction,0.534000039100647
g1_lafan,4728,4728,9600000,move-ego-0-0.7,7,penalty_feet_ori_mean,0.41856253147125244
g1_lafan,4728,4728,9600000,move-ego-0-0.7,7,penalty_feet_ori_active_fraction,0.9280000329017639
g1_lafan,4728,4728,9600000,move-ego-0-0.7,7,penalty_ankle_roll_mean,0.13656306266784668
g1_lafan,4728,4728,9600000,move-ego-0-0.7,7,penalty_ankle_roll_active_fraction,1.0
g1_lafan,4728,4728,9600000,move-ego-0-0.7,7,penalty_slippage_mean,0.3727456033229828
g1_lafan,4728,4728,9600000,move-ego-0-0.7,7,penalty_slippage_active_fraction,0.9280000329017639
g1_lafan,4728,4728,9600000,move-ego-0-0.7,8,return,436.111572265625
g1_lafan,4728,4728,9600000,move-ego-0-0.7,8,auxiliary_cost,2.2124481201171875
g1_lafan,4728,4728,9600000,move-ego-0-0.7,8,safety_violation_rate,0.9960000514984131
g1_lafan,4728,4728,9600000,move-ego-0-0.7,8,termination_rate,0.0
g1_lafan,4728,4728,9600000,move-ego-0-0.7,8,action_l2,2.383491039276123
g1_lafan,4728,4728,9600000,move-ego-0-0.7,8,penalty_torques_mean,6849.71435546875
g1_lafan,4728,4728,9600000,move-ego-0-0.7,8,penalty_torques_active_fraction,1.0
g1_lafan,4728,4728,9600000,move-ego-0-0.7,8,penalty_action_rate_mean,2.0383048057556152
g1_lafan,4728,4728,9600000,move-ego-0-0.7,8,penalty_action_rate_active_fraction,1.0
g1_lafan,4728,4728,9600000,move-ego-0-0.7,8,limits_dof_pos_mean,0.02366560325026512
g1_lafan,4728,4728,9600000,move-ego-0-0.7,8,limits_dof_pos_active_fraction,0.9960000514984131
g1_lafan,4728,4728,9600000,move-ego-0-0.7,8,limits_torque_mean,3.9994256496429443
g1_lafan,4728,4728,9600000,move-ego-0-0.7,8,limits_torque_active_fraction,0.9860000610351562
g1_lafan,4728,4728,9600000,move-ego-0-0.7,8,penalty_undesired_contact_mean,0.49400001764297485
g1_lafan,4728,4728,9600000,move-ego-0-0.7,8,penalty_undesired_contact_active_fraction,0.49400001764297485
g1_lafan,4728,4728,9600000,move-ego-0-0.7,8,penalty_feet_ori_mean,0.41398510336875916
g1_lafan,4728,4728,9600000,move-ego-0-0.7,8,penalty_feet_ori_active_fraction,0.9980000257492065
g1_lafan,4728,4728,9600000,move-ego-0-0.7,8,penalty_ankle_roll_mean,0.13067695498466492
g1_lafan,4728,4728,9600000,move-ego-0-0.7,8,penalty_ankle_roll_active_fraction,1.0
g1_lafan,4728,4728,9600000,move-ego-0-0.7,8,penalty_slippage_mean,0.2948299050331116
g1_lafan,4728,4728,9600000,move-ego-0-0.7,8,penalty_slippage_active_fraction,0.9980000257492065
g1_lafan,4728,4728,9600000,move-ego-0-0.7,9,return,237.23037719726562
g1_lafan,4728,4728,9600000,move-ego-0-0.7,9,auxiliary_cost,2.163818359375
g1_lafan,4728,4728,9600000,move-ego-0-0.7,9,safety_violation_rate,0.9920000433921814
g1_lafan,4728,4728,9600000,move-ego-0-0.7,9,termination_rate,0.0
g1_lafan,4728,4728,9600000,move-ego-0-0.7,9,action_l2,2.348963975906372
g1_lafan,4728,4728,9600000,move-ego-0-0.7,9,penalty_torques_mean,6483.728515625
g1_lafan,4728,4728,9600000,move-ego-0-0.7,9,penalty_torques_active_fraction,1.0
g1_lafan,4728,4728,9600000,move-ego-0-0.7,9,penalty_action_rate_mean,1.909712314605713
g1_lafan,4728,4728,9600000,move-ego-0-0.7,9,penalty_action_rate_active_fraction,1.0
g1_lafan,4728,4728,9600000,move-ego-0-0.7,9,limits_dof_pos_mean,0.022437820211052895
g1_lafan,4728,4728,9600000,move-ego-0-0.7,9,limits_dof_pos_active_fraction,0.9920000433921814
g1_lafan,4728,4728,9600000,move-ego-0-0.7,9,limits_torque_mean,3.731034278869629
g1_lafan,4728,4728,9600000,move-ego-0-0.7,9,limits_torque_active_fraction,0.9720000624656677
g1_lafan,4728,4728,9600000,move-ego-0-0.7,9,penalty_undesired_contact_mean,0.4880000352859497
g1_lafan,4728,4728,9600000,move-ego-0-0.7,9,penalty_undesired_contact_active_fraction,0.4880000352859497
g1_lafan,4728,4728,9600000,move-ego-0-0.7,9,penalty_feet_ori_mean,0.38162317872047424
g1_lafan,4728,4728,9600000,move-ego-0-0.7,9,penalty_feet_ori_active_fraction,0.9980000257492065
g1_lafan,4728,4728,9600000,move-ego-0-0.7,9,penalty_ankle_roll_mean,0.12563830614089966
g1_lafan,4728,4728,9600000,move-ego-0-0.7,9,penalty_ankle_roll_active_fraction,1.0
g1_lafan,4728,4728,9600000,move-ego-0-0.7,9,penalty_slippage_mean,0.3026331663131714
g1_lafan,4728,4728,9600000,move-ego-0-0.7,9,penalty_slippage_active_fraction,0.9980000257492065
g1_lafan,4728,4728,9600000,move-ego-0-0.3,0,return,50.64816665649414
g1_lafan,4728,4728,9600000,move-ego-0-0.3,0,auxiliary_cost,1.493132472038269
g1_lafan,4728,4728,9600000,move-ego-0-0.3,0,safety_violation_rate,1.0
g1_lafan,4728,4728,9600000,move-ego-0-0.3,0,termination_rate,0.0
g1_lafan,4728,4728,9600000,move-ego-0-0.3,0,action_l2,2.2202086448669434
g1_lafan,4728,4728,9600000,move-ego-0-0.3,0,penalty_torques_mean,6670.35302734375
g1_lafan,4728,4728,9600000,move-ego-0-0.3,0,penalty_torques_active_fraction,1.0
g1_lafan,4728,4728,9600000,move-ego-0-0.3,0,penalty_action_rate_mean,2.3600106239318848
g1_lafan,4728,4728,9600000,move-ego-0-0.3,0,penalty_action_rate_active_fraction,1.0
g1_lafan,4728,4728,9600000,move-ego-0-0.3,0,limits_dof_pos_mean,0.027501916512846947
g1_lafan,4728,4728,9600000,move-ego-0-0.3,0,limits_dof_pos_active_fraction,1.0
g1_lafan,4728,4728,9600000,move-ego-0-0.3,0,limits_torque_mean,4.592787742614746
g1_lafan,4728,4728,9600000,move-ego-0-0.3,0,limits_torque_active_fraction,0.9980000257492065
g1_lafan,4728,4728,9600000,move-ego-0-0.3,0,penalty_undesired_contact_mean,0.03800000250339508
g1_lafan,4728,4728,9600000,move-ego-0-0.3,0,penalty_undesired_contact_active_fraction,0.03800000250339508
g1_lafan,4728,4728,9600000,move-ego-0-0.3,0,penalty_feet_ori_mean,0.40610119700431824
g1_lafan,4728,4728,9600000,move-ego-0-0.3,0,penalty_feet_ori_active_fraction,0.9720000624656677
g1_lafan,4728,4728,9600000,move-ego-0-0.3,0,penalty_ankle_roll_mean,0.13537295162677765
g1_lafan,4728,4728,9600000,move-ego-0-0.3,0,penalty_ankle_roll_active_fraction,1.0
g1_lafan,4728,4728,9600000,move-ego-0-0.3,0,penalty_slippage_mean,0.1200900748372078
g1_lafan,4728,4728,9600000,move-ego-0-0.3,0,penalty_slippage_active_fraction,0.9720000624656677
g1_lafan,4728,4728,9600000,move-ego-0-0.3,1,return,0.0
g1_lafan,4728,4728,9600000,move-ego-0-0.3,1,auxiliary_cost,1.4129307270050049
g1_lafan,4728,4728,9600000,move-ego-0-0.3,1,safety_violation_rate,0.9980000257492065
g1_lafan,4728,4728,9600000,move-ego-0-0.3,1,termination_rate,0.0
g1_lafan,4728,4728,9600000,move-ego-0-0.3,1,action_l2,2.2066376209259033
g1_lafan,4728,4728,9600000,move-ego-0-0.3,1,penalty_torques_mean,6793.8974609375
g1_lafan,4728,4728,9600000,move-ego-0-0.3,1,penalty_torques_active_fraction,1.0
g1_lafan,4728,4728,9600000,move-ego-0-0.3,1,penalty_action_rate_mean,2.2824044227600098
g1_lafan,4728,4728,9600000,move-ego-0-0.3,1,penalty_action_rate_active_fraction,1.0
g1_lafan,4728,4728,9600000,move-ego-0-0.3,1,limits_dof_pos_mean,0.02490735612809658
g1_lafan,4728,4728,9600000,move-ego-0-0.3,1,limits_dof_pos_active_fraction,0.9960000514984131
g1_lafan,4728,4728,9600000,move-ego-0-0.3,1,limits_torque_mean,4.234676837921143
g1_lafan,4728,4728,9600000,move-ego-0-0.3,1,limits_torque_active_fraction,0.968000054359436
g1_lafan,4728,4728,9600000,move-ego-0-0.3,1,penalty_undesired_contact_mean,0.0020000000949949026
g1_lafan,4728,4728,9600000,move-ego-0-0.3,1,penalty_undesired_contact_active_fraction,0.0020000000949949026
g1_lafan,4728,4728,9600000,move-ego-0-0.3,1,penalty_feet_ori_mean,0.4637041985988617
g1_lafan,4728,4728,9600000,move-ego-0-0.3,1,penalty_feet_ori_active_fraction,0.9780000448226929
g1_lafan,4728,4728,9600000,move-ego-0-0.3,1,penalty_ankle_roll_mean,0.13502958416938782
g1_lafan,4728,4728,9600000,move-ego-0-0.3,1,penalty_ankle_roll_active_fraction,1.0
g1_lafan,4728,4728,9600000,move-ego-0-0.3,1,penalty_slippage_mean,0.10400848090648651
g1_lafan,4728,4728,9600000,move-ego-0-0.3,1,penalty_slippage_active_fraction,0.9780000448226929
g1_lafan,4728,4728,9600000,move-ego-0-0.3,2,return,94.02547454833984
g1_lafan,4728,4728,9600000,move-ego-0-0.3,2,auxiliary_cost,1.4670931100845337
g1_lafan,4728,4728,9600000,move-ego-0-0.3,2,safety_violation_rate,0.9960000514984131
g1_lafan,4728,4728,9600000,move-ego-0-0.3,2,termination_rate,0.0
g1_lafan,4728,4728,9600000,move-ego-0-0.3,2,action_l2,2.207115650177002
g1_lafan,4728,4728,9600000,move-ego-0-0.3,2,penalty_torques_mean,5875.3564453125
g1_lafan,4728,4728,9600000,move-ego-0-0.3,2,penalty_torques_active_fraction,1.0
g1_lafan,4728,4728,9600000,move-ego-0-0.3,2,penalty_action_rate_mean,1.8698999881744385
g1_lafan,4728,4728,9600000,move-ego-0-0.3,2,penalty_action_rate_active_fraction,1.0
g1_lafan,4728,4728,9600000,move-ego-0-0.3,2,limits_dof_pos_mean,0.024665087461471558
g1_lafan,4728,4728,9600000,move-ego-0-0.3,2,limits_dof_pos_active_fraction,0.9960000514984131
g1_lafan,4728,4728,9600000,move-ego-0-0.3,2,limits_torque_mean,3.102396011352539
g1_lafan,4728,4728,9600000,move-ego-0-0.3,2,limits_torque_active_fraction,0.9320000410079956
g1_lafan,4728,4728,9600000,move-ego-0-0.3,2,penalty_undesired_contact_mean,0.0860000029206276
g1_lafan,4728,4728,9600000,move-ego-0-0.3,2,penalty_undesired_contact_active_fraction,0.0860000029206276
g1_lafan,4728,4728,9600000,move-ego-0-0.3,2,penalty_feet_ori_mean,0.44982701539993286
g1_lafan,4728,4728,9600000,move-ego-0-0.3,2,penalty_feet_ori_active_fraction,0.9940000176429749
g1_lafan,4728,4728,9600000,move-ego-0-0.3,2,penalty_ankle_roll_mean,0.13482704758644104
g1_lafan,4728,4728,9600000,move-ego-0-0.3,2,penalty_ankle_roll_active_fraction,1.0
g1_lafan,4728,4728,9600000,move-ego-0-0.3,2,penalty_slippage_mean,0.11410658806562424
g1_lafan,4728,4728,9600000,move-ego-0-0.3,2,penalty_slippage_active_fraction,0.9940000176429749
g1_lafan,4728,4728,9600000,move-ego-0-0.3,3,return,49.31845474243164
g1_lafan,4728,4728,9600000,move-ego-0-0.3,3,auxiliary_cost,1.375430941581726
g1_lafan,4728,4728,9600000,move-ego-0-0.3,3,safety_violation_rate,1.0
g1_lafan,4728,4728,9600000,move-ego-0-0.3,3,termination_rate,0.0
g1_lafan,4728,4728,9600000,move-ego-0-0.3,3,action_l2,2.1549746990203857
g1_lafan,4728,4728,9600000,move-ego-0-0.3,3,penalty_torques_mean,5946.654296875
g1_lafan,4728,4728,9600000,move-ego-0-0.3,3,penalty_torques_active_fraction,1.0
g1_lafan,4728,4728,9600000,move-ego-0-0.3,3,penalty_action_rate_mean,1.861544132232666
g1_lafan,4728,4728,9600000,move-ego-0-0.3,3,penalty_action_rate_active_fraction,1.0
g1_lafan,4728,4728,9600000,move-ego-0-0.3,3,limits_dof_pos_mean,0.024309443309903145
g1_lafan,4728,4728,9600000,move-ego-0-0.3,3,limits_dof_pos_active_fraction,0.9980000257492065
g1_lafan,4728,4728,9600000,move-ego-0-0.3,3,limits_torque_mean,3.895843982696533
g1_lafan,4728,4728,9600000,move-ego-0-0.3,3,limits_torque_active_fraction,0.956000030040741
g1_lafan,4728,4728,9600000,move-ego-0-0.3,3,penalty_undesired_contact_mean,0.0020000000949949026
g1_lafan,4728,4728,9600000,move-ego-0-0.3,3,penalty_undesired_contact_active_fraction,0.0020000000949949026
g1_lafan,4728,4728,9600000,move-ego-0-0.3,3,penalty_feet_ori_mean,0.4613022208213806
g1_lafan,4728,4728,9600000,move-ego-0-0.3,3,penalty_feet_ori_active_fraction,0.9980000257492065
g1_lafan,4728,4728,9600000,move-ego-0-0.3,3,penalty_ankle_roll_mean,0.1330636590719223
g1_lafan,4728,4728,9600000,move-ego-0-0.3,3,penalty_ankle_roll_active_fraction,1.0
g1_lafan,4728,4728,9600000,move-ego-0-0.3,3,penalty_slippage_mean,0.11370337754487991
g1_lafan,4728,4728,9600000,move-ego-0-0.3,3,penalty_slippage_active_fraction,0.9980000257492065
g1_lafan,4728,4728,9600000,move-ego-0-0.3,4,return,76.73236846923828
g1_lafan,4728,4728,9600000,move-ego-0-0.3,4,auxiliary_cost,1.3354300260543823
g1_lafan,4728,4728,9600000,move-ego-0-0.3,4,safety_violation_rate,0.9980000257492065
g1_lafan,4728,4728,9600000,move-ego-0-0.3,4,termination_rate,0.0
g1_lafan,4728,4728,9600000,move-ego-0-0.3,4,action_l2,2.1403796672821045
g1_lafan,4728,4728,9600000,move-ego-0-0.3,4,penalty_torques_mean,5957.25927734375
g1_lafan,4728,4728,9600000,move-ego-0-0.3,4,penalty_torques_active_fraction,1.0
g1_lafan,4728,4728,9600000,move-ego-0-0.3,4,penalty_action_rate_mean,1.6103078126907349
g1_lafan,4728,4728,9600000,move-ego-0-0.3,4,penalty_action_rate_active_fraction,1.0
g1_lafan,4728,4728,9600000,move-ego-0-0.3,4,limits_dof_pos_mean,0.02509879879653454
g1_lafan,4728,4728,9600000,move-ego-0-0.3,4,limits_dof_pos_active_fraction,0.9980000257492065
g1_lafan,4728,4728,9600000,move-ego-0-0.3,4,limits_torque_mean,4.5974860191345215
g1_lafan,4728,4728,9600000,move-ego-0-0.3,4,limits_torque_active_fraction,0.9880000352859497
g1_lafan,4728,4728,9600000,move-ego-0-0.3,4,penalty_undesired_contact_mean,0.014000000432133675
g1_lafan,4728,4728,9600000,move-ego-0-0.3,4,penalty_undesired_contact_active_fraction,0.014000000432133675
g1_lafan,4728,4728,9600000,move-ego-0-0.3,4,penalty_feet_ori_mean,0.4207000434398651
g1_lafan,4728,4728,9600000,move-ego-0-0.3,4,penalty_feet_ori_active_fraction,0.9960000514984131
g1_lafan,4728,4728,9600000,move-ego-0-0.3,4,penalty_ankle_roll_mean,0.13562597334384918
g1_lafan,4728,4728,9600000,move-ego-0-0.3,4,penalty_ankle_roll_active_fraction,1.0
g1_lafan,4728,4728,9600000,move-ego-0-0.3,4,penalty_slippage_mean,0.09931346029043198
g1_lafan,4728,4728,9600000,move-ego-0-0.3,4,penalty_slippage_active_fraction,0.9960000514984131
g1_lafan,4728,4728,9600000,move-ego-0-0.3,5,return,117.82379913330078
g1_lafan,4728,4728,9600000,move-ego-0-0.3,5,auxiliary_cost,1.4017391204833984
g1_lafan,4728,4728,9600000,move-ego-0-0.3,5,safety_violation_rate,0.9920000433921814
g1_lafan,4728,4728,9600000,move-ego-0-0.3,5,termination_rate,0.0
g1_lafan,4728,4728,9600000,move-ego-0-0.3,5,action_l2,2.151082754135132
g1_lafan,4728,4728,9600000,move-ego-0-0.3,5,penalty_torques_mean,6054.5146484375
g1_lafan,4728,4728,9600000,move-ego-0-0.3,5,penalty_torques_active_fraction,1.0
g1_lafan,4728,4728,9600000,move-ego-0-0.3,5,penalty_action_rate_mean,2.0438878536224365
g1_lafan,4728,4728,9600000,move-ego-0-0.3,5,penalty_action_rate_active_fraction,1.0
g1_lafan,4728,4728,9600000,move-ego-0-0.3,5,limits_dof_pos_mean,0.024476604536175728
g1_lafan,4728,4728,9600000,move-ego-0-0.3,5,limits_dof_pos_active_fraction,0.9920000433921814
g1_lafan,4728,4728,9600000,move-ego-0-0.3,5,limits_torque_mean,4.176891803741455
g1_lafan,4728,4728,9600000,move-ego-0-0.3,5,limits_torque_active_fraction,0.9800000190734863
g1_lafan,4728,4728,9600000,move-ego-0-0.3,5,penalty_undesired_contact_mean,0.024000000208616257
g1_lafan,4728,4728,9600000,move-ego-0-0.3,5,penalty_undesired_contact_active_fraction,0.024000000208616257
g1_lafan,4728,4728,9600000,move-ego-0-0.3,5,penalty_feet_ori_mean,0.44605958461761475
g1_lafan,4728,4728,9600000,move-ego-0-0.3,5,penalty_feet_ori_active_fraction,1.0
g1_lafan,4728,4728,9600000,move-ego-0-0.3,5,penalty_ankle_roll_mean,0.13330326974391937
g1_lafan,4728,4728,9600000,move-ego-0-0.3,5,penalty_ankle_roll_active_fraction,1.0
g1_lafan,4728,4728,9600000,move-ego-0-0.3,5,penalty_slippage_mean,0.10847369581460953
g1_lafan,4728,4728,9600000,move-ego-0-0.3,5,penalty_slippage_active_fraction,1.0
g1_lafan,4728,4728,9600000,move-ego-0-0.3,6,return,0.5802375078201294
g1_lafan,4728,4728,9600000,move-ego-0-0.3,6,auxiliary_cost,1.4011218547821045
g1_lafan,4728,4728,9600000,move-ego-0-0.3,6,safety_violation_rate,1.0
g1_lafan,4728,4728,9600000,move-ego-0-0.3,6,termination_rate,0.0
g1_lafan,4728,4728,9600000,move-ego-0-0.3,6,action_l2,2.168977975845337
g1_lafan,4728,4728,9600000,move-ego-0-0.3,6,penalty_torques_mean,6220.9794921875
g1_lafan,4728,4728,9600000,move-ego-0-0.3,6,penalty_torques_active_fraction,1.0
g1_lafan,4728,4728,9600000,move-ego-0-0.3,6,penalty_action_rate_mean,2.057952642440796
g1_lafan,4728,4728,9600000,move-ego-0-0.3,6,penalty_action_rate_active_fraction,1.0
g1_lafan,4728,4728,9600000,move-ego-0-0.3,6,limits_dof_pos_mean,0.025051487609744072
g1_lafan,4728,4728,9600000,move-ego-0-0.3,6,limits_dof_pos_active_fraction,1.0
g1_lafan,4728,4728,9600000,move-ego-0-0.3,6,limits_torque_mean,4.084040641784668
g1_lafan,4728,4728,9600000,move-ego-0-0.3,6,limits_torque_active_fraction,0.9880000352859497
g1_lafan,4728,4728,9600000,move-ego-0-0.3,6,penalty_undesired_contact_mean,0.00800000037997961
g1_lafan,4728,4728,9600000,move-ego-0-0.3,6,penalty_undesired_contact_active_fraction,0.00800000037997961
g1_lafan,4728,4728,9600000,move-ego-0-0.3,6,penalty_feet_ori_mean,0.3884434401988983
g1_lafan,4728,4728,9600000,move-ego-0-0.3,6,penalty_feet_ori_active_fraction,1.0
g1_lafan,4728,4728,9600000,move-ego-0-0.3,6,penalty_ankle_roll_mean,0.13556024432182312
g1_lafan,4728,4728,9600000,move-ego-0-0.3,6,penalty_ankle_roll_active_fraction,1.0
g1_lafan,4728,4728,9600000,move-ego-0-0.3,6,penalty_slippage_mean,0.11959663033485413
g1_lafan,4728,4728,9600000,move-ego-0-0.3,6,penalty_slippage_active_fraction,1.0
g1_lafan,4728,4728,9600000,move-ego-0-0.3,7,return,0.894250214099884
g1_lafan,4728,4728,9600000,move-ego-0-0.3,7,auxiliary_cost,1.6858235597610474
g1_lafan,4728,4728,9600000,move-ego-0-0.3,7,safety_violation_rate,0.9980000257492065
g1_lafan,4728,4728,9600000,move-ego-0-0.3,7,termination_rate,0.0
g1_lafan,4728,4728,9600000,move-ego-0-0.3,7,action_l2,2.211381196975708
g1_lafan,4728,4728,9600000,move-ego-0-0.3,7,penalty_torques_mean,6287.3974609375
g1_lafan,4728,4728,9600000,move-ego-0-0.3,7,penalty_torques_active_fraction,1.0
g1_lafan,4728,4728,9600000,move-ego-0-0.3,7,penalty_action_rate_mean,2.6149775981903076
g1_lafan,4728,4728,9600000,move-ego-0-0.3,7,penalty_action_rate_active_fraction,1.0
g1_lafan,4728,4728,9600000,move-ego-0-0.3,7,limits_dof_pos_mean,0.02408837154507637
g1_lafan,4728,4728,9600000,move-ego-0-0.3,7,limits_dof_pos_active_fraction,0.9980000257492065
g1_lafan,4728,4728,9600000,move-ego-0-0.3,7,limits_torque_mean,3.359341859817505
g1_lafan,4728,4728,9600000,move-ego-0-0.3,7,limits_torque_active_fraction,0.9760000705718994
g1_lafan,4728,4728,9600000,move-ego-0-0.3,7,penalty_undesired_contact_mean,0.09000000357627869
g1_lafan,4728,4728,9600000,move-ego-0-0.3,7,penalty_undesired_contact_active_fraction,0.09000000357627869
g1_lafan,4728,4728,9600000,move-ego-0-0.3,7,penalty_feet_ori_mean,0.48784536123275757
g1_lafan,4728,4728,9600000,move-ego-0-0.3,7,penalty_feet_ori_active_fraction,1.0
g1_lafan,4728,4728,9600000,move-ego-0-0.3,7,penalty_ankle_roll_mean,0.13261717557907104
g1_lafan,4728,4728,9600000,move-ego-0-0.3,7,penalty_ankle_roll_active_fraction,1.0
g1_lafan,4728,4728,9600000,move-ego-0-0.3,7,penalty_slippage_mean,0.18391747772693634
g1_lafan,4728,4728,9600000,move-ego-0-0.3,7,penalty_slippage_active_fraction,1.0
g1_lafan,4728,4728,9600000,move-ego-0-0.3,8,return,68.0763168334961
g1_lafan,4728,4728,9600000,move-ego-0-0.3,8,auxiliary_cost,2.551570177078247
g1_lafan,4728,4728,9600000,move-ego-0-0.3,8,safety_violation_rate,1.0
g1_lafan,4728,4728,9600000,move-ego-0-0.3,8,termination_rate,0.0
g1_lafan,4728,4728,9600000,move-ego-0-0.3,8,action_l2,2.585365056991577
g1_lafan,4728,4728,9600000,move-ego-0-0.3,8,penalty_torques_mean,7538.19091796875
g1_lafan,4728,4728,9600000,move-ego-0-0.3,8,penalty_torques_active_fraction,1.0
g1_lafan,4728,4728,9600000,move-ego-0-0.3,8,penalty_action_rate_mean,2.347038984298706
g1_lafan,4728,4728,9600000,move-ego-0-0.3,8,penalty_action_rate_active_fraction,1.0
g1_lafan,4728,4728,9600000,move-ego-0-0.3,8,limits_dof_pos_mean,0.026100341230630875
g1_lafan,4728,4728,9600000,move-ego-0-0.3,8,limits_dof_pos_active_fraction,1.0
g1_lafan,4728,4728,9600000,move-ego-0-0.3,8,limits_torque_mean,5.213520526885986
g1_lafan,4728,4728,9600000,move-ego-0-0.3,8,limits_torque_active_fraction,0.9980000257492065
g1_lafan,4728,4728,9600000,move-ego-0-0.3,8,penalty_undesired_contact_mean,0.9900000691413879
g1_lafan,4728,4728,9600000,move-ego-0-0.3,8,penalty_undesired_contact_active_fraction,0.9900000691413879
g1_lafan,4728,4728,9600000,move-ego-0-0.3,8,penalty_feet_ori_mean,0.40658271312713623
g1_lafan,4728,4728,9600000,move-ego-0-0.3,8,penalty_feet_ori_active_fraction,0.9820000529289246
g1_lafan,4728,4728,9600000,move-ego-0-0.3,8,penalty_ankle_roll_mean,0.13470208644866943
g1_lafan,4728,4728,9600000,move-ego-0-0.3,8,penalty_ankle_roll_active_fraction,1.0
g1_lafan,4728,4728,9600000,move-ego-0-0.3,8,penalty_slippage_mean,0.18221060931682587
g1_lafan,4728,4728,9600000,move-ego-0-0.3,8,penalty_slippage_active_fraction,0.9820000529289246
g1_lafan,4728,4728,9600000,move-ego-0-0.3,9,return,79.32487487792969
g1_lafan,4728,4728,9600000,move-ego-0-0.3,9,auxiliary_cost,1.5901223421096802
g1_lafan,4728,4728,9600000,move-ego-0-0.3,9,safety_violation_rate,1.0
g1_lafan,4728,4728,9600000,move-ego-0-0.3,9,termination_rate,0.0
g1_lafan,4728,4728,9600000,move-ego-0-0.3,9,action_l2,2.2779016494750977
g1_lafan,4728,4728,9600000,move-ego-0-0.3,9,penalty_torques_mean,7454.30126953125
g1_lafan,4728,4728,9600000,move-ego-0-0.3,9,penalty_torques_active_fraction,1.0
g1_lafan,4728,4728,9600000,move-ego-0-0.3,9,penalty_action_rate_mean,2.896563768386841
g1_lafan,4728,4728,9600000,move-ego-0-0.3,9,penalty_action_rate_active_fraction,1.0
g1_lafan,4728,4728,9600000,move-ego-0-0.3,9,limits_dof_pos_mean,0.02841819077730179
g1_lafan,4728,4728,9600000,move-ego-0-0.3,9,limits_dof_pos_active_fraction,1.0
g1_lafan,4728,4728,9600000,move-ego-0-0.3,9,limits_torque_mean,4.603706359863281
g1_lafan,4728,4728,9600000,move-ego-0-0.3,9,limits_torque_active_fraction,0.9980000257492065
g1_lafan,4728,4728,9600000,move-ego-0-0.3,9,penalty_undesired_contact_mean,0.018000001087784767
g1_lafan,4728,4728,9600000,move-ego-0-0.3,9,penalty_undesired_contact_active_fraction,0.018000001087784767
g1_lafan,4728,4728,9600000,move-ego-0-0.3,9,penalty_feet_ori_mean,0.40598586201667786
g1_lafan,4728,4728,9600000,move-ego-0-0.3,9,penalty_feet_ori_active_fraction,0.9740000367164612
g1_lafan,4728,4728,9600000,move-ego-0-0.3,9,penalty_ankle_roll_mean,0.1366647183895111
g1_lafan,4728,4728,9600000,move-ego-0-0.3,9,penalty_ankle_roll_active_fraction,1.0
g1_lafan,4728,4728,9600000,move-ego-0-0.3,9,penalty_slippage_mean,0.14461559057235718
g1_lafan,4728,4728,9600000,move-ego-0-0.3,9,penalty_slippage_active_fraction,0.9740000367164612
g1_lafan,4728,4728,9600000,move-ego-90-0.3,0,return,97.6232681274414
g1_lafan,4728,4728,9600000,move-ego-90-0.3,0,auxiliary_cost,1.4822903871536255
g1_lafan,4728,4728,9600000,move-ego-90-0.3,0,safety_violation_rate,0.9980000257492065
g1_lafan,4728,4728,9600000,move-ego-90-0.3,0,termination_rate,0.0
g1_lafan,4728,4728,9600000,move-ego-90-0.3,0,action_l2,2.371152400970459
g1_lafan,4728,4728,9600000,move-ego-90-0.3,0,penalty_torques_mean,6892.08154296875
g1_lafan,4728,4728,9600000,move-ego-90-0.3,0,penalty_torques_active_fraction,1.0
g1_lafan,4728,4728,9600000,move-ego-90-0.3,0,penalty_action_rate_mean,2.5469329357147217
g1_lafan,4728,4728,9600000,move-ego-90-0.3,0,penalty_action_rate_active_fraction,1.0
g1_lafan,4728,4728,9600000,move-ego-90-0.3,0,limits_dof_pos_mean,0.02816549316048622
g1_lafan,4728,4728,9600000,move-ego-90-0.3,0,limits_dof_pos_active_fraction,0.9980000257492065
g1_lafan,4728,4728,9600000,move-ego-90-0.3,0,limits_torque_mean,5.145583152770996
g1_lafan,4728,4728,9600000,move-ego-90-0.3,0,limits_torque_active_fraction,0.9980000257492065
g1_lafan,4728,4728,9600000,move-ego-90-0.3,0,penalty_undesired_contact_mean,0.0
g1_lafan,4728,4728,9600000,move-ego-90-0.3,0,penalty_undesired_contact_active_fraction,0.0
g1_lafan,4728,4728,9600000,move-ego-90-0.3,0,penalty_feet_ori_mean,0.25671476125717163
g1_lafan,4728,4728,9600000,move-ego-90-0.3,0,penalty_feet_ori_active_fraction,0.9860000610351562
g1_lafan,4728,4728,9600000,move-ego-90-0.3,0,penalty_ankle_roll_mean,0.13642656803131104
g1_lafan,4728,4728,9600000,move-ego-90-0.3,0,penalty_ankle_roll_active_fraction,1.0
g1_lafan,4728,4728,9600000,move-ego-90-0.3,0,penalty_slippage_mean,0.14877469837665558
g1_lafan,4728,4728,9600000,move-ego-90-0.3,0,penalty_slippage_active_fraction,0.9860000610351562
g1_lafan,4728,4728,9600000,move-ego-90-0.3,1,return,100.91211700439453
g1_lafan,4728,4728,9600000,move-ego-90-0.3,1,auxiliary_cost,1.650153636932373
g1_lafan,4728,4728,9600000,move-ego-90-0.3,1,safety_violation_rate,1.0
g1_lafan,4728,4728,9600000,move-ego-90-0.3,1,termination_rate,0.0
g1_lafan,4728,4728,9600000,move-ego-90-0.3,1,action_l2,2.39003586769104
g1_lafan,4728,4728,9600000,move-ego-90-0.3,1,penalty_torques_mean,7488.564453125
g1_lafan,4728,4728,9600000,move-ego-90-0.3,1,penalty_torques_active_fraction,1.0
g1_lafan,4728,4728,9600000,move-ego-90-0.3,1,penalty_action_rate_mean,2.792433738708496
g1_lafan,4728,4728,9600000,move-ego-90-0.3,1,penalty_action_rate_active_fraction,1.0
g1_lafan,4728,4728,9600000,move-ego-90-0.3,1,limits_dof_pos_mean,0.029043851420283318
g1_lafan,4728,4728,9600000,move-ego-90-0.3,1,limits_dof_pos_active_fraction,1.0
g1_lafan,4728,4728,9600000,move-ego-90-0.3,1,limits_torque_mean,5.165040016174316
g1_lafan,4728,4728,9600000,move-ego-90-0.3,1,limits_torque_active_fraction,0.9980000257492065
g1_lafan,4728,4728,9600000,move-ego-90-0.3,1,penalty_undesired_contact_mean,0.02800000086426735
g1_lafan,4728,4728,9600000,move-ego-90-0.3,1,penalty_undesired_contact_active_fraction,0.02800000086426735
g1_lafan,4728,4728,9600000,move-ego-90-0.3,1,penalty_feet_ori_mean,0.3545163571834564
g1_lafan,4728,4728,9600000,move-ego-90-0.3,1,penalty_feet_ori_active_fraction,0.9860000610351562
g1_lafan,4728,4728,9600000,move-ego-90-0.3,1,penalty_ankle_roll_mean,0.1364942044019699
g1_lafan,4728,4728,9600000,move-ego-90-0.3,1,penalty_ankle_roll_active_fraction,1.0
g1_lafan,4728,4728,9600000,move-ego-90-0.3,1,penalty_slippage_mean,0.18234379589557648
g1_lafan,4728,4728,9600000,move-ego-90-0.3,1,penalty_slippage_active_fraction,0.9860000610351562
g1_lafan,4728,4728,9600000,move-ego-90-0.3,2,return,2.3692195415496826
g1_lafan,4728,4728,9600000,move-ego-90-0.3,2,auxiliary_cost,1.4962949752807617
g1_lafan,4728,4728,9600000,move-ego-90-0.3,2,safety_violation_rate,1.0
g1_lafan,4728,4728,9600000,move-ego-90-0.3,2,termination_rate,0.0
g1_lafan,4728,4728,9600000,move-ego-90-0.3,2,action_l2,2.3422677516937256
g1_lafan,4728,4728,9600000,move-ego-90-0.3,2,penalty_torques_mean,7372.2373046875
g1_lafan,4728,4728,9600000,move-ego-90-0.3,2,penalty_torques_active_fraction,1.0
g1_lafan,4728,4728,9600000,move-ego-90-0.3,2,penalty_action_rate_mean,2.516585350036621
g1_lafan,4728,4728,9600000,move-ego-90-0.3,2,penalty_action_rate_active_fraction,1.0
g1_lafan,4728,4728,9600000,move-ego-90-0.3,2,limits_dof_pos_mean,0.02791106328368187
g1_lafan,4728,4728,9600000,move-ego-90-0.3,2,limits_dof_pos_active_fraction,1.0
g1_lafan,4728,4728,9600000,move-ego-90-0.3,2,limits_torque_mean,5.195982456207275
g1_lafan,4728,4728,9600000,move-ego-90-0.3,2,limits_torque_active_fraction,0.9960000514984131
g1_lafan,4728,4728,9600000,move-ego-90-0.3,2,penalty_undesired_contact_mean,0.018000001087784767
g1_lafan,4728,4728,9600000,move-ego-90-0.3,2,penalty_undesired_contact_active_fraction,0.018000001087784767
g1_lafan,4728,4728,9600000,move-ego-90-0.3,2,penalty_feet_ori_mean,0.26829248666763306
g1_lafan,4728,4728,9600000,move-ego-90-0.3,2,penalty_feet_ori_active_fraction,0.9660000205039978
g1_lafan,4728,4728,9600000,move-ego-90-0.3,2,penalty_ankle_roll_mean,0.13650663197040558
g1_lafan,4728,4728,9600000,move-ego-90-0.3,2,penalty_ankle_roll_active_fraction,1.0
g1_lafan,4728,4728,9600000,move-ego-90-0.3,2,penalty_slippage_mean,0.1470905989408493
g1_lafan,4728,4728,9600000,move-ego-90-0.3,2,penalty_slippage_active_fraction,0.9660000205039978
g1_lafan,4728,4728,9600000,move-ego-90-0.3,3,return,115.37831115722656
g1_lafan,4728,4728,9600000,move-ego-90-0.3,3,auxiliary_cost,2.044429302215576
g1_lafan,4728,4728,9600000,move-ego-90-0.3,3,safety_violation_rate,1.0
g1_lafan,4728,4728,9600000,move-ego-90-0.3,3,termination_rate,0.0
g1_lafan,4728,4728,9600000,move-ego-90-0.3,3,action_l2,2.4641363620758057
g1_lafan,4728,4728,9600000,move-ego-90-0.3,3,penalty_torques_mean,8018.17041015625
g1_lafan,4728,4728,9600000,move-ego-90-0.3,3,penalty_torques_active_fraction,1.0
g1_lafan,4728,4728,9600000,move-ego-90-0.3,3,penalty_action_rate_mean,3.458503484725952
g1_lafan,4728,4728,9600000,move-ego-90-0.3,3,penalty_action_rate_active_fraction,1.0
g1_lafan,4728,4728,9600000,move-ego-90-0.3,3,limits_dof_pos_mean,0.027856092900037766
g1_lafan,4728,4728,9600000,move-ego-90-0.3,3,limits_dof_pos_active_fraction,1.0
g1_lafan,4728,4728,9600000,move-ego-90-0.3,3,limits_torque_mean,5.357847690582275
g1_lafan,4728,4728,9600000,move-ego-90-0.3,3,limits_torque_active_fraction,0.9980000257492065
g1_lafan,4728,4728,9600000,move-ego-90-0.3,3,penalty_undesired_contact_mean,0.16600000858306885
g1_lafan,4728,4728,9600000,move-ego-90-0.3,3,penalty_undesired_contact_active_fraction,0.16600000858306885
g1_lafan,4728,4728,9600000,move-ego-90-0.3,3,penalty_feet_ori_mean,0.34653016924858093
g1_lafan,4728,4728,9600000,move-ego-90-0.3,3,penalty_feet_ori_active_fraction,0.9780000448226929
g1_lafan,4728,4728,9600000,move-ego-90-0.3,3,penalty_ankle_roll_mean,0.13660842180252075
g1_lafan,4728,4728,9600000,move-ego-90-0.3,3,penalty_ankle_roll_active_fraction,1.0
g1_lafan,4728,4728,9600000,move-ego-90-0.3,3,penalty_slippage_mean,0.28448542952537537
g1_lafan,4728,4728,9600000,move-ego-90-0.3,3,penalty_slippage_active_fraction,0.9800000190734863
g1_lafan,4728,4728,9600000,move-ego-90-0.3,4,return,88.03157806396484
g1_lafan,4728,4728,9600000,move-ego-90-0.3,4,auxiliary_cost,1.4950004816055298
g1_lafan,4728,4728,9600000,move-ego-90-0.3,4,safety_violation_rate,0.9980000257492065
g1_lafan,4728,4728,9600000,move-ego-90-0.3,4,termination_rate,0.0
g1_lafan,4728,4728,9600000,move-ego-90-0.3,4,action_l2,2.35054087638855
g1_lafan,4728,4728,9600000,move-ego-90-0.3,4,penalty_torques_mean,7072.5615234375
g1_lafan,4728,4728,9600000,move-ego-90-0.3,4,penalty_torques_active_fraction,1.0
g1_lafan,4728,4728,9600000,move-ego-90-0.3,4,penalty_action_rate_mean,1.8864718675613403
g1_lafan,4728,4728,9600000,move-ego-90-0.3,4,penalty_action_rate_active_fraction,1.0
g1_lafan,4728,4728,9600000,move-ego-90-0.3,4,limits_dof_pos_mean,0.025113508105278015
g1_lafan,4728,4728,9600000,move-ego-90-0.3,4,limits_dof_pos_active_fraction,0.9980000257492065
g1_lafan,4728,4728,9600000,move-ego-90-0.3,4,limits_torque_mean,5.020870685577393
g1_lafan,4728,4728,9600000,move-ego-90-0.3,4,limits_torque_active_fraction,0.9940000176429749
g1_lafan,4728,4728,9600000,move-ego-90-0.3,4,penalty_undesired_contact_mean,0.0
g1_lafan,4728,4728,9600000,move-ego-90-0.3,4,penalty_undesired_contact_active_fraction,0.0
g1_lafan,4728,4728,9600000,move-ego-90-0.3,4,penalty_feet_ori_mean,0.32772037386894226
g1_lafan,4728,4728,9600000,move-ego-90-0.3,4,penalty_feet_ori_active_fraction,1.0
g1_lafan,4728,4728,9600000,move-ego-90-0.3,4,penalty_ankle_roll_mean,0.13579463958740234
g1_lafan,4728,4728,9600000,move-ego-90-0.3,4,penalty_ankle_roll_active_fraction,1.0
g1_lafan,4728,4728,9600000,move-ego-90-0.3,4,penalty_slippage_mean,0.1904754489660263
g1_lafan,4728,4728,9600000,move-ego-90-0.3,4,penalty_slippage_active_fraction,1.0
g1_lafan,4728,4728,9600000,move-ego-90-0.3,5,return,76.20634460449219
g1_lafan,4728,4728,9600000,move-ego-90-0.3,5,auxiliary_cost,1.194674015045166
g1_lafan,4728,4728,9600000,move-ego-90-0.3,5,safety_violation_rate,1.0
g1_lafan,4728,4728,9600000,move-ego-90-0.3,5,termination_rate,0.0
g1_lafan,4728,4728,9600000,move-ego-90-0.3,5,action_l2,2.32389760017395
g1_lafan,4728,4728,9600000,move-ego-90-0.3,5,penalty_torques_mean,6453.23193359375
g1_lafan,4728,4728,9600000,move-ego-90-0.3,5,penalty_torques_active_fraction,1.0
g1_lafan,4728,4728,9600000,move-ego-90-0.3,5,penalty_action_rate_mean,1.0553505420684814
g1_lafan,4728,4728,9600000,move-ego-90-0.3,5,penalty_action_rate_active_fraction,1.0
g1_lafan,4728,4728,9600000,move-ego-90-0.3,5,limits_dof_pos_mean,0.024995895102620125
g1_lafan,4728,4728,9600000,move-ego-90-0.3,5,limits_dof_pos_active_fraction,1.0
g1_lafan,4728,4728,9600000,move-ego-90-0.3,5,limits_torque_mean,4.955160617828369
g1_lafan,4728,4728,9600000,move-ego-90-0.3,5,limits_torque_active_fraction,0.9960000514984131
g1_lafan,4728,4728,9600000,move-ego-90-0.3,5,penalty_undesired_contact_mean,0.0
g1_lafan,4728,4728,9600000,move-ego-90-0.3,5,penalty_undesired_contact_active_fraction,0.0
g1_lafan,4728,4728,9600000,move-ego-90-0.3,5,penalty_feet_ori_mean,0.32762348651885986
g1_lafan,4728,4728,9600000,move-ego-90-0.3,5,penalty_feet_ori_active_fraction,1.0
g1_lafan,4728,4728,9600000,move-ego-90-0.3,5,penalty_ankle_roll_mean,0.13567282259464264
g1_lafan,4728,4728,9600000,move-ego-90-0.3,5,penalty_ankle_roll_active_fraction,1.0
g1_lafan,4728,4728,9600000,move-ego-90-0.3,5,penalty_slippage_mean,0.08271946758031845
g1_lafan,4728,4728,9600000,move-ego-90-0.3,5,penalty_slippage_active_fraction,1.0
g1_lafan,4728,4728,9600000,move-ego-90-0.3,6,return,156.85389709472656
g1_lafan,4728,4728,9600000,move-ego-90-0.3,6,auxiliary_cost,1.6746944189071655
g1_lafan,4728,4728,9600000,move-ego-90-0.3,6,safety_violation_rate,1.0
g1_lafan,4728,4728,9600000,move-ego-90-0.3,6,termination_rate,0.0
g1_lafan,4728,4728,9600000,move-ego-90-0.3,6,action_l2,2.4002583026885986
g1_lafan,4728,4728,9600000,move-ego-90-0.3,6,penalty_torques_mean,8182.888671875
g1_lafan,4728,4728,9600000,move-ego-90-0.3,6,penalty_torques_active_fraction,1.0
g1_lafan,4728,4728,9600000,move-ego-90-0.3,6,penalty_action_rate_mean,3.0134360790252686
g1_lafan,4728,4728,9600000,move-ego-90-0.3,6,penalty_action_rate_active_fraction,1.0
g1_lafan,4728,4728,9600000,move-ego-90-0.3,6,limits_dof_pos_mean,0.029159696772694588
g1_lafan,4728,4728,9600000,move-ego-90-0.3,6,limits_dof_pos_active_fraction,1.0
g1_lafan,4728,4728,9600000,move-ego-90-0.3,6,limits_torque_mean,5.268915176391602
g1_lafan,4728,4728,9600000,move-ego-90-0.3,6,limits_torque_active_fraction,1.0
g1_lafan,4728,4728,9600000,move-ego-90-0.3,6,penalty_undesired_contact_mean,0.046000003814697266
g1_lafan,4728,4728,9600000,move-ego-90-0.3,6,penalty_undesired_contact_active_fraction,0.046000003814697266
g1_lafan,4728,4728,9600000,move-ego-90-0.3,6,penalty_feet_ori_mean,0.33715957403182983
g1_lafan,4728,4728,9600000,move-ego-90-0.3,6,penalty_feet_ori_active_fraction,0.9760000705718994
g1_lafan,4728,4728,9600000,move-ego-90-0.3,6,penalty_ankle_roll_mean,0.13443411886692047
g1_lafan,4728,4728,9600000,move-ego-90-0.3,6,penalty_ankle_roll_active_fraction,1.0
g1_lafan,4728,4728,9600000,move-ego-90-0.3,6,penalty_slippage_mean,0.1815764158964157
g1_lafan,4728,4728,9600000,move-ego-90-0.3,6,penalty_slippage_active_fraction,0.9760000705718994
g1_lafan,4728,4728,9600000,move-ego-90-0.3,7,return,112.05978393554688
g1_lafan,4728,4728,9600000,move-ego-90-0.3,7,auxiliary_cost,1.2931983470916748
g1_lafan,4728,4728,9600000,move-ego-90-0.3,7,safety_violation_rate,0.9980000257492065
g1_lafan,4728,4728,9600000,move-ego-90-0.3,7,termination_rate,0.0
g1_lafan,4728,4728,9600000,move-ego-90-0.3,7,action_l2,2.3102667331695557
g1_lafan,4728,4728,9600000,move-ego-90-0.3,7,penalty_torques_mean,6141.0224609375
g1_lafan,4728,4728,9600000,move-ego-90-0.3,7,penalty_torques_active_fraction,1.0
g1_lafan,4728,4728,9600000,move-ego-90-0.3,7,penalty_action_rate_mean,1.2797385454177856
g1_lafan,4728,4728,9600000,move-ego-90-0.3,7,penalty_action_rate_active_fraction,1.0
g1_lafan,4728,4728,9600000,move-ego-90-0.3,7,limits_dof_pos_mean,0.02471732534468174
g1_lafan,4728,4728,9600000,move-ego-90-0.3,7,limits_dof_pos_active_fraction,0.9980000257492065
g1_lafan,4728,4728,9600000,move-ego-90-0.3,7,limits_torque_mean,4.737802982330322
g1_lafan,4728,4728,9600000,move-ego-90-0.3,7,limits_torque_active_fraction,0.9920000433921814
g1_lafan,4728,4728,9600000,move-ego-90-0.3,7,penalty_undesired_contact_mean,0.0
g1_lafan,4728,4728,9600000,move-ego-90-0.3,7,penalty_undesired_contact_active_fraction,0.0
g1_lafan,4728,4728,9600000,move-ego-90-0.3,7,penalty_feet_ori_mean,0.3084947466850281
g1_lafan,4728,4728,9600000,move-ego-90-0.3,7,penalty_feet_ori_active_fraction,1.0
g1_lafan,4728,4728,9600000,move-ego-90-0.3,7,penalty_ankle_roll_mean,0.1347600221633911
g1_lafan,4728,4728,9600000,move-ego-90-0.3,7,penalty_ankle_roll_active_fraction,1.0
g1_lafan,4728,4728,9600000,move-ego-90-0.3,7,penalty_slippage_mean,0.12780654430389404
g1_lafan,4728,4728,9600000,move-ego-90-0.3,7,penalty_slippage_active_fraction,1.0
g1_lafan,4728,4728,9600000,move-ego-90-0.3,8,return,52.3343620300293
g1_lafan,4728,4728,9600000,move-ego-90-0.3,8,auxiliary_cost,1.1479347944259644
g1_lafan,4728,4728,9600000,move-ego-90-0.3,8,safety_violation_rate,0.9940000176429749
g1_lafan,4728,4728,9600000,move-ego-90-0.3,8,termination_rate,0.0
g1_lafan,4728,4728,9600000,move-ego-90-0.3,8,action_l2,2.3481781482696533
g1_lafan,4728,4728,9600000,move-ego-90-0.3,8,penalty_torques_mean,6090.7265625
g1_lafan,4728,4728,9600000,move-ego-90-0.3,8,penalty_torques_active_fraction,1.0
g1_lafan,4728,4728,9600000,move-ego-90-0.3,8,penalty_action_rate_mean,0.9526593685150146
g1_lafan,4728,4728,9600000,move-ego-90-0.3,8,penalty_action_rate_active_fraction,1.0
g1_lafan,4728,4728,9600000,move-ego-90-0.3,8,limits_dof_pos_mean,0.024671927094459534
g1_lafan,4728,4728,9600000,move-ego-90-0.3,8,limits_dof_pos_active_fraction,0.9940000176429749
g1_lafan,4728,4728,9600000,move-ego-90-0.3,8,limits_torque_mean,4.84293794631958
g1_lafan,4728,4728,9600000,move-ego-90-0.3,8,limits_torque_active_fraction,0.9900000691413879
g1_lafan,4728,4728,9600000,move-ego-90-0.3,8,penalty_undesired_contact_mean,0.0
g1_lafan,4728,4728,9600000,move-ego-90-0.3,8,penalty_undesired_contact_active_fraction,0.0
g1_lafan,4728,4728,9600000,move-ego-90-0.3,8,penalty_feet_ori_mean,0.32604163885116577
g1_lafan,4728,4728,9600000,move-ego-90-0.3,8,penalty_feet_ori_active_fraction,1.0
g1_lafan,4728,4728,9600000,move-ego-90-0.3,8,penalty_ankle_roll_mean,0.13460664451122284
g1_lafan,4728,4728,9600000,move-ego-90-0.3,8,penalty_ankle_roll_active_fraction,1.0
g1_lafan,4728,4728,9600000,move-ego-90-0.3,8,penalty_slippage_mean,0.0685531497001648
g1_lafan,4728,4728,9600000,move-ego-90-0.3,8,penalty_slippage_active_fraction,1.0
g1_lafan,4728,4728,9600000,move-ego-90-0.3,9,return,151.7798614501953
g1_lafan,4728,4728,9600000,move-ego-90-0.3,9,auxiliary_cost,1.2990599870681763
g1_lafan,4728,4728,9600000,move-ego-90-0.3,9,safety_violation_rate,0.9980000257492065
g1_lafan,4728,4728,9600000,move-ego-90-0.3,9,termination_rate,0.0
g1_lafan,4728,4728,9600000,move-ego-90-0.3,9,action_l2,2.3300728797912598
g1_lafan,4728,4728,9600000,move-ego-90-0.3,9,penalty_torques_mean,6286.56005859375
g1_lafan,4728,4728,9600000,move-ego-90-0.3,9,penalty_torques_active_fraction,1.0
g1_lafan,4728,4728,9600000,move-ego-90-0.3,9,penalty_action_rate_mean,1.3933357000350952
g1_lafan,4728,4728,9600000,move-ego-90-0.3,9,penalty_action_rate_active_fraction,1.0
g1_lafan,4728,4728,9600000,move-ego-90-0.3,9,limits_dof_pos_mean,0.02462082915008068
g1_lafan,4728,4728,9600000,move-ego-90-0.3,9,limits_dof_pos_active_fraction,0.9980000257492065
g1_lafan,4728,4728,9600000,move-ego-90-0.3,9,limits_torque_mean,4.849282264709473
g1_lafan,4728,4728,9600000,move-ego-90-0.3,9,limits_torque_active_fraction,0.9920000433921814
g1_lafan,4728,4728,9600000,move-ego-90-0.3,9,penalty_undesired_contact_mean,0.0
g1_lafan,4728,4728,9600000,move-ego-90-0.3,9,penalty_undesired_contact_active_fraction,0.0
g1_lafan,4728,4728,9600000,move-ego-90-0.3,9,penalty_feet_ori_mean,0.3115023374557495
g1_lafan,4728,4728,9600000,move-ego-90-0.3,9,penalty_feet_ori_active_fraction,1.0
g1_lafan,4728,4728,9600000,move-ego-90-0.3,9,penalty_ankle_roll_mean,0.13499358296394348
g1_lafan,4728,4728,9600000,move-ego-90-0.3,9,penalty_ankle_roll_active_fraction,1.0
g1_lafan,4728,4728,9600000,move-ego-90-0.3,9,penalty_slippage_mean,0.12447132915258408
g1_lafan,4728,4728,9600000,move-ego-90-0.3,9,penalty_slippage_active_fraction,1.0
g1_lafan,4728,4728,9600000,move-ego-180-0.3,0,return,283.3572082519531
g1_lafan,4728,4728,9600000,move-ego-180-0.3,0,auxiliary_cost,1.877578616142273
g1_lafan,4728,4728,9600000,move-ego-180-0.3,0,safety_violation_rate,0.9920000433921814
g1_lafan,4728,4728,9600000,move-ego-180-0.3,0,termination_rate,0.0
g1_lafan,4728,4728,9600000,move-ego-180-0.3,0,action_l2,2.326474666595459
g1_lafan,4728,4728,9600000,move-ego-180-0.3,0,penalty_torques_mean,7003.62890625
g1_lafan,4728,4728,9600000,move-ego-180-0.3,0,penalty_torques_active_fraction,1.0
g1_lafan,4728,4728,9600000,move-ego-180-0.3,0,penalty_action_rate_mean,3.315945625305176
g1_lafan,4728,4728,9600000,move-ego-180-0.3,0,penalty_action_rate_active_fraction,1.0
g1_lafan,4728,4728,9600000,move-ego-180-0.3,0,limits_dof_pos_mean,0.023411881178617477
g1_lafan,4728,4728,9600000,move-ego-180-0.3,0,limits_dof_pos_active_fraction,0.9920000433921814
g1_lafan,4728,4728,9600000,move-ego-180-0.3,0,limits_torque_mean,2.576997756958008
g1_lafan,4728,4728,9600000,move-ego-180-0.3,0,limits_torque_active_fraction,0.7740000486373901
g1_lafan,4728,4728,9600000,move-ego-180-0.3,0,penalty_undesired_contact_mean,0.0
g1_lafan,4728,4728,9600000,move-ego-180-0.3,0,penalty_undesired_contact_active_fraction,0.0
g1_lafan,4728,4728,9600000,move-ego-180-0.3,0,penalty_feet_ori_mean,0.44731244444847107
g1_lafan,4728,4728,9600000,move-ego-180-0.3,0,penalty_feet_ori_active_fraction,0.9920000433921814
g1_lafan,4728,4728,9600000,move-ego-180-0.3,0,penalty_ankle_roll_mean,0.13144290447235107
g1_lafan,4728,4728,9600000,move-ego-180-0.3,0,penalty_ankle_roll_active_fraction,1.0
g1_lafan,4728,4728,9600000,move-ego-180-0.3,0,penalty_slippage_mean,0.3035845458507538
g1_lafan,4728,4728,9600000,move-ego-180-0.3,0,penalty_slippage_active_fraction,0.9920000433921814
g1_lafan,4728,4728,9600000,move-ego-180-0.3,1,return,49.144840240478516
g1_lafan,4728,4728,9600000,move-ego-180-0.3,1,auxiliary_cost,2.001725912094116
g1_lafan,4728,4728,9600000,move-ego-180-0.3,1,safety_violation_rate,0.9980000257492065
g1_lafan,4728,4728,9600000,move-ego-180-0.3,1,termination_rate,0.0
g1_lafan,4728,4728,9600000,move-ego-180-0.3,1,action_l2,2.4255025386810303
g1_lafan,4728,4728,9600000,move-ego-180-0.3,1,penalty_torques_mean,8138.01904296875
g1_lafan,4728,4728,9600000,move-ego-180-0.3,1,penalty_torques_active_fraction,1.0
g1_lafan,4728,4728,9600000,move-ego-180-0.3,1,penalty_action_rate_mean,3.9339451789855957
g1_lafan,4728,4728,9600000,move-ego-180-0.3,1,penalty_action_rate_active_fraction,1.0
g1_lafan,4728,4728,9600000,move-ego-180-0.3,1,limits_dof_pos_mean,0.025981822982430458
g1_lafan,4728,4728,9600000,move-ego-180-0.3,1,limits_dof_pos_active_fraction,0.9980000257492065
g1_lafan,4728,4728,9600000,move-ego-180-0.3,1,limits_torque_mean,3.691225290298462
g1_lafan,4728,4728,9600000,move-ego-180-0.3,1,limits_torque_active_fraction,0.8440000414848328
g1_lafan,4728,4728,9600000,move-ego-180-0.3,1,penalty_undesired_contact_mean,0.006000000052154064
g1_lafan,4728,4728,9600000,move-ego-180-0.3,1,penalty_undesired_contact_active_fraction,0.006000000052154064
g1_lafan,4728,4728,9600000,move-ego-180-0.3,1,penalty_feet_ori_mean,0.44981324672698975
g1_lafan,4728,4728,9600000,move-ego-180-0.3,1,penalty_feet_ori_active_fraction,0.9780000448226929
g1_lafan,4728,4728,9600000,move-ego-180-0.3,1,penalty_ankle_roll_mean,0.13294823467731476
g1_lafan,4728,4728,9600000,move-ego-180-0.3,1,penalty_ankle_roll_active_fraction,1.0
g1_lafan,4728,4728,9600000,move-ego-180-0.3,1,penalty_slippage_mean,0.31539779901504517
g1_lafan,4728,4728,9600000,move-ego-180-0.3,1,penalty_slippage_active_fraction,0.9780000448226929
g1_lafan,4728,4728,9600000,move-ego-180-0.3,2,return,57.45326232910156
g1_lafan,4728,4728,9600000,move-ego-180-0.3,2,auxiliary_cost,2.1147162914276123
g1_lafan,4728,4728,9600000,move-ego-180-0.3,2,safety_violation_rate,0.9920000433921814
g1_lafan,4728,4728,9600000,move-ego-180-0.3,2,termination_rate,0.0
g1_lafan,4728,4728,9600000,move-ego-180-0.3,2,action_l2,2.3238933086395264
g1_lafan,4728,4728,9600000,move-ego-180-0.3,2,penalty_torques_mean,7001.14306640625
g1_lafan,4728,4728,9600000,move-ego-180-0.3,2,penalty_torques_active_fraction,1.0
g1_lafan,4728,4728,9600000,move-ego-180-0.3,2,penalty_action_rate_mean,3.314035415649414
g1_lafan,4728,4728,9600000,move-ego-180-0.3,2,penalty_action_rate_active_fraction,1.0
g1_lafan,4728,4728,9600000,move-ego-180-0.3,2,limits_dof_pos_mean,0.02215404435992241
g1_lafan,4728,4728,9600000,move-ego-180-0.3,2,limits_dof_pos_active_fraction,0.9880000352859497
g1_lafan,4728,4728,9600000,move-ego-180-0.3,2,limits_torque_mean,2.65570330619812
g1_lafan,4728,4728,9600000,move-ego-180-0.3,2,limits_torque_active_fraction,0.7540000081062317
g1_lafan,4728,4728,9600000,move-ego-180-0.3,2,penalty_undesired_contact_mean,0.006000000052154064
g1_lafan,4728,4728,9600000,move-ego-180-0.3,2,penalty_undesired_contact_active_fraction,0.006000000052154064
g1_lafan,4728,4728,9600000,move-ego-180-0.3,2,penalty_feet_ori_mean,0.49161383509635925
g1_lafan,4728,4728,9600000,move-ego-180-0.3,2,penalty_feet_ori_active_fraction,0.9960000514984131
g1_lafan,4728,4728,9600000,move-ego-180-0.3,2,penalty_ankle_roll_mean,0.12411758303642273
g1_lafan,4728,4728,9600000,move-ego-180-0.3,2,penalty_ankle_roll_active_fraction,1.0
g1_lafan,4728,4728,9600000,move-ego-180-0.3,2,penalty_slippage_mean,0.4313279688358307
g1_lafan,4728,4728,9600000,move-ego-180-0.3,2,penalty_slippage_active_fraction,0.9960000514984131
g1_lafan,4728,4728,9600000,move-ego-180-0.3,3,return,266.0926208496094
g1_lafan,4728,4728,9600000,move-ego-180-0.3,3,auxiliary_cost,2.8751657009124756
g1_lafan,4728,4728,9600000,move-ego-180-0.3,3,safety_violation_rate,1.0
g1_lafan,4728,4728,9600000,move-ego-180-0.3,3,termination_rate,0.0
g1_lafan,4728,4728,9600000,move-ego-180-0.3,3,action_l2,2.6868646144866943
g1_lafan,4728,4728,9600000,move-ego-180-0.3,3,penalty_torques_mean,7598.25927734375
g1_lafan,4728,4728,9600000,move-ego-180-0.3,3,penalty_torques_active_fraction,1.0
g1_lafan,4728,4728,9600000,move-ego-180-0.3,3,penalty_action_rate_mean,3.180626630783081
g1_lafan,4728,4728,9600000,move-ego-180-0.3,3,penalty_action_rate_active_fraction,1.0
g1_lafan,4728,4728,9600000,move-ego-180-0.3,3,limits_dof_pos_mean,0.024059204384684563
g1_lafan,4728,4728,9600000,move-ego-180-0.3,3,limits_dof_pos_active_fraction,0.9980000257492065
g1_lafan,4728,4728,9600000,move-ego-180-0.3,3,limits_torque_mean,2.670818328857422
g1_lafan,4728,4728,9600000,move-ego-180-0.3,3,limits_torque_active_fraction,1.0
g1_lafan,4728,4728,9600000,move-ego-180-0.3,3,penalty_undesired_contact_mean,0.9860000610351562
g1_lafan,4728,4728,9600000,move-ego-180-0.3,3,penalty_undesired_contact_active_fraction,0.9860000610351562
g1_lafan,4728,4728,9600000,move-ego-180-0.3,3,penalty_feet_ori_mean,0.3958575129508972
g1_lafan,4728,4728,9600000,move-ego-180-0.3,3,penalty_feet_ori_active_fraction,0.9720000624656677
g1_lafan,4728,4728,9600000,move-ego-180-0.3,3,penalty_ankle_roll_mean,0.12815341353416443
g1_lafan,4728,4728,9600000,move-ego-180-0.3,3,penalty_ankle_roll_active_fraction,1.0
g1_lafan,4728,4728,9600000,move-ego-180-0.3,3,penalty_slippage_mean,0.3297775685787201
g1_lafan,4728,4728,9600000,move-ego-180-0.3,3,penalty_slippage_active_fraction,0.9720000624656677
g1_lafan,4728,4728,9600000,move-ego-180-0.3,4,return,113.83810424804688
g1_lafan,4728,4728,9600000,move-ego-180-0.3,4,auxiliary_cost,2.011974573135376
g1_lafan,4728,4728,9600000,move-ego-180-0.3,4,safety_violation_rate,0.9940000176429749
g1_lafan,4728,4728,9600000,move-ego-180-0.3,4,termination_rate,0.0
g1_lafan,4728,4728,9600000,move-ego-180-0.3,4,action_l2,2.355139970779419
g1_lafan,4728,4728,9600000,move-ego-180-0.3,4,penalty_torques_mean,7392.91455078125
g1_lafan,4728,4728,9600000,move-ego-180-0.3,4,penalty_torques_active_fraction,1.0
g1_lafan,4728,4728,9600000,move-ego-180-0.3,4,penalty_action_rate_mean,2.9874205589294434
g1_lafan,4728,4728,9600000,move-ego-180-0.3,4,penalty_action_rate_active_fraction,1.0
g1_lafan,4728,4728,9600000,move-ego-180-0.3,4,limits_dof_pos_mean,0.023534400388598442
g1_lafan,4728,4728,9600000,move-ego-180-0.3,4,limits_dof_pos_active_fraction,0.9940000176429749
g1_lafan,4728,4728,9600000,move-ego-180-0.3,4,limits_torque_mean,3.0344252586364746
g1_lafan,4728,4728,9600000,move-ego-180-0.3,4,limits_torque_active_fraction,0.7660000324249268
g1_lafan,4728,4728,9600000,move-ego-180-0.3,4,penalty_undesired_contact_mean,0.0020000000949949026
g1_lafan,4728,4728,9600000,move-ego-180-0.3,4,penalty_undesired_contact_active_fraction,0.0020000000949949026
g1_lafan,4728,4728,9600000,move-ego-180-0.3,4,penalty_feet_ori_mean,0.4994657039642334
g1_lafan,4728,4728,9600000,move-ego-180-0.3,4,penalty_feet_ori_active_fraction,0.9980000257492065
g1_lafan,4728,4728,9600000,move-ego-180-0.3,4,penalty_ankle_roll_mean,0.13126295804977417
g1_lafan,4728,4728,9600000,move-ego-180-0.3,4,penalty_ankle_roll_active_fraction,1.0
g1_lafan,4728,4728,9600000,move-ego-180-0.3,4,penalty_slippage_mean,0.3755249083042145
g1_lafan,4728,4728,9600000,move-ego-180-0.3,4,penalty_slippage_active_fraction,0.9980000257492065
g1_lafan,4728,4728,9600000,move-ego-180-0.3,5,return,198.98631286621094
g1_lafan,4728,4728,9600000,move-ego-180-0.3,5,auxiliary_cost,1.7666789293289185
g1_lafan,4728,4728,9600000,move-ego-180-0.3,5,safety_violation_rate,0.9900000691413879
g1_lafan,4728,4728,9600000,move-ego-180-0.3,5,termination_rate,0.0
g1_lafan,4728,4728,9600000,move-ego-180-0.3,5,action_l2,2.2994425296783447
g1_lafan,4728,4728,9600000,move-ego-180-0.3,5,penalty_torques_mean,6534.24658203125
g1_lafan,4728,4728,9600000,move-ego-180-0.3,5,penalty_torques_active_fraction,1.0
g1_lafan,4728,4728,9600000,move-ego-180-0.3,5,penalty_action_rate_mean,2.795964002609253
g1_lafan,4728,4728,9600000,move-ego-180-0.3,5,penalty_action_rate_active_fraction,1.0
g1_lafan,4728,4728,9600000,move-ego-180-0.3,5,limits_dof_pos_mean,0.023652153089642525
g1_lafan,4728,4728,9600000,move-ego-180-0.3,5,limits_dof_pos_active_fraction,0.9900000691413879
g1_lafan,4728,4728,9600000,move-ego-180-0.3,5,limits_torque_mean,2.7792325019836426
g1_lafan,4728,4728,9600000,move-ego-180-0.3,5,limits_torque_active_fraction,0.7680000066757202
g1_lafan,4728,4728,9600000,move-ego-180-0.3,5,penalty_undesired_contact_mean,0.0
g1_lafan,4728,4728,9600000,move-ego-180-0.3,5,penalty_undesired_contact_active_fraction,0.0
g1_lafan,4728,4728,9600000,move-ego-180-0.3,5,penalty_feet_ori_mean,0.47946712374687195
g1_lafan,4728,4728,9600000,move-ego-180-0.3,5,penalty_feet_ori_active_fraction,1.0
g1_lafan,4728,4728,9600000,move-ego-180-0.3,5,penalty_ankle_roll_mean,0.1317470222711563
g1_lafan,4728,4728,9600000,move-ego-180-0.3,5,penalty_ankle_roll_active_fraction,1.0
g1_lafan,4728,4728,9600000,move-ego-180-0.3,5,penalty_slippage_mean,0.2658933699131012
g1_lafan,4728,4728,9600000,move-ego-180-0.3,5,penalty_slippage_active_fraction,1.0
g1_lafan,4728,4728,9600000,move-ego-180-0.3,6,return,136.14578247070312
g1_lafan,4728,4728,9600000,move-ego-180-0.3,6,auxiliary_cost,1.9573043584823608
g1_lafan,4728,4728,9600000,move-ego-180-0.3,6,safety_violation_rate,0.9940000176429749
g1_lafan,4728,4728,9600000,move-ego-180-0.3,6,termination_rate,0.0
g1_lafan,4728,4728,9600000,move-ego-180-0.3,6,action_l2,2.326878070831299
g1_lafan,4728,4728,9600000,move-ego-180-0.3,6,penalty_torques_mean,7018.76513671875
g1_lafan,4728,4728,9600000,move-ego-180-0.3,6,penalty_torques_active_fraction,1.0
g1_lafan,4728,4728,9600000,move-ego-180-0.3,6,penalty_action_rate_mean,3.5014729499816895
g1_lafan,4728,4728,9600000,move-ego-180-0.3,6,penalty_action_rate_active_fraction,1.0
g1_lafan,4728,4728,9600000,move-ego-180-0.3,6,limits_dof_pos_mean,0.022576527670025826
g1_lafan,4728,4728,9600000,move-ego-180-0.3,6,limits_dof_pos_active_fraction,0.9940000176429749
g1_lafan,4728,4728,9600000,move-ego-180-0.3,6,limits_torque_mean,2.882704734802246
g1_lafan,4728,4728,9600000,move-ego-180-0.3,6,limits_torque_active_fraction,0.8020000457763672
g1_lafan,4728,4728,9600000,move-ego-180-0.3,6,penalty_undesired_contact_mean,0.006000000052154064
g1_lafan,4728,4728,9600000,move-ego-180-0.3,6,penalty_undesired_contact_active_fraction,0.006000000052154064
g1_lafan,4728,4728,9600000,move-ego-180-0.3,6,penalty_feet_ori_mean,0.4481389820575714
g1_lafan,4728,4728,9600000,move-ego-180-0.3,6,penalty_feet_ori_active_fraction,1.0
g1_lafan,4728,4728,9600000,move-ego-180-0.3,6,penalty_ankle_roll_mean,0.1280057579278946
g1_lafan,4728,4728,9600000,move-ego-180-0.3,6,penalty_ankle_roll_active_fraction,1.0
g1_lafan,4728,4728,9600000,move-ego-180-0.3,6,penalty_slippage_mean,0.34205636382102966
g1_lafan,4728,4728,9600000,move-ego-180-0.3,6,penalty_slippage_active_fraction,1.0
g1_lafan,4728,4728,9600000,move-ego-180-0.3,7,return,106.5800552368164
g1_lafan,4728,4728,9600000,move-ego-180-0.3,7,auxiliary_cost,2.3338305950164795
g1_lafan,4728,4728,9600000,move-ego-180-0.3,7,safety_violation_rate,1.0
g1_lafan,4728,4728,9600000,move-ego-180-0.3,7,termination_rate,0.0
g1_lafan,4728,4728,9600000,move-ego-180-0.3,7,action_l2,2.406881332397461
g1_lafan,4728,4728,9600000,move-ego-180-0.3,7,penalty_torques_mean,9232.6142578125
g1_lafan,4728,4728,9600000,move-ego-180-0.3,7,penalty_torques_active_fraction,1.0
g1_lafan,4728,4728,9600000,move-ego-180-0.3,7,penalty_action_rate_mean,4.507964134216309
g1_lafan,4728,4728,9600000,move-ego-180-0.3,7,penalty_action_rate_active_fraction,1.0
g1_lafan,4728,4728,9600000,move-ego-180-0.3,7,limits_dof_pos_mean,0.02699406072497368
g1_lafan,4728,4728,9600000,move-ego-180-0.3,7,limits_dof_pos_active_fraction,0.9980000257492065
g1_lafan,4728,4728,9600000,move-ego-180-0.3,7,limits_torque_mean,3.6956264972686768
g1_lafan,4728,4728,9600000,move-ego-180-0.3,7,limits_torque_active_fraction,0.8260000348091125
g1_lafan,4728,4728,9600000,move-ego-180-0.3,7,penalty_undesired_contact_mean,0.04200000315904617
g1_lafan,4728,4728,9600000,move-ego-180-0.3,7,penalty_undesired_contact_active_fraction,0.04200000315904617
g1_lafan,4728,4728,9600000,move-ego-180-0.3,7,penalty_feet_ori_mean,0.4952366054058075
g1_lafan,4728,4728,9600000,move-ego-180-0.3,7,penalty_feet_ori_active_fraction,0.9800000190734863
g1_lafan,4728,4728,9600000,move-ego-180-0.3,7,penalty_ankle_roll_mean,0.13151074945926666
g1_lafan,4728,4728,9600000,move-ego-180-0.3,7,penalty_ankle_roll_active_fraction,1.0
g1_lafan,4728,4728,9600000,move-ego-180-0.3,7,penalty_slippage_mean,0.4234783351421356
g1_lafan,4728,4728,9600000,move-ego-180-0.3,7,penalty_slippage_active_fraction,0.9800000190734863
g1_lafan,4728,4728,9600000,move-ego-180-0.3,8,return,9.881389617919922
g1_lafan,4728,4728,9600000,move-ego-180-0.3,8,auxiliary_cost,1.9487888813018799
g1_lafan,4728,4728,9600000,move-ego-180-0.3,8,safety_violation_rate,1.0
g1_lafan,4728,4728,9600000,move-ego-180-0.3,8,termination_rate,0.0
g1_lafan,4728,4728,9600000,move-ego-180-0.3,8,action_l2,2.3260273933410645
g1_lafan,4728,4728,9600000,move-ego-180-0.3,8,penalty_torques_mean,6751.22705078125
g1_lafan,4728,4728,9600000,move-ego-180-0.3,8,penalty_torques_active_fraction,1.0
g1_lafan,4728,4728,9600000,move-ego-180-0.3,8,penalty_action_rate_mean,3.4858241081237793
g1_lafan,4728,4728,9600000,move-ego-180-0.3,8,penalty_action_rate_active_fraction,1.0
g1_lafan,4728,4728,9600000,move-ego-180-0.3,8,limits_dof_pos_mean,0.02337983436882496
g1_lafan,4728,4728,9600000,move-ego-180-0.3,8,limits_dof_pos_active_fraction,1.0
g1_lafan,4728,4728,9600000,move-ego-180-0.3,8,limits_torque_mean,2.790458917617798
g1_lafan,4728,4728,9600000,move-ego-180-0.3,8,limits_torque_active_fraction,0.7820000648498535
g1_lafan,4728,4728,9600000,move-ego-180-0.3,8,penalty_undesired_contact_mean,0.010000000707805157
g1_lafan,4728,4728,9600000,move-ego-180-0.3,8,penalty_undesired_contact_active_fraction,0.010000000707805157
g1_lafan,4728,4728,9600000,move-ego-180-0.3,8,penalty_feet_ori_mean,0.4760214686393738
g1_lafan,4728,4728,9600000,move-ego-180-0.3,8,penalty_feet_ori_active_fraction,0.9820000529289246
g1_lafan,4728,4728,9600000,move-ego-180-0.3,8,penalty_ankle_roll_mean,0.13048668205738068
g1_lafan,4728,4728,9600000,move-ego-180-0.3,8,penalty_ankle_roll_active_fraction,1.0
g1_lafan,4728,4728,9600000,move-ego-180-0.3,8,penalty_slippage_mean,0.3220255374908447
g1_lafan,4728,4728,9600000,move-ego-180-0.3,8,penalty_slippage_active_fraction,0.9820000529289246
g1_lafan,4728,4728,9600000,move-ego-180-0.3,9,return,48.39867401123047
g1_lafan,4728,4728,9600000,move-ego-180-0.3,9,auxiliary_cost,2.035377264022827
g1_lafan,4728,4728,9600000,move-ego-180-0.3,9,safety_violation_rate,1.0
g1_lafan,4728,4728,9600000,move-ego-180-0.3,9,termination_rate,0.0
g1_lafan,4728,4728,9600000,move-ego-180-0.3,9,action_l2,2.324160099029541
g1_lafan,4728,4728,9600000,move-ego-180-0.3,9,penalty_torques_mean,6927.43505859375
g1_lafan,4728,4728,9600000,move-ego-180-0.3,9,penalty_torques_active_fraction,1.0
g1_lafan,4728,4728,9600000,move-ego-180-0.3,9,penalty_action_rate_mean,3.236506223678589
g1_lafan,4728,4728,9600000,move-ego-180-0.3,9,penalty_action_rate_active_fraction,1.0
g1_lafan,4728,4728,9600000,move-ego-180-0.3,9,limits_dof_pos_mean,0.021697815507650375
g1_lafan,4728,4728,9600000,move-ego-180-0.3,9,limits_dof_pos_active_fraction,1.0
g1_lafan,4728,4728,9600000,move-ego-180-0.3,9,limits_torque_mean,2.8560376167297363
g1_lafan,4728,4728,9600000,move-ego-180-0.3,9,limits_torque_active_fraction,0.7440000176429749
g1_lafan,4728,4728,9600000,move-ego-180-0.3,9,penalty_undesired_contact_mean,0.0
g1_lafan,4728,4728,9600000,move-ego-180-0.3,9,penalty_undesired_contact_active_fraction,0.0
g1_lafan,4728,4728,9600000,move-ego-180-0.3,9,penalty_feet_ori_mean,0.46686485409736633
g1_lafan,4728,4728,9600000,move-ego-180-0.3,9,penalty_feet_ori_active_fraction,0.9960000514984131
g1_lafan,4728,4728,9600000,move-ego-180-0.3,9,penalty_ankle_roll_mean,0.12280622869729996
g1_lafan,4728,4728,9600000,move-ego-180-0.3,9,penalty_ankle_roll_active_fraction,1.0
g1_lafan,4728,4728,9600000,move-ego-180-0.3,9,penalty_slippage_mean,0.4083887040615082
g1_lafan,4728,4728,9600000,move-ego-180-0.3,9,penalty_slippage_active_fraction,0.9960000514984131
g1_lafan,4728,4728,9600000,move-ego--90-0.3,0,return,135.575927734375
g1_lafan,4728,4728,9600000,move-ego--90-0.3,0,auxiliary_cost,1.5416631698608398
g1_lafan,4728,4728,9600000,move-ego--90-0.3,0,safety_violation_rate,0.9940000176429749
g1_lafan,4728,4728,9600000,move-ego--90-0.3,0,termination_rate,0.0
g1_lafan,4728,4728,9600000,move-ego--90-0.3,0,action_l2,2.347353219985962
g1_lafan,4728,4728,9600000,move-ego--90-0.3,0,penalty_torques_mean,7022.69189453125
g1_lafan,4728,4728,9600000,move-ego--90-0.3,0,penalty_torques_active_fraction,1.0
g1_lafan,4728,4728,9600000,move-ego--90-0.3,0,penalty_action_rate_mean,1.606155514717102
g1_lafan,4728,4728,9600000,move-ego--90-0.3,0,penalty_action_rate_active_fraction,1.0
g1_lafan,4728,4728,9600000,move-ego--90-0.3,0,limits_dof_pos_mean,0.025307711213827133
g1_lafan,4728,4728,9600000,move-ego--90-0.3,0,limits_dof_pos_active_fraction,0.9940000176429749
g1_lafan,4728,4728,9600000,move-ego--90-0.3,0,limits_torque_mean,5.014928817749023
g1_lafan,4728,4728,9600000,move-ego--90-0.3,0,limits_torque_active_fraction,0.9900000691413879
g1_lafan,4728,4728,9600000,move-ego--90-0.3,0,penalty_undesired_contact_mean,0.010000000707805157
g1_lafan,4728,4728,9600000,move-ego--90-0.3,0,penalty_undesired_contact_active_fraction,0.010000000707805157
g1_lafan,4728,4728,9600000,move-ego--90-0.3,0,penalty_feet_ori_mean,0.36543864011764526
g1_lafan,4728,4728,9600000,move-ego--90-0.3,0,penalty_feet_ori_active_fraction,0.9980000257492065
g1_lafan,4728,4728,9600000,move-ego--90-0.3,0,penalty_ankle_roll_mean,0.13561274111270905
g1_lafan,4728,4728,9600000,move-ego--90-0.3,0,penalty_ankle_roll_active_fraction,1.0
g1_lafan,4728,4728,9600000,move-ego--90-0.3,0,penalty_slippage_mean,0.21467243134975433
g1_lafan,4728,4728,9600000,move-ego--90-0.3,0,penalty_slippage_active_fraction,0.9980000257492065
g1_lafan,4728,4728,9600000,move-ego--90-0.3,1,return,32.893123626708984
g1_lafan,4728,4728,9600000,move-ego--90-0.3,1,auxiliary_cost,1.5146358013153076
g1_lafan,4728,4728,9600000,move-ego--90-0.3,1,safety_violation_rate,0.9980000257492065
g1_lafan,4728,4728,9600000,move-ego--90-0.3,1,termination_rate,0.0
g1_lafan,4728,4728,9600000,move-ego--90-0.3,1,action_l2,2.354674816131592
g1_lafan,4728,4728,9600000,move-ego--90-0.3,1,penalty_torques_mean,7071.57763671875
g1_lafan,4728,4728,9600000,move-ego--90-0.3,1,penalty_torques_active_fraction,1.0
g1_lafan,4728,4728,9600000,move-ego--90-0.3,1,penalty_action_rate_mean,1.8049674034118652
g1_lafan,4728,4728,9600000,move-ego--90-0.3,1,penalty_action_rate_active_fraction,1.0
g1_lafan,4728,4728,9600000,move-ego--90-0.3,1,limits_dof_pos_mean,0.025068899616599083
g1_lafan,4728,4728,9600000,move-ego--90-0.3,1,limits_dof_pos_active_fraction,0.9980000257492065
g1_lafan,4728,4728,9600000,move-ego--90-0.3,1,limits_torque_mean,4.993527889251709
g1_lafan,4728,4728,9600000,move-ego--90-0.3,1,limits_torque_active_fraction,0.9940000176429749
g1_lafan,4728,4728,9600000,move-ego--90-0.3,1,penalty_undesired_contact_mean,0.0
g1_lafan,4728,4728,9600000,move-ego--90-0.3,1,penalty_undesired_contact_active_fraction,0.0
g1_lafan,4728,4728,9600000,move-ego--90-0.3,1,penalty_feet_ori_mean,0.343195378780365
g1_lafan,4728,4728,9600000,move-ego--90-0.3,1,penalty_feet_ori_active_fraction,0.9960000514984131
g1_lafan,4728,4728,9600000,move-ego--90-0.3,1,penalty_ankle_roll_mean,0.13542181253433228
g1_lafan,4728,4728,9600000,move-ego--90-0.3,1,penalty_ankle_roll_active_fraction,1.0
g1_lafan,4728,4728,9600000,move-ego--90-0.3,1,penalty_slippage_mean,0.20224227011203766
g1_lafan,4728,4728,9600000,move-ego--90-0.3,1,penalty_slippage_active_fraction,0.9960000514984131
g1_lafan,4728,4728,9600000,move-ego--90-0.3,2,return,21.76051902770996
g1_lafan,4728,4728,9600000,move-ego--90-0.3,2,auxiliary_cost,1.7294622659683228
g1_lafan,4728,4728,9600000,move-ego--90-0.3,2,safety_violation_rate,1.0
g1_lafan,4728,4728,9600000,move-ego--90-0.3,2,termination_rate,0.0
g1_lafan,4728,4728,9600000,move-ego--90-0.3,2,action_l2,2.431508779525757
g1_lafan,4728,4728,9600000,move-ego--90-0.3,2,penalty_torques_mean,7866.6298828125
g1_lafan,4728,4728,9600000,move-ego--90-0.3,2,penalty_torques_active_fraction,1.0
g1_lafan,4728,4728,9600000,move-ego--90-0.3,2,penalty_action_rate_mean,3.2050364017486572
g1_lafan,4728,4728,9600000,move-ego--90-0.3,2,penalty_action_rate_active_fraction,1.0
g1_lafan,4728,4728,9600000,move-ego--90-0.3,2,limits_dof_pos_mean,0.02880428358912468
g1_lafan,4728,4728,9600000,move-ego--90-0.3,2,limits_dof_pos_active_fraction,1.0
g1_lafan,4728,4728,9600000,move-ego--90-0.3,2,limits_torque_mean,4.9640021324157715
g1_lafan,4728,4728,9600000,move-ego--90-0.3,2,limits_torque_active_fraction,1.0
g1_lafan,4728,4728,9600000,move-ego--90-0.3,2,penalty_undesired_contact_mean,0.0020000000949949026
g1_lafan,4728,4728,9600000,move-ego--90-0.3,2,penalty_undesired_contact_active_fraction,0.0020000000949949026
g1_lafan,4728,4728,9600000,move-ego--90-0.3,2,penalty_feet_ori_mean,0.37501317262649536
g1_lafan,4728,4728,9600000,move-ego--90-0.3,2,penalty_feet_ori_active_fraction,0.984000027179718
g1_lafan,4728,4728,9600000,move-ego--90-0.3,2,penalty_ankle_roll_mean,0.13625375926494598
g1_lafan,4728,4728,9600000,move-ego--90-0.3,2,penalty_ankle_roll_active_fraction,1.0
g1_lafan,4728,4728,9600000,move-ego--90-0.3,2,penalty_slippage_mean,0.21194776892662048
g1_lafan,4728,4728,9600000,move-ego--90-0.3,2,penalty_slippage_active_fraction,0.984000027179718
g1_lafan,4728,4728,9600000,move-ego--90-0.3,3,return,110.32379150390625
g1_lafan,4728,4728,9600000,move-ego--90-0.3,3,auxiliary_cost,1.3757245540618896
g1_lafan,4728,4728,9600000,move-ego--90-0.3,3,safety_violation_rate,0.9960000514984131
g1_lafan,4728,4728,9600000,move-ego--90-0.3,3,termination_rate,0.0
g1_lafan,4728,4728,9600000,move-ego--90-0.3,3,action_l2,2.331630229949951
g1_lafan,4728,4728,9600000,move-ego--90-0.3,3,penalty_torques_mean,6974.1044921875
g1_lafan,4728,4728,9600000,move-ego--90-0.3,3,penalty_torques_active_fraction,1.0
g1_lafan,4728,4728,9600000,move-ego--90-0.3,3,penalty_action_rate_mean,1.498779058456421
g1_lafan,4728,4728,9600000,move-ego--90-0.3,3,penalty_action_rate_active_fraction,1.0
g1_lafan,4728,4728,9600000,move-ego--90-0.3,3,limits_dof_pos_mean,0.02503889612853527
g1_lafan,4728,4728,9600000,move-ego--90-0.3,3,limits_dof_pos_active_fraction,0.9960000514984131
g1_lafan,4728,4728,9600000,move-ego--90-0.3,3,limits_torque_mean,4.9367852210998535
g1_lafan,4728,4728,9600000,move-ego--90-0.3,3,limits_torque_active_fraction,0.9920000433921814
g1_lafan,4728,4728,9600000,move-ego--90-0.3,3,penalty_undesired_contact_mean,0.0
g1_lafan,4728,4728,9600000,move-ego--90-0.3,3,penalty_undesired_contact_active_fraction,0.0
g1_lafan,4728,4728,9600000,move-ego--90-0.3,3,penalty_feet_ori_mean,0.3699687421321869
g1_lafan,4728,4728,9600000,move-ego--90-0.3,3,penalty_feet_ori_active_fraction,0.9980000257492065
g1_lafan,4728,4728,9600000,move-ego--90-0.3,3,penalty_ankle_roll_mean,0.1348501294851303
g1_lafan,4728,4728,9600000,move-ego--90-0.3,3,penalty_ankle_roll_active_fraction,1.0
g1_lafan,4728,4728,9600000,move-ego--90-0.3,3,penalty_slippage_mean,0.1440352499485016
g1_lafan,4728,4728,9600000,move-ego--90-0.3,3,penalty_slippage_active_fraction,0.9980000257492065
g1_lafan,4728,4728,9600000,move-ego--90-0.3,4,return,55.52644729614258
g1_lafan,4728,4728,9600000,move-ego--90-0.3,4,auxiliary_cost,1.539639949798584
g1_lafan,4728,4728,9600000,move-ego--90-0.3,4,safety_violation_rate,1.0
g1_lafan,4728,4728,9600000,move-ego--90-0.3,4,termination_rate,0.0
g1_lafan,4728,4728,9600000,move-ego--90-0.3,4,action_l2,2.364102602005005
g1_lafan,4728,4728,9600000,move-ego--90-0.3,4,penalty_torques_mean,7054.75244140625
g1_lafan,4728,4728,9600000,move-ego--90-0.3,4,penalty_torques_active_fraction,1.0
g1_lafan,4728,4728,9600000,move-ego--90-0.3,4,penalty_action_rate_mean,1.821711778640747
g1_lafan,4728,4728,9600000,move-ego--90-0.3,4,penalty_action_rate_active_fraction,1.0
g1_lafan,4728,4728,9600000,move-ego--90-0.3,4,limits_dof_pos_mean,0.025505326688289642
g1_lafan,4728,4728,9600000,move-ego--90-0.3,4,limits_dof_pos_active_fraction,1.0
g1_lafan,4728,4728,9600000,move-ego--90-0.3,4,limits_torque_mean,5.083819389343262
g1_lafan,4728,4728,9600000,move-ego--90-0.3,4,limits_torque_active_fraction,0.9960000514984131
g1_lafan,4728,4728,9600000,move-ego--90-0.3,4,penalty_undesired_contact_mean,0.0
g1_lafan,4728,4728,9600000,move-ego--90-0.3,4,penalty_undesired_contact_active_fraction,0.0
g1_lafan,4728,4728,9600000,move-ego--90-0.3,4,penalty_feet_ori_mean,0.35519492626190186
g1_lafan,4728,4728,9600000,move-ego--90-0.3,4,penalty_feet_ori_active_fraction,1.0
g1_lafan,4728,4728,9600000,move-ego--90-0.3,4,penalty_ankle_roll_mean,0.1366620510816574
g1_lafan,4728,4728,9600000,move-ego--90-0.3,4,penalty_ankle_roll_active_fraction,1.0
g1_lafan,4728,4728,9600000,move-ego--90-0.3,4,penalty_slippage_mean,0.20684489607810974
g1_lafan,4728,4728,9600000,move-ego--90-0.3,4,penalty_slippage_active_fraction,1.0
g1_lafan,4728,4728,9600000,move-ego--90-0.3,5,return,78.48974609375
g1_lafan,4728,4728,9600000,move-ego--90-0.3,5,auxiliary_cost,1.3584508895874023
g1_lafan,4728,4728,9600000,move-ego--90-0.3,5,safety_violation_rate,0.9980000257492065
g1_lafan,4728,4728,9600000,move-ego--90-0.3,5,termination_rate,0.0
g1_lafan,4728,4728,9600000,move-ego--90-0.3,5,action_l2,2.2999932765960693
g1_lafan,4728,4728,9600000,move-ego--90-0.3,5,penalty_torques_mean,6563.6728515625
g1_lafan,4728,4728,9600000,move-ego--90-0.3,5,penalty_torques_active_fraction,1.0
g1_lafan,4728,4728,9600000,move-ego--90-0.3,5,penalty_action_rate_mean,1.3505586385726929
g1_lafan,4728,4728,9600000,move-ego--90-0.3,5,penalty_action_rate_active_fraction,1.0
g1_lafan,4728,4728,9600000,move-ego--90-0.3,5,limits_dof_pos_mean,0.025204457342624664
g1_lafan,4728,4728,9600000,move-ego--90-0.3,5,limits_dof_pos_active_fraction,0.9980000257492065
g1_lafan,4728,4728,9600000,move-ego--90-0.3,5,limits_torque_mean,4.929745197296143
g1_lafan,4728,4728,9600000,move-ego--90-0.3,5,limits_torque_active_fraction,0.9940000176429749
g1_lafan,4728,4728,9600000,move-ego--90-0.3,5,penalty_undesired_contact_mean,0.0
g1_lafan,4728,4728,9600000,move-ego--90-0.3,5,penalty_undesired_contact_active_fraction,0.0
g1_lafan,4728,4728,9600000,move-ego--90-0.3,5,penalty_feet_ori_mean,0.362983763217926
g1_lafan,4728,4728,9600000,move-ego--90-0.3,5,penalty_feet_ori_active_fraction,0.9980000257492065
g1_lafan,4728,4728,9600000,move-ego--90-0.3,5,penalty_ankle_roll_mean,0.13560375571250916
g1_lafan,4728,4728,9600000,move-ego--90-0.3,5,penalty_ankle_roll_active_fraction,1.0
g1_lafan,4728,4728,9600000,move-ego--90-0.3,5,penalty_slippage_mean,0.14187085628509521
g1_lafan,4728,4728,9600000,move-ego--90-0.3,5,penalty_slippage_active_fraction,0.9980000257492065
g1_lafan,4728,4728,9600000,move-ego--90-0.3,6,return,127.39678955078125
g1_lafan,4728,4728,9600000,move-ego--90-0.3,6,auxiliary_cost,1.8119171857833862
g1_lafan,4728,4728,9600000,move-ego--90-0.3,6,safety_violation_rate,1.0
g1_lafan,4728,4728,9600000,move-ego--90-0.3,6,termination_rate,0.0
g1_lafan,4728,4728,9600000,move-ego--90-0.3,6,action_l2,2.471993923187256
g1_lafan,4728,4728,9600000,move-ego--90-0.3,6,penalty_torques_mean,8298.5185546875
g1_lafan,4728,4728,9600000,move-ego--90-0.3,6,penalty_torques_active_fraction,1.0
g1_lafan,4728,4728,9600000,move-ego--90-0.3,6,penalty_action_rate_mean,3.219000816345215
g1_lafan,4728,4728,9600000,move-ego--90-0.3,6,penalty_action_rate_active_fraction,1.0
g1_lafan,4728,4728,9600000,move-ego--90-0.3,6,limits_dof_pos_mean,0.02887316234409809
g1_lafan,4728,4728,9600000,move-ego--90-0.3,6,limits_dof_pos_active_fraction,1.0
g1_lafan,4728,4728,9600000,move-ego--90-0.3,6,limits_torque_mean,5.146121501922607
g1_lafan,4728,4728,9600000,move-ego--90-0.3,6,limits_torque_active_fraction,0.9980000257492065
g1_lafan,4728,4728,9600000,move-ego--90-0.3,6,penalty_undesired_contact_mean,0.046000003814697266
g1_lafan,4728,4728,9600000,move-ego--90-0.3,6,penalty_undesired_contact_active_fraction,0.046000003814697266
g1_lafan,4728,4728,9600000,move-ego--90-0.3,6,penalty_feet_ori_mean,0.3508014976978302
g1_lafan,4728,4728,9600000,move-ego--90-0.3,6,penalty_feet_ori_active_fraction,0.9460000395774841
g1_lafan,4728,4728,9600000,move-ego--90-0.3,6,penalty_ankle_roll_mean,0.13653188943862915
g1_lafan,4728,4728,9600000,move-ego--90-0.3,6,penalty_ankle_roll_active_fraction,1.0
g1_lafan,4728,4728,9600000,move-ego--90-0.3,6,penalty_slippage_mean,0.23441863059997559
g1_lafan,4728,4728,9600000,move-ego--90-0.3,6,penalty_slippage_active_fraction,0.9460000395774841
g1_lafan,4728,4728,9600000,move-ego--90-0.3,7,return,150.2361602783203
g1_lafan,4728,4728,9600000,move-ego--90-0.3,7,auxiliary_cost,1.6274713277816772
g1_lafan,4728,4728,9600000,move-ego--90-0.3,7,safety_violation_rate,1.0
g1_lafan,4728,4728,9600000,move-ego--90-0.3,7,termination_rate,0.0
g1_lafan,4728,4728,9600000,move-ego--90-0.3,7,action_l2,2.3670763969421387
g1_lafan,4728,4728,9600000,move-ego--90-0.3,7,penalty_torques_mean,7256.5498046875
g1_lafan,4728,4728,9600000,move-ego--90-0.3,7,penalty_torques_active_fraction,1.0
g1_lafan,4728,4728,9600000,move-ego--90-0.3,7,penalty_action_rate_mean,1.853309988975525
g1_lafan,4728,4728,9600000,move-ego--90-0.3,7,penalty_action_rate_active_fraction,1.0
g1_lafan,4728,4728,9600000,move-ego--90-0.3,7,limits_dof_pos_mean,0.025378495454788208
g1_lafan,4728,4728,9600000,move-ego--90-0.3,7,limits_dof_pos_active_fraction,1.0
g1_lafan,4728,4728,9600000,move-ego--90-0.3,7,limits_torque_mean,5.134299278259277
g1_lafan,4728,4728,9600000,move-ego--90-0.3,7,limits_torque_active_fraction,1.0
g1_lafan,4728,4728,9600000,move-ego--90-0.3,7,penalty_undesired_contact_mean,0.0
g1_lafan,4728,4728,9600000,move-ego--90-0.3,7,penalty_undesired_contact_active_fraction,0.0
g1_lafan,4728,4728,9600000,move-ego--90-0.3,7,penalty_feet_ori_mean,0.34494340419769287
g1_lafan,4728,4728,9600000,move-ego--90-0.3,7,penalty_feet_ori_active_fraction,0.9960000514984131
g1_lafan,4728,4728,9600000,move-ego--90-0.3,7,penalty_ankle_roll_mean,0.1365085393190384
g1_lafan,4728,4728,9600000,move-ego--90-0.3,7,penalty_ankle_roll_active_fraction,1.0
g1_lafan,4728,4728,9600000,move-ego--90-0.3,7,penalty_slippage_mean,0.2521715760231018
g1_lafan,4728,4728,9600000,move-ego--90-0.3,7,penalty_slippage_active_fraction,0.9960000514984131
g1_lafan,4728,4728,9600000,move-ego--90-0.3,8,return,44.81801223754883
g1_lafan,4728,4728,9600000,move-ego--90-0.3,8,auxiliary_cost,1.4419617652893066
g1_lafan,4728,4728,9600000,move-ego--90-0.3,8,safety_violation_rate,1.0
g1_lafan,4728,4728,9600000,move-ego--90-0.3,8,termination_rate,0.0
g1_lafan,4728,4728,9600000,move-ego--90-0.3,8,action_l2,2.3365111351013184
g1_lafan,4728,4728,9600000,move-ego--90-0.3,8,penalty_torques_mean,6886.46728515625
g1_lafan,4728,4728,9600000,move-ego--90-0.3,8,penalty_torques_active_fraction,1.0
g1_lafan,4728,4728,9600000,move-ego--90-0.3,8,penalty_action_rate_mean,1.7246668338775635
g1_lafan,4728,4728,9600000,move-ego--90-0.3,8,penalty_action_rate_active_fraction,1.0
g1_lafan,4728,4728,9600000,move-ego--90-0.3,8,limits_dof_pos_mean,0.025300249457359314
g1_lafan,4728,4728,9600000,move-ego--90-0.3,8,limits_dof_pos_active_fraction,1.0
g1_lafan,4728,4728,9600000,move-ego--90-0.3,8,limits_torque_mean,4.997284412384033
g1_lafan,4728,4728,9600000,move-ego--90-0.3,8,limits_torque_active_fraction,1.0
g1_lafan,4728,4728,9600000,move-ego--90-0.3,8,penalty_undesired_contact_mean,0.0
g1_lafan,4728,4728,9600000,move-ego--90-0.3,8,penalty_undesired_contact_active_fraction,0.0
g1_lafan,4728,4728,9600000,move-ego--90-0.3,8,penalty_feet_ori_mean,0.3557843565940857
g1_lafan,4728,4728,9600000,move-ego--90-0.3,8,penalty_feet_ori_active_fraction,0.9960000514984131
g1_lafan,4728,4728,9600000,move-ego--90-0.3,8,penalty_ankle_roll_mean,0.13661859929561615
g1_lafan,4728,4728,9600000,move-ego--90-0.3,8,penalty_ankle_roll_active_fraction,1.0
g1_lafan,4728,4728,9600000,move-ego--90-0.3,8,penalty_slippage_mean,0.1638524830341339
g1_lafan,4728,4728,9600000,move-ego--90-0.3,8,penalty_slippage_active_fraction,0.9960000514984131
g1_lafan,4728,4728,9600000,move-ego--90-0.3,9,return,96.98702239990234
g1_lafan,4728,4728,9600000,move-ego--90-0.3,9,auxiliary_cost,1.6152269840240479
g1_lafan,4728,4728,9600000,move-ego--90-0.3,9,safety_violation_rate,1.0
g1_lafan,4728,4728,9600000,move-ego--90-0.3,9,termination_rate,0.0
g1_lafan,4728,4728,9600000,move-ego--90-0.3,9,action_l2,2.368100881576538
g1_lafan,4728,4728,9600000,move-ego--90-0.3,9,penalty_torques_mean,7271.0859375
g1_lafan,4728,4728,9600000,move-ego--90-0.3,9,penalty_torques_active_fraction,1.0
g1_lafan,4728,4728,9600000,move-ego--90-0.3,9,penalty_action_rate_mean,2.0019280910491943
g1_lafan,4728,4728,9600000,move-ego--90-0.3,9,penalty_action_rate_active_fraction,1.0
g1_lafan,4728,4728,9600000,move-ego--90-0.3,9,limits_dof_pos_mean,0.025234611704945564
g1_lafan,4728,4728,9600000,move-ego--90-0.3,9,limits_dof_pos_active_fraction,1.0
g1_lafan,4728,4728,9600000,move-ego--90-0.3,9,limits_torque_mean,5.032750129699707
g1_lafan,4728,4728,9600000,move-ego--90-0.3,9,limits_torque_active_fraction,1.0
g1_lafan,4728,4728,9600000,move-ego--90-0.3,9,penalty_undesired_contact_mean,0.046000003814697266
g1_lafan,4728,4728,9600000,move-ego--90-0.3,9,penalty_undesired_contact_active_fraction,0.046000003814697266
g1_lafan,4728,4728,9600000,move-ego--90-0.3,9,penalty_feet_ori_mean,0.3639867901802063
g1_lafan,4728,4728,9600000,move-ego--90-0.3,9,penalty_feet_ori_active_fraction,1.0
g1_lafan,4728,4728,9600000,move-ego--90-0.3,9,penalty_ankle_roll_mean,0.13554176688194275
g1_lafan,4728,4728,9600000,move-ego--90-0.3,9,penalty_ankle_roll_active_fraction,1.0
g1_lafan,4728,4728,9600000,move-ego--90-0.3,9,penalty_slippage_mean,0.21446286141872406
g1_lafan,4728,4728,9600000,move-ego--90-0.3,9,penalty_slippage_active_fraction,1.0
g1_lafan,4728,4728,9600000,rotate-z-5-0.5,0,return,4.658639907836914
g1_lafan,4728,4728,9600000,rotate-z-5-0.5,0,auxiliary_cost,1.8909258842468262
g1_lafan,4728,4728,9600000,rotate-z-5-0.5,0,safety_violation_rate,0.9980000257492065
g1_lafan,4728,4728,9600000,rotate-z-5-0.5,0,termination_rate,0.0
g1_lafan,4728,4728,9600000,rotate-z-5-0.5,0,action_l2,2.7105600833892822
g1_lafan,4728,4728,9600000,rotate-z-5-0.5,0,penalty_torques_mean,8023.13427734375
g1_lafan,4728,4728,9600000,rotate-z-5-0.5,0,penalty_torques_active_fraction,1.0
g1_lafan,4728,4728,9600000,rotate-z-5-0.5,0,penalty_action_rate_mean,2.8534111976623535
g1_lafan,4728,4728,9600000,rotate-z-5-0.5,0,penalty_action_rate_active_fraction,1.0
g1_lafan,4728,4728,9600000,rotate-z-5-0.5,0,limits_dof_pos_mean,0.025188880041241646
g1_lafan,4728,4728,9600000,rotate-z-5-0.5,0,limits_dof_pos_active_fraction,0.9980000257492065
g1_lafan,4728,4728,9600000,rotate-z-5-0.5,0,limits_torque_mean,4.407186985015869
g1_lafan,4728,4728,9600000,rotate-z-5-0.5,0,limits_torque_active_fraction,0.9940000176429749
g1_lafan,4728,4728,9600000,rotate-z-5-0.5,0,penalty_undesired_contact_mean,0.20400001108646393
g1_lafan,4728,4728,9600000,rotate-z-5-0.5,0,penalty_undesired_contact_active_fraction,0.20400001108646393
g1_lafan,4728,4728,9600000,rotate-z-5-0.5,0,penalty_feet_ori_mean,0.20555734634399414
g1_lafan,4728,4728,9600000,rotate-z-5-0.5,0,penalty_feet_ori_active_fraction,0.9760000705718994
g1_lafan,4728,4728,9600000,rotate-z-5-0.5,0,penalty_ankle_roll_mean,0.13401687145233154
g1_lafan,4728,4728,9600000,rotate-z-5-0.5,0,penalty_ankle_roll_active_fraction,1.0
g1_lafan,4728,4728,9600000,rotate-z-5-0.5,0,penalty_slippage_mean,0.2657029330730438
g1_lafan,4728,4728,9600000,rotate-z-5-0.5,0,penalty_slippage_active_fraction,0.9760000705718994
g1_lafan,4728,4728,9600000,rotate-z-5-0.5,1,return,14.588325500488281
g1_lafan,4728,4728,9600000,rotate-z-5-0.5,1,auxiliary_cost,1.7969210147857666
g1_lafan,4728,4728,9600000,rotate-z-5-0.5,1,safety_violation_rate,1.0
g1_lafan,4728,4728,9600000,rotate-z-5-0.5,1,termination_rate,0.0
g1_lafan,4728,4728,9600000,rotate-z-5-0.5,1,action_l2,2.7168188095092773
g1_lafan,4728,4728,9600000,rotate-z-5-0.5,1,penalty_torques_mean,8103.83837890625
g1_lafan,4728,4728,9600000,rotate-z-5-0.5,1,penalty_torques_active_fraction,1.0
g1_lafan,4728,4728,9600000,rotate-z-5-0.5,1,penalty_action_rate_mean,2.9500892162323
g1_lafan,4728,4728,9600000,rotate-z-5-0.5,1,penalty_action_rate_active_fraction,1.0
g1_lafan,4728,4728,9600000,rotate-z-5-0.5,1,limits_dof_pos_mean,0.02493586577475071
g1_lafan,4728,4728,9600000,rotate-z-5-0.5,1,limits_dof_pos_active_fraction,0.9980000257492065
g1_lafan,4728,4728,9600000,rotate-z-5-0.5,1,limits_torque_mean,4.247583866119385
g1_lafan,4728,4728,9600000,rotate-z-5-0.5,1,limits_torque_active_fraction,1.0
g1_lafan,4728,4728,9600000,rotate-z-5-0.5,1,penalty_undesired_contact_mean,0.12000000476837158
g1_lafan,4728,4728,9600000,rotate-z-5-0.5,1,penalty_undesired_contact_active_fraction,0.12000000476837158
g1_lafan,4728,4728,9600000,rotate-z-5-0.5,1,penalty_feet_ori_mean,0.19166846573352814
g1_lafan,4728,4728,9600000,rotate-z-5-0.5,1,penalty_feet_ori_active_fraction,0.9720000624656677
g1_lafan,4728,4728,9600000,rotate-z-5-0.5,1,penalty_ankle_roll_mean,0.1332724541425705
g1_lafan,4728,4728,9600000,rotate-z-5-0.5,1,penalty_ankle_roll_active_fraction,1.0
g1_lafan,4728,4728,9600000,rotate-z-5-0.5,1,penalty_slippage_mean,0.2613978981971741
g1_lafan,4728,4728,9600000,rotate-z-5-0.5,1,penalty_slippage_active_fraction,0.9720000624656677
g1_lafan,4728,4728,9600000,rotate-z-5-0.5,2,return,4.813955307006836
g1_lafan,4728,4728,9600000,rotate-z-5-0.5,2,auxiliary_cost,1.8746228218078613
g1_lafan,4728,4728,9600000,rotate-z-5-0.5,2,safety_violation_rate,1.0
g1_lafan,4728,4728,9600000,rotate-z-5-0.5,2,termination_rate,0.0
g1_lafan,4728,4728,9600000,rotate-z-5-0.5,2,action_l2,2.698265552520752
g1_lafan,4728,4728,9600000,rotate-z-5-0.5,2,penalty_torques_mean,7948.01708984375
g1_lafan,4728,4728,9600000,rotate-z-5-0.5,2,penalty_torques_active_fraction,1.0
g1_lafan,4728,4728,9600000,rotate-z-5-0.5,2,penalty_action_rate_mean,2.870755195617676
g1_lafan,4728,4728,9600000,rotate-z-5-0.5,2,penalty_action_rate_active_fraction,1.0
g1_lafan,4728,4728,9600000,rotate-z-5-0.5,2,limits_dof_pos_mean,0.02469998598098755
g1_lafan,4728,4728,9600000,rotate-z-5-0.5,2,limits_dof_pos_active_fraction,1.0
g1_lafan,4728,4728,9600000,rotate-z-5-0.5,2,limits_torque_mean,4.415007591247559
g1_lafan,4728,4728,9600000,rotate-z-5-0.5,2,limits_torque_active_fraction,0.9960000514984131
g1_lafan,4728,4728,9600000,rotate-z-5-0.5,2,penalty_undesired_contact_mean,0.20800000429153442
g1_lafan,4728,4728,9600000,rotate-z-5-0.5,2,penalty_undesired_contact_active_fraction,0.20800000429153442
g1_lafan,4728,4728,9600000,rotate-z-5-0.5,2,penalty_feet_ori_mean,0.20650455355644226
g1_lafan,4728,4728,9600000,rotate-z-5-0.5,2,penalty_feet_ori_active_fraction,0.9800000190734863
g1_lafan,4728,4728,9600000,rotate-z-5-0.5,2,penalty_ankle_roll_mean,0.1328173577785492
g1_lafan,4728,4728,9600000,rotate-z-5-0.5,2,penalty_ankle_roll_active_fraction,1.0
g1_lafan,4728,4728,9600000,rotate-z-5-0.5,2,penalty_slippage_mean,0.2593379616737366
g1_lafan,4728,4728,9600000,rotate-z-5-0.5,2,penalty_slippage_active_fraction,0.9800000190734863
g1_lafan,4728,4728,9600000,rotate-z-5-0.5,3,return,13.463488578796387
g1_lafan,4728,4728,9600000,rotate-z-5-0.5,3,auxiliary_cost,1.9778791666030884
g1_lafan,4728,4728,9600000,rotate-z-5-0.5,3,safety_violation_rate,1.0
g1_lafan,4728,4728,9600000,rotate-z-5-0.5,3,termination_rate,0.0
g1_lafan,4728,4728,9600000,rotate-z-5-0.5,3,action_l2,2.7646446228027344
g1_lafan,4728,4728,9600000,rotate-z-5-0.5,3,penalty_torques_mean,9093.970703125
g1_lafan,4728,4728,9600000,rotate-z-5-0.5,3,penalty_torques_active_fraction,1.0
g1_lafan,4728,4728,9600000,rotate-z-5-0.5,3,penalty_action_rate_mean,3.704418897628784
g1_lafan,4728,4728,9600000,rotate-z-5-0.5,3,penalty_action_rate_active_fraction,1.0
g1_lafan,4728,4728,9600000,rotate-z-5-0.5,3,limits_dof_pos_mean,0.026968618854880333
g1_lafan,4728,4728,9600000,rotate-z-5-0.5,3,limits_dof_pos_active_fraction,1.0
g1_lafan,4728,4728,9600000,rotate-z-5-0.5,3,limits_torque_mean,4.4401092529296875
g1_lafan,4728,4728,9600000,rotate-z-5-0.5,3,limits_torque_active_fraction,0.9980000257492065
g1_lafan,4728,4728,9600000,rotate-z-5-0.5,3,penalty_undesired_contact_mean,0.07800000160932541
g1_lafan,4728,4728,9600000,rotate-z-5-0.5,3,penalty_undesired_contact_active_fraction,0.07800000160932541
g1_lafan,4728,4728,9600000,rotate-z-5-0.5,3,penalty_feet_ori_mean,0.2660212814807892
g1_lafan,4728,4728,9600000,rotate-z-5-0.5,3,penalty_feet_ori_active_fraction,0.9620000720024109
g1_lafan,4728,4728,9600000,rotate-z-5-0.5,3,penalty_ankle_roll_mean,0.13413582742214203
g1_lafan,4728,4728,9600000,rotate-z-5-0.5,3,penalty_ankle_roll_active_fraction,1.0
g1_lafan,4728,4728,9600000,rotate-z-5-0.5,3,penalty_slippage_mean,0.30840009450912476
g1_lafan,4728,4728,9600000,rotate-z-5-0.5,3,penalty_slippage_active_fraction,0.9620000720024109
g1_lafan,4728,4728,9600000,rotate-z-5-0.5,4,return,9.417074203491211
g1_lafan,4728,4728,9600000,rotate-z-5-0.5,4,auxiliary_cost,2.503063201904297
g1_lafan,4728,4728,9600000,rotate-z-5-0.5,4,safety_violation_rate,1.0
g1_lafan,4728,4728,9600000,rotate-z-5-0.5,4,termination_rate,0.0
g1_lafan,4728,4728,9600000,rotate-z-5-0.5,4,action_l2,2.982544183731079
g1_lafan,4728,4728,9600000,rotate-z-5-0.5,4,penalty_torques_mean,8595.0908203125
g1_lafan,4728,4728,9600000,rotate-z-5-0.5,4,penalty_torques_active_fraction,1.0
g1_lafan,4728,4728,9600000,rotate-z-5-0.5,4,penalty_action_rate_mean,3.197051763534546
g1_lafan,4728,4728,9600000,rotate-z-5-0.5,4,penalty_action_rate_active_fraction,1.0
g1_lafan,4728,4728,9600000,rotate-z-5-0.5,4,limits_dof_pos_mean,0.053414616733789444
g1_lafan,4728,4728,9600000,rotate-z-5-0.5,4,limits_dof_pos_active_fraction,1.0
g1_lafan,4728,4728,9600000,rotate-z-5-0.5,4,limits_torque_mean,5.101296424865723
g1_lafan,4728,4728,9600000,rotate-z-5-0.5,4,limits_torque_active_fraction,0.9980000257492065
g1_lafan,4728,4728,9600000,rotate-z-5-0.5,4,penalty_undesired_contact_mean,0.3760000169277191
g1_lafan,4728,4728,9600000,rotate-z-5-0.5,4,penalty_undesired_contact_active_fraction,0.3760000169277191
g1_lafan,4728,4728,9600000,rotate-z-5-0.5,4,penalty_feet_ori_mean,0.40925127267837524
g1_lafan,4728,4728,9600000,rotate-z-5-0.5,4,penalty_feet_ori_active_fraction,0.9000000357627869
g1_lafan,4728,4728,9600000,rotate-z-5-0.5,4,penalty_ankle_roll_mean,0.13500460982322693
g1_lafan,4728,4728,9600000,rotate-z-5-0.5,4,penalty_ankle_roll_active_fraction,1.0
g1_lafan,4728,4728,9600000,rotate-z-5-0.5,4,penalty_slippage_mean,0.2847461402416229
g1_lafan,4728,4728,9600000,rotate-z-5-0.5,4,penalty_slippage_active_fraction,0.9000000357627869
g1_lafan,4728,4728,9600000,rotate-z-5-0.5,5,return,14.771090507507324
g1_lafan,4728,4728,9600000,rotate-z-5-0.5,5,auxiliary_cost,1.9315418004989624
g1_lafan,4728,4728,9600000,rotate-z-5-0.5,5,safety_violation_rate,0.9980000257492065
g1_lafan,4728,4728,9600000,rotate-z-5-0.5,5,termination_rate,0.0
g1_lafan,4728,4728,9600000,rotate-z-5-0.5,5,action_l2,2.705944299697876
g1_lafan,4728,4728,9600000,rotate-z-5-0.5,5,penalty_torques_mean,8038.8046875
g1_lafan,4728,4728,9600000,rotate-z-5-0.5,5,penalty_torques_active_fraction,1.0
g1_lafan,4728,4728,9600000,rotate-z-5-0.5,5,penalty_action_rate_mean,2.871478319168091
g1_lafan,4728,4728,9600000,rotate-z-5-0.5,5,penalty_action_rate_active_fraction,1.0
g1_lafan,4728,4728,9600000,rotate-z-5-0.5,5,limits_dof_pos_mean,0.024628503248095512
g1_lafan,4728,4728,9600000,rotate-z-5-0.5,5,limits_dof_pos_active_fraction,0.9960000514984131
g1_lafan,4728,4728,9600000,rotate-z-5-0.5,5,limits_torque_mean,4.356959342956543
g1_lafan,4728,4728,9600000,rotate-z-5-0.5,5,limits_torque_active_fraction,0.9960000514984131
g1_lafan,4728,4728,9600000,rotate-z-5-0.5,5,penalty_undesired_contact_mean,0.1720000058412552
g1_lafan,4728,4728,9600000,rotate-z-5-0.5,5,penalty_undesired_contact_active_fraction,0.1720000058412552
g1_lafan,4728,4728,9600000,rotate-z-5-0.5,5,penalty_feet_ori_mean,0.23361094295978546
g1_lafan,4728,4728,9600000,rotate-z-5-0.5,5,penalty_feet_ori_active_fraction,0.9940000176429749
g1_lafan,4728,4728,9600000,rotate-z-5-0.5,5,penalty_ankle_roll_mean,0.13312867283821106
g1_lafan,4728,4728,9600000,rotate-z-5-0.5,5,penalty_ankle_roll_active_fraction,1.0
g1_lafan,4728,4728,9600000,rotate-z-5-0.5,5,penalty_slippage_mean,0.30007487535476685
g1_lafan,4728,4728,9600000,rotate-z-5-0.5,5,penalty_slippage_active_fraction,0.9940000176429749
g1_lafan,4728,4728,9600000,rotate-z-5-0.5,6,return,24.50389862060547
g1_lafan,4728,4728,9600000,rotate-z-5-0.5,6,auxiliary_cost,2.0494942665100098
g1_lafan,4728,4728,9600000,rotate-z-5-0.5,6,safety_violation_rate,1.0
g1_lafan,4728,4728,9600000,rotate-z-5-0.5,6,termination_rate,0.0
g1_lafan,4728,4728,9600000,rotate-z-5-0.5,6,action_l2,2.791672468185425
g1_lafan,4728,4728,9600000,rotate-z-5-0.5,6,penalty_torques_mean,9084.4453125
g1_lafan,4728,4728,9600000,rotate-z-5-0.5,6,penalty_torques_active_fraction,1.0
g1_lafan,4728,4728,9600000,rotate-z-5-0.5,6,penalty_action_rate_mean,4.2312140464782715
g1_lafan,4728,4728,9600000,rotate-z-5-0.5,6,penalty_action_rate_active_fraction,1.0
g1_lafan,4728,4728,9600000,rotate-z-5-0.5,6,limits_dof_pos_mean,0.027512872591614723
g1_lafan,4728,4728,9600000,rotate-z-5-0.5,6,limits_dof_pos_active_fraction,1.0
g1_lafan,4728,4728,9600000,rotate-z-5-0.5,6,limits_torque_mean,4.576210021972656
g1_lafan,4728,4728,9600000,rotate-z-5-0.5,6,limits_torque_active_fraction,1.0
g1_lafan,4728,4728,9600000,rotate-z-5-0.5,6,penalty_undesired_contact_mean,0.11400000751018524
g1_lafan,4728,4728,9600000,rotate-z-5-0.5,6,penalty_undesired_contact_active_fraction,0.11400000751018524
g1_lafan,4728,4728,9600000,rotate-z-5-0.5,6,penalty_feet_ori_mean,0.21561956405639648
g1_lafan,4728,4728,9600000,rotate-z-5-0.5,6,penalty_feet_ori_active_fraction,0.9600000381469727
g1_lafan,4728,4728,9600000,rotate-z-5-0.5,6,penalty_ankle_roll_mean,0.1337808221578598
g1_lafan,4728,4728,9600000,rotate-z-5-0.5,6,penalty_ankle_roll_active_fraction,1.0
g1_lafan,4728,4728,9600000,rotate-z-5-0.5,6,penalty_slippage_mean,0.3079368770122528
g1_lafan,4728,4728,9600000,rotate-z-5-0.5,6,penalty_slippage_active_fraction,0.9600000381469727
g1_lafan,4728,4728,9600000,rotate-z-5-0.5,7,return,12.644109725952148
g1_lafan,4728,4728,9600000,rotate-z-5-0.5,7,auxiliary_cost,1.8310511112213135
g1_lafan,4728,4728,9600000,rotate-z-5-0.5,7,safety_violation_rate,0.9980000257492065
g1_lafan,4728,4728,9600000,rotate-z-5-0.5,7,termination_rate,0.0
g1_lafan,4728,4728,9600000,rotate-z-5-0.5,7,action_l2,2.7310776710510254
g1_lafan,4728,4728,9600000,rotate-z-5-0.5,7,penalty_torques_mean,8468.857421875
g1_lafan,4728,4728,9600000,rotate-z-5-0.5,7,penalty_torques_active_fraction,1.0
g1_lafan,4728,4728,9600000,rotate-z-5-0.5,7,penalty_action_rate_mean,3.054826021194458
g1_lafan,4728,4728,9600000,rotate-z-5-0.5,7,penalty_action_rate_active_fraction,1.0
g1_lafan,4728,4728,9600000,rotate-z-5-0.5,7,limits_dof_pos_mean,0.02530701458454132
g1_lafan,4728,4728,9600000,rotate-z-5-0.5,7,limits_dof_pos_active_fraction,0.9980000257492065
g1_lafan,4728,4728,9600000,rotate-z-5-0.5,7,limits_torque_mean,4.3441338539123535
g1_lafan,4728,4728,9600000,rotate-z-5-0.5,7,limits_torque_active_fraction,0.9960000514984131
g1_lafan,4728,4728,9600000,rotate-z-5-0.5,7,penalty_undesired_contact_mean,0.10400000214576721
g1_lafan,4728,4728,9600000,rotate-z-5-0.5,7,penalty_undesired_contact_active_fraction,0.10400000214576721
g1_lafan,4728,4728,9600000,rotate-z-5-0.5,7,penalty_feet_ori_mean,0.21719148755073547
g1_lafan,4728,4728,9600000,rotate-z-5-0.5,7,penalty_feet_ori_active_fraction,0.9780000448226929
g1_lafan,4728,4728,9600000,rotate-z-5-0.5,7,penalty_ankle_roll_mean,0.1339430958032608
g1_lafan,4728,4728,9600000,rotate-z-5-0.5,7,penalty_ankle_roll_active_fraction,1.0
g1_lafan,4728,4728,9600000,rotate-z-5-0.5,7,penalty_slippage_mean,0.2729243338108063
g1_lafan,4728,4728,9600000,rotate-z-5-0.5,7,penalty_slippage_active_fraction,0.9780000448226929
g1_lafan,4728,4728,9600000,rotate-z-5-0.5,8,return,14.754173278808594
g1_lafan,4728,4728,9600000,rotate-z-5-0.5,8,auxiliary_cost,1.7668523788452148
g1_lafan,4728,4728,9600000,rotate-z-5-0.5,8,safety_violation_rate,1.0
g1_lafan,4728,4728,9600000,rotate-z-5-0.5,8,termination_rate,0.0
g1_lafan,4728,4728,9600000,rotate-z-5-0.5,8,action_l2,2.711900234222412
g1_lafan,4728,4728,9600000,rotate-z-5-0.5,8,penalty_torques_mean,8191.30810546875
g1_lafan,4728,4728,9600000,rotate-z-5-0.5,8,penalty_torques_active_fraction,1.0
g1_lafan,4728,4728,9600000,rotate-z-5-0.5,8,penalty_action_rate_mean,2.604360580444336
g1_lafan,4728,4728,9600000,rotate-z-5-0.5,8,penalty_action_rate_active_fraction,1.0
g1_lafan,4728,4728,9600000,rotate-z-5-0.5,8,limits_dof_pos_mean,0.02491677552461624
g1_lafan,4728,4728,9600000,rotate-z-5-0.5,8,limits_dof_pos_active_fraction,1.0
g1_lafan,4728,4728,9600000,rotate-z-5-0.5,8,limits_torque_mean,4.280601501464844
g1_lafan,4728,4728,9600000,rotate-z-5-0.5,8,limits_torque_active_fraction,0.9980000257492065
g1_lafan,4728,4728,9600000,rotate-z-5-0.5,8,penalty_undesired_contact_mean,0.1120000034570694
g1_lafan,4728,4728,9600000,rotate-z-5-0.5,8,penalty_undesired_contact_active_fraction,0.1120000034570694
g1_lafan,4728,4728,9600000,rotate-z-5-0.5,8,penalty_feet_ori_mean,0.21551117300987244
g1_lafan,4728,4728,9600000,rotate-z-5-0.5,8,penalty_feet_ori_active_fraction,0.9940000176429749
g1_lafan,4728,4728,9600000,rotate-z-5-0.5,8,penalty_ankle_roll_mean,0.13375310599803925
g1_lafan,4728,4728,9600000,rotate-z-5-0.5,8,penalty_ankle_roll_active_fraction,1.0
g1_lafan,4728,4728,9600000,rotate-z-5-0.5,8,penalty_slippage_mean,0.26201605796813965
g1_lafan,4728,4728,9600000,rotate-z-5-0.5,8,penalty_slippage_active_fraction,0.9940000176429749
g1_lafan,4728,4728,9600000,rotate-z-5-0.5,9,return,5.788053035736084
g1_lafan,4728,4728,9600000,rotate-z-5-0.5,9,auxiliary_cost,1.9319069385528564
g1_lafan,4728,4728,9600000,rotate-z-5-0.5,9,safety_violation_rate,0.9980000257492065
g1_lafan,4728,4728,9600000,rotate-z-5-0.5,9,termination_rate,0.0
g1_lafan,4728,4728,9600000,rotate-z-5-0.5,9,action_l2,2.7244348526000977
g1_lafan,4728,4728,9600000,rotate-z-5-0.5,9,penalty_torques_mean,8098.783203125
g1_lafan,4728,4728,9600000,rotate-z-5-0.5,9,penalty_torques_active_fraction,1.0
g1_lafan,4728,4728,9600000,rotate-z-5-0.5,9,penalty_action_rate_mean,3.0599865913391113
g1_lafan,4728,4728,9600000,rotate-z-5-0.5,9,penalty_action_rate_active_fraction,1.0
g1_lafan,4728,4728,9600000,rotate-z-5-0.5,9,limits_dof_pos_mean,0.024949634447693825
g1_lafan,4728,4728,9600000,rotate-z-5-0.5,9,limits_dof_pos_active_fraction,0.9980000257492065
g1_lafan,4728,4728,9600000,rotate-z-5-0.5,9,limits_torque_mean,4.4354047775268555
g1_lafan,4728,4728,9600000,rotate-z-5-0.5,9,limits_torque_active_fraction,0.9940000176429749
g1_lafan,4728,4728,9600000,rotate-z-5-0.5,9,penalty_undesired_contact_mean,0.18800000846385956
g1_lafan,4728,4728,9600000,rotate-z-5-0.5,9,penalty_undesired_contact_active_fraction,0.18800000846385956
g1_lafan,4728,4728,9600000,rotate-z-5-0.5,9,penalty_feet_ori_mean,0.21554437279701233
g1_lafan,4728,4728,9600000,rotate-z-5-0.5,9,penalty_feet_ori_active_fraction,0.9620000720024109
g1_lafan,4728,4728,9600000,rotate-z-5-0.5,9,penalty_ankle_roll_mean,0.13362202048301697
g1_lafan,4728,4728,9600000,rotate-z-5-0.5,9,penalty_ankle_roll_active_fraction,1.0
g1_lafan,4728,4728,9600000,rotate-z-5-0.5,9,penalty_slippage_mean,0.2838524580001831
g1_lafan,4728,4728,9600000,rotate-z-5-0.5,9,penalty_slippage_active_fraction,0.9620000720024109
g1_lafan,4728,4728,9600000,rotate-z--5-0.5,0,return,20.38766098022461
g1_lafan,4728,4728,9600000,rotate-z--5-0.5,0,auxiliary_cost,1.6682735681533813
g1_lafan,4728,4728,9600000,rotate-z--5-0.5,0,safety_violation_rate,1.0
g1_lafan,4728,4728,9600000,rotate-z--5-0.5,0,termination_rate,0.0
g1_lafan,4728,4728,9600000,rotate-z--5-0.5,0,action_l2,2.6935739517211914
g1_lafan,4728,4728,9600000,rotate-z--5-0.5,0,penalty_torques_mean,7626.00390625
g1_lafan,4728,4728,9600000,rotate-z--5-0.5,0,penalty_torques_active_fraction,1.0
g1_lafan,4728,4728,9600000,rotate-z--5-0.5,0,penalty_action_rate_mean,2.6904678344726562
g1_lafan,4728,4728,9600000,rotate-z--5-0.5,0,penalty_action_rate_active_fraction,1.0
g1_lafan,4728,4728,9600000,rotate-z--5-0.5,0,limits_dof_pos_mean,0.023886462673544884
g1_lafan,4728,4728,9600000,rotate-z--5-0.5,0,limits_dof_pos_active_fraction,0.9980000257492065
g1_lafan,4728,4728,9600000,rotate-z--5-0.5,0,limits_torque_mean,3.3525428771972656
g1_lafan,4728,4728,9600000,rotate-z--5-0.5,0,limits_torque_active_fraction,0.9900000691413879
g1_lafan,4728,4728,9600000,rotate-z--5-0.5,0,penalty_undesired_contact_mean,0.0
g1_lafan,4728,4728,9600000,rotate-z--5-0.5,0,penalty_undesired_contact_active_fraction,0.0
g1_lafan,4728,4728,9600000,rotate-z--5-0.5,0,penalty_feet_ori_mean,0.2633049786090851
g1_lafan,4728,4728,9600000,rotate-z--5-0.5,0,penalty_feet_ori_active_fraction,0.9860000610351562
g1_lafan,4728,4728,9600000,rotate-z--5-0.5,0,penalty_ankle_roll_mean,0.12680833041667938
g1_lafan,4728,4728,9600000,rotate-z--5-0.5,0,penalty_ankle_roll_active_fraction,1.0
g1_lafan,4728,4728,9600000,rotate-z--5-0.5,0,penalty_slippage_mean,0.2739030718803406
g1_lafan,4728,4728,9600000,rotate-z--5-0.5,0,penalty_slippage_active_fraction,0.9860000610351562
g1_lafan,4728,4728,9600000,rotate-z--5-0.5,1,return,9.245282173156738
g1_lafan,4728,4728,9600000,rotate-z--5-0.5,1,auxiliary_cost,1.8636749982833862
g1_lafan,4728,4728,9600000,rotate-z--5-0.5,1,safety_violation_rate,1.0
g1_lafan,4728,4728,9600000,rotate-z--5-0.5,1,termination_rate,0.0
g1_lafan,4728,4728,9600000,rotate-z--5-0.5,1,action_l2,2.791398286819458
g1_lafan,4728,4728,9600000,rotate-z--5-0.5,1,penalty_torques_mean,8581.8046875
g1_lafan,4728,4728,9600000,rotate-z--5-0.5,1,penalty_torques_active_fraction,1.0
g1_lafan,4728,4728,9600000,rotate-z--5-0.5,1,penalty_action_rate_mean,3.826718330383301
g1_lafan,4728,4728,9600000,rotate-z--5-0.5,1,penalty_action_rate_active_fraction,1.0
g1_lafan,4728,4728,9600000,rotate-z--5-0.5,1,limits_dof_pos_mean,0.02588518336415291
g1_lafan,4728,4728,9600000,rotate-z--5-0.5,1,limits_dof_pos_active_fraction,0.9980000257492065
g1_lafan,4728,4728,9600000,rotate-z--5-0.5,1,limits_torque_mean,3.941051959991455
g1_lafan,4728,4728,9600000,rotate-z--5-0.5,1,limits_torque_active_fraction,0.9980000257492065
g1_lafan,4728,4728,9600000,rotate-z--5-0.5,1,penalty_undesired_contact_mean,0.036000002175569534
g1_lafan,4728,4728,9600000,rotate-z--5-0.5,1,penalty_undesired_contact_active_fraction,0.036000002175569534
g1_lafan,4728,4728,9600000,rotate-z--5-0.5,1,penalty_feet_ori_mean,0.23506413400173187
g1_lafan,4728,4728,9600000,rotate-z--5-0.5,1,penalty_feet_ori_active_fraction,0.9280000329017639
g1_lafan,4728,4728,9600000,rotate-z--5-0.5,1,penalty_ankle_roll_mean,0.12766608595848083
g1_lafan,4728,4728,9600000,rotate-z--5-0.5,1,penalty_ankle_roll_active_fraction,1.0
g1_lafan,4728,4728,9600000,rotate-z--5-0.5,1,penalty_slippage_mean,0.29073095321655273
g1_lafan,4728,4728,9600000,rotate-z--5-0.5,1,penalty_slippage_active_fraction,0.9280000329017639
g1_lafan,4728,4728,9600000,rotate-z--5-0.5,2,return,7.529903888702393
g1_lafan,4728,4728,9600000,rotate-z--5-0.5,2,auxiliary_cost,1.8563562631607056
g1_lafan,4728,4728,9600000,rotate-z--5-0.5,2,safety_violation_rate,1.0
g1_lafan,4728,4728,9600000,rotate-z--5-0.5,2,termination_rate,0.0
g1_lafan,4728,4728,9600000,rotate-z--5-0.5,2,action_l2,2.7589759826660156
g1_lafan,4728,4728,9600000,rotate-z--5-0.5,2,penalty_torques_mean,8427.45703125
g1_lafan,4728,4728,9600000,rotate-z--5-0.5,2,penalty_torques_active_fraction,1.0
g1_lafan,4728,4728,9600000,rotate-z--5-0.5,2,penalty_action_rate_mean,3.2798972129821777
g1_lafan,4728,4728,9600000,rotate-z--5-0.5,2,penalty_action_rate_active_fraction,1.0
g1_lafan,4728,4728,9600000,rotate-z--5-0.5,2,limits_dof_pos_mean,0.02641814760863781
g1_lafan,4728,4728,9600000,rotate-z--5-0.5,2,limits_dof_pos_active_fraction,1.0
g1_lafan,4728,4728,9600000,rotate-z--5-0.5,2,limits_torque_mean,3.66045880317688
g1_lafan,4728,4728,9600000,rotate-z--5-0.5,2,limits_torque_active_fraction,0.9820000529289246
g1_lafan,4728,4728,9600000,rotate-z--5-0.5,2,penalty_undesired_contact_mean,0.024000000208616257
g1_lafan,4728,4728,9600000,rotate-z--5-0.5,2,penalty_undesired_contact_active_fraction,0.024000000208616257
g1_lafan,4728,4728,9600000,rotate-z--5-0.5,2,penalty_feet_ori_mean,0.2714390158653259
g1_lafan,4728,4728,9600000,rotate-z--5-0.5,2,penalty_feet_ori_active_fraction,0.956000030040741
g1_lafan,4728,4728,9600000,rotate-z--5-0.5,2,penalty_ankle_roll_mean,0.12980204820632935
g1_lafan,4728,4728,9600000,rotate-z--5-0.5,2,penalty_ankle_roll_active_fraction,1.0
g1_lafan,4728,4728,9600000,rotate-z--5-0.5,2,penalty_slippage_mean,0.3062005639076233
g1_lafan,4728,4728,9600000,rotate-z--5-0.5,2,penalty_slippage_active_fraction,0.956000030040741
g1_lafan,4728,4728,9600000,rotate-z--5-0.5,3,return,26.18889045715332
g1_lafan,4728,4728,9600000,rotate-z--5-0.5,3,auxiliary_cost,1.8000774383544922
g1_lafan,4728,4728,9600000,rotate-z--5-0.5,3,safety_violation_rate,1.0
g1_lafan,4728,4728,9600000,rotate-z--5-0.5,3,termination_rate,0.0
g1_lafan,4728,4728,9600000,rotate-z--5-0.5,3,action_l2,2.753347396850586
g1_lafan,4728,4728,9600000,rotate-z--5-0.5,3,penalty_torques_mean,7957.544921875
g1_lafan,4728,4728,9600000,rotate-z--5-0.5,3,penalty_torques_active_fraction,1.0
g1_lafan,4728,4728,9600000,rotate-z--5-0.5,3,penalty_action_rate_mean,3.4443740844726562
g1_lafan,4728,4728,9600000,rotate-z--5-0.5,3,penalty_action_rate_active_fraction,1.0
g1_lafan,4728,4728,9600000,rotate-z--5-0.5,3,limits_dof_pos_mean,0.025467131286859512
g1_lafan,4728,4728,9600000,rotate-z--5-0.5,3,limits_dof_pos_active_fraction,1.0
g1_lafan,4728,4728,9600000,rotate-z--5-0.5,3,limits_torque_mean,3.485886573791504
g1_lafan,4728,4728,9600000,rotate-z--5-0.5,3,limits_torque_active_fraction,1.0
g1_lafan,4728,4728,9600000,rotate-z--5-0.5,3,penalty_undesired_contact_mean,0.036000002175569534
g1_lafan,4728,4728,9600000,rotate-z--5-0.5,3,penalty_undesired_contact_active_fraction,0.036000002175569534
g1_lafan,4728,4728,9600000,rotate-z--5-0.5,3,penalty_feet_ori_mean,0.26564693450927734
g1_lafan,4728,4728,9600000,rotate-z--5-0.5,3,penalty_feet_ori_active_fraction,0.9600000381469727
g1_lafan,4728,4728,9600000,rotate-z--5-0.5,3,penalty_ankle_roll_mean,0.12602238357067108
g1_lafan,4728,4728,9600000,rotate-z--5-0.5,3,penalty_ankle_roll_active_fraction,1.0
g1_lafan,4728,4728,9600000,rotate-z--5-0.5,3,penalty_slippage_mean,0.277309387922287
g1_lafan,4728,4728,9600000,rotate-z--5-0.5,3,penalty_slippage_active_fraction,0.9600000381469727
g1_lafan,4728,4728,9600000,rotate-z--5-0.5,4,return,13.114922523498535
g1_lafan,4728,4728,9600000,rotate-z--5-0.5,4,auxiliary_cost,1.820470929145813
g1_lafan,4728,4728,9600000,rotate-z--5-0.5,4,safety_violation_rate,1.0
g1_lafan,4728,4728,9600000,rotate-z--5-0.5,4,termination_rate,0.0
g1_lafan,4728,4728,9600000,rotate-z--5-0.5,4,action_l2,2.778210163116455
g1_lafan,4728,4728,9600000,rotate-z--5-0.5,4,penalty_torques_mean,8636.7109375
g1_lafan,4728,4728,9600000,rotate-z--5-0.5,4,penalty_torques_active_fraction,1.0
g1_lafan,4728,4728,9600000,rotate-z--5-0.5,4,penalty_action_rate_mean,3.5457804203033447
g1_lafan,4728,4728,9600000,rotate-z--5-0.5,4,penalty_action_rate_active_fraction,1.0
g1_lafan,4728,4728,9600000,rotate-z--5-0.5,4,limits_dof_pos_mean,0.024882879108190536
g1_lafan,4728,4728,9600000,rotate-z--5-0.5,4,limits_dof_pos_active_fraction,1.0
g1_lafan,4728,4728,9600000,rotate-z--5-0.5,4,limits_torque_mean,3.9273390769958496
g1_lafan,4728,4728,9600000,rotate-z--5-0.5,4,limits_torque_active_fraction,0.9720000624656677
g1_lafan,4728,4728,9600000,rotate-z--5-0.5,4,penalty_undesired_contact_mean,0.024000000208616257
g1_lafan,4728,4728,9600000,rotate-z--5-0.5,4,penalty_undesired_contact_active_fraction,0.024000000208616257
g1_lafan,4728,4728,9600000,rotate-z--5-0.5,4,penalty_feet_ori_mean,0.23384936153888702
g1_lafan,4728,4728,9600000,rotate-z--5-0.5,4,penalty_feet_ori_active_fraction,0.9620000720024109
g1_lafan,4728,4728,9600000,rotate-z--5-0.5,4,penalty_ankle_roll_mean,0.12811848521232605
g1_lafan,4728,4728,9600000,rotate-z--5-0.5,4,penalty_ankle_roll_active_fraction,1.0
g1_lafan,4728,4728,9600000,rotate-z--5-0.5,4,penalty_slippage_mean,0.29352471232414246
g1_lafan,4728,4728,9600000,rotate-z--5-0.5,4,penalty_slippage_active_fraction,0.9620000720024109
g1_lafan,4728,4728,9600000,rotate-z--5-0.5,5,return,10.641670227050781
g1_lafan,4728,4728,9600000,rotate-z--5-0.5,5,auxiliary_cost,1.5676480531692505
g1_lafan,4728,4728,9600000,rotate-z--5-0.5,5,safety_violation_rate,0.9860000610351562
g1_lafan,4728,4728,9600000,rotate-z--5-0.5,5,termination_rate,0.0
g1_lafan,4728,4728,9600000,rotate-z--5-0.5,5,action_l2,2.6736631393432617
g1_lafan,4728,4728,9600000,rotate-z--5-0.5,5,penalty_torques_mean,7198.244140625
g1_lafan,4728,4728,9600000,rotate-z--5-0.5,5,penalty_torques_active_fraction,1.0
g1_lafan,4728,4728,9600000,rotate-z--5-0.5,5,penalty_action_rate_mean,1.9445935487747192
g1_lafan,4728,4728,9600000,rotate-z--5-0.5,5,penalty_action_rate_active_fraction,1.0
g1_lafan,4728,4728,9600000,rotate-z--5-0.5,5,limits_dof_pos_mean,0.02202598564326763
g1_lafan,4728,4728,9600000,rotate-z--5-0.5,5,limits_dof_pos_active_fraction,0.9860000610351562
g1_lafan,4728,4728,9600000,rotate-z--5-0.5,5,limits_torque_mean,2.9230899810791016
g1_lafan,4728,4728,9600000,rotate-z--5-0.5,5,limits_torque_active_fraction,0.9460000395774841
g1_lafan,4728,4728,9600000,rotate-z--5-0.5,5,penalty_undesired_contact_mean,0.00800000037997961
g1_lafan,4728,4728,9600000,rotate-z--5-0.5,5,penalty_undesired_contact_active_fraction,0.00800000037997961
g1_lafan,4728,4728,9600000,rotate-z--5-0.5,5,penalty_feet_ori_mean,0.25335800647735596
g1_lafan,4728,4728,9600000,rotate-z--5-0.5,5,penalty_feet_ori_active_fraction,0.9960000514984131
g1_lafan,4728,4728,9600000,rotate-z--5-0.5,5,penalty_ankle_roll_mean,0.12457778304815292
g1_lafan,4728,4728,9600000,rotate-z--5-0.5,5,penalty_ankle_roll_active_fraction,1.0
g1_lafan,4728,4728,9600000,rotate-z--5-0.5,5,penalty_slippage_mean,0.2726369798183441
g1_lafan,4728,4728,9600000,rotate-z--5-0.5,5,penalty_slippage_active_fraction,0.9960000514984131
g1_lafan,4728,4728,9600000,rotate-z--5-0.5,6,return,11.544374465942383
g1_lafan,4728,4728,9600000,rotate-z--5-0.5,6,auxiliary_cost,1.815749168395996
g1_lafan,4728,4728,9600000,rotate-z--5-0.5,6,safety_violation_rate,1.0
g1_lafan,4728,4728,9600000,rotate-z--5-0.5,6,termination_rate,0.0
g1_lafan,4728,4728,9600000,rotate-z--5-0.5,6,action_l2,2.7467875480651855
g1_lafan,4728,4728,9600000,rotate-z--5-0.5,6,penalty_torques_mean,8039.30029296875
g1_lafan,4728,4728,9600000,rotate-z--5-0.5,6,penalty_torques_active_fraction,1.0
g1_lafan,4728,4728,9600000,rotate-z--5-0.5,6,penalty_action_rate_mean,3.4594902992248535
g1_lafan,4728,4728,9600000,rotate-z--5-0.5,6,penalty_action_rate_active_fraction,1.0
g1_lafan,4728,4728,9600000,rotate-z--5-0.5,6,limits_dof_pos_mean,0.02522910013794899
g1_lafan,4728,4728,9600000,rotate-z--5-0.5,6,limits_dof_pos_active_fraction,1.0
g1_lafan,4728,4728,9600000,rotate-z--5-0.5,6,limits_torque_mean,3.2667672634124756
g1_lafan,4728,4728,9600000,rotate-z--5-0.5,6,limits_torque_active_fraction,0.9540000557899475
g1_lafan,4728,4728,9600000,rotate-z--5-0.5,6,penalty_undesired_contact_mean,0.026000000536441803
g1_lafan,4728,4728,9600000,rotate-z--5-0.5,6,penalty_undesired_contact_active_fraction,0.026000000536441803
g1_lafan,4728,4728,9600000,rotate-z--5-0.5,6,penalty_feet_ori_mean,0.26514381170272827
g1_lafan,4728,4728,9600000,rotate-z--5-0.5,6,penalty_feet_ori_active_fraction,0.9640000462532043
g1_lafan,4728,4728,9600000,rotate-z--5-0.5,6,penalty_ankle_roll_mean,0.12768854200839996
g1_lafan,4728,4728,9600000,rotate-z--5-0.5,6,penalty_ankle_roll_active_fraction,1.0
g1_lafan,4728,4728,9600000,rotate-z--5-0.5,6,penalty_slippage_mean,0.28734779357910156
g1_lafan,4728,4728,9600000,rotate-z--5-0.5,6,penalty_slippage_active_fraction,0.9640000462532043
g1_lafan,4728,4728,9600000,rotate-z--5-0.5,7,return,12.429363250732422
g1_lafan,4728,4728,9600000,rotate-z--5-0.5,7,auxiliary_cost,1.7215713262557983
g1_lafan,4728,4728,9600000,rotate-z--5-0.5,7,safety_violation_rate,1.0
g1_lafan,4728,4728,9600000,rotate-z--5-0.5,7,termination_rate,0.0
g1_lafan,4728,4728,9600000,rotate-z--5-0.5,7,action_l2,2.758340835571289
g1_lafan,4728,4728,9600000,rotate-z--5-0.5,7,penalty_torques_mean,7884.962890625
g1_lafan,4728,4728,9600000,rotate-z--5-0.5,7,penalty_torques_active_fraction,1.0
g1_lafan,4728,4728,9600000,rotate-z--5-0.5,7,penalty_action_rate_mean,2.8072702884674072
g1_lafan,4728,4728,9600000,rotate-z--5-0.5,7,penalty_action_rate_active_fraction,1.0
g1_lafan,4728,4728,9600000,rotate-z--5-0.5,7,limits_dof_pos_mean,0.026722725480794907
g1_lafan,4728,4728,9600000,rotate-z--5-0.5,7,limits_dof_pos_active_fraction,1.0
g1_lafan,4728,4728,9600000,rotate-z--5-0.5,7,limits_torque_mean,3.4364397525787354
g1_lafan,4728,4728,9600000,rotate-z--5-0.5,7,limits_torque_active_fraction,0.9860000610351562
g1_lafan,4728,4728,9600000,rotate-z--5-0.5,7,penalty_undesired_contact_mean,0.06400000303983688
g1_lafan,4728,4728,9600000,rotate-z--5-0.5,7,penalty_undesired_contact_active_fraction,0.06400000303983688
g1_lafan,4728,4728,9600000,rotate-z--5-0.5,7,penalty_feet_ori_mean,0.25544309616088867
g1_lafan,4728,4728,9600000,rotate-z--5-0.5,7,penalty_feet_ori_active_fraction,0.9700000286102295
g1_lafan,4728,4728,9600000,rotate-z--5-0.5,7,penalty_ankle_roll_mean,0.12805522978305817
g1_lafan,4728,4728,9600000,rotate-z--5-0.5,7,penalty_ankle_roll_active_fraction,1.0
g1_lafan,4728,4728,9600000,rotate-z--5-0.5,7,penalty_slippage_mean,0.24760930240154266
g1_lafan,4728,4728,9600000,rotate-z--5-0.5,7,penalty_slippage_active_fraction,0.9700000286102295
g1_lafan,4728,4728,9600000,rotate-z--5-0.5,8,return,16.93794822692871
g1_lafan,4728,4728,9600000,rotate-z--5-0.5,8,auxiliary_cost,1.5313547849655151
g1_lafan,4728,4728,9600000,rotate-z--5-0.5,8,safety_violation_rate,0.9940000176429749
g1_lafan,4728,4728,9600000,rotate-z--5-0.5,8,termination_rate,0.0
g1_lafan,4728,4728,9600000,rotate-z--5-0.5,8,action_l2,2.7111575603485107
g1_lafan,4728,4728,9600000,rotate-z--5-0.5,8,penalty_torques_mean,7120.72509765625
g1_lafan,4728,4728,9600000,rotate-z--5-0.5,8,penalty_torques_active_fraction,1.0
g1_lafan,4728,4728,9600000,rotate-z--5-0.5,8,penalty_action_rate_mean,2.1137778759002686
g1_lafan,4728,4728,9600000,rotate-z--5-0.5,8,penalty_action_rate_active_fraction,1.0
g1_lafan,4728,4728,9600000,rotate-z--5-0.5,8,limits_dof_pos_mean,0.022534210234880447
g1_lafan,4728,4728,9600000,rotate-z--5-0.5,8,limits_dof_pos_active_fraction,0.9940000176429749
g1_lafan,4728,4728,9600000,rotate-z--5-0.5,8,limits_torque_mean,3.386991024017334
g1_lafan,4728,4728,9600000,rotate-z--5-0.5,8,limits_torque_active_fraction,0.9920000433921814
g1_lafan,4728,4728,9600000,rotate-z--5-0.5,8,penalty_undesired_contact_mean,0.0
g1_lafan,4728,4728,9600000,rotate-z--5-0.5,8,penalty_undesired_contact_active_fraction,0.0
g1_lafan,4728,4728,9600000,rotate-z--5-0.5,8,penalty_feet_ori_mean,0.21886736154556274
g1_lafan,4728,4728,9600000,rotate-z--5-0.5,8,penalty_feet_ori_active_fraction,0.9700000286102295
g1_lafan,4728,4728,9600000,rotate-z--5-0.5,8,penalty_ankle_roll_mean,0.12466960400342941
g1_lafan,4728,4728,9600000,rotate-z--5-0.5,8,penalty_ankle_roll_active_fraction,1.0
g1_lafan,4728,4728,9600000,rotate-z--5-0.5,8,penalty_slippage_mean,0.25420495867729187
g1_lafan,4728,4728,9600000,rotate-z--5-0.5,8,penalty_slippage_active_fraction,0.9700000286102295
g1_lafan,4728,4728,9600000,rotate-z--5-0.5,9,return,17.79788589477539
g1_lafan,4728,4728,9600000,rotate-z--5-0.5,9,auxiliary_cost,1.730114459991455
g1_lafan,4728,4728,9600000,rotate-z--5-0.5,9,safety_violation_rate,1.0
g1_lafan,4728,4728,9600000,rotate-z--5-0.5,9,termination_rate,0.0
g1_lafan,4728,4728,9600000,rotate-z--5-0.5,9,action_l2,2.6865737438201904
g1_lafan,4728,4728,9600000,rotate-z--5-0.5,9,penalty_torques_mean,7487.26611328125
g1_lafan,4728,4728,9600000,rotate-z--5-0.5,9,penalty_torques_active_fraction,1.0
g1_lafan,4728,4728,9600000,rotate-z--5-0.5,9,penalty_action_rate_mean,2.5473127365112305
g1_lafan,4728,4728,9600000,rotate-z--5-0.5,9,penalty_action_rate_active_fraction,1.0
g1_lafan,4728,4728,9600000,rotate-z--5-0.5,9,limits_dof_pos_mean,0.02505803108215332
g1_lafan,4728,4728,9600000,rotate-z--5-0.5,9,limits_dof_pos_active_fraction,1.0
g1_lafan,4728,4728,9600000,rotate-z--5-0.5,9,limits_torque_mean,3.2153611183166504
g1_lafan,4728,4728,9600000,rotate-z--5-0.5,9,limits_torque_active_fraction,0.9580000638961792
g1_lafan,4728,4728,9600000,rotate-z--5-0.5,9,penalty_undesired_contact_mean,0.0
g1_lafan,4728,4728,9600000,rotate-z--5-0.5,9,penalty_undesired_contact_active_fraction,0.0
g1_lafan,4728,4728,9600000,rotate-z--5-0.5,9,penalty_feet_ori_mean,0.28591594099998474
g1_lafan,4728,4728,9600000,rotate-z--5-0.5,9,penalty_feet_ori_active_fraction,0.9700000286102295
g1_lafan,4728,4728,9600000,rotate-z--5-0.5,9,penalty_ankle_roll_mean,0.12643028795719147
g1_lafan,4728,4728,9600000,rotate-z--5-0.5,9,penalty_ankle_roll_active_fraction,1.0
g1_lafan,4728,4728,9600000,rotate-z--5-0.5,9,penalty_slippage_mean,0.3023577928543091
g1_lafan,4728,4728,9600000,rotate-z--5-0.5,9,penalty_slippage_active_fraction,0.9700000286102295
g1_lafan,4728,4728,9600000,raisearms-l-l,0,return,82.10542297363281
g1_lafan,4728,4728,9600000,raisearms-l-l,0,auxiliary_cost,2.021584987640381
g1_lafan,4728,4728,9600000,raisearms-l-l,0,safety_violation_rate,1.0
g1_lafan,4728,4728,9600000,raisearms-l-l,0,termination_rate,0.0
g1_lafan,4728,4728,9600000,raisearms-l-l,0,action_l2,2.5760324001312256
g1_lafan,4728,4728,9600000,raisearms-l-l,0,penalty_torques_mean,6615.41748046875
g1_lafan,4728,4728,9600000,raisearms-l-l,0,penalty_torques_active_fraction,1.0
g1_lafan,4728,4728,9600000,raisearms-l-l,0,penalty_action_rate_mean,0.7026850581169128
g1_lafan,4728,4728,9600000,raisearms-l-l,0,penalty_action_rate_active_fraction,1.0
g1_lafan,4728,4728,9600000,raisearms-l-l,0,limits_dof_pos_mean,0.02517113834619522
g1_lafan,4728,4728,9600000,raisearms-l-l,0,limits_dof_pos_active_fraction,1.0
g1_lafan,4728,4728,9600000,raisearms-l-l,0,limits_torque_mean,4.828733444213867
g1_lafan,4728,4728,9600000,raisearms-l-l,0,limits_torque_active_fraction,0.984000027179718
g1_lafan,4728,4728,9600000,raisearms-l-l,0,penalty_undesired_contact_mean,0.89000004529953
g1_lafan,4728,4728,9600000,raisearms-l-l,0,penalty_undesired_contact_active_fraction,0.89000004529953
g1_lafan,4728,4728,9600000,raisearms-l-l,0,penalty_feet_ori_mean,0.4462163746356964
g1_lafan,4728,4728,9600000,raisearms-l-l,0,penalty_feet_ori_active_fraction,1.0
g1_lafan,4728,4728,9600000,raisearms-l-l,0,penalty_ankle_roll_mean,0.13542012870311737
g1_lafan,4728,4728,9600000,raisearms-l-l,0,penalty_ankle_roll_active_fraction,1.0
g1_lafan,4728,4728,9600000,raisearms-l-l,0,penalty_slippage_mean,0.04471852257847786
g1_lafan,4728,4728,9600000,raisearms-l-l,0,penalty_slippage_active_fraction,1.0
g1_lafan,4728,4728,9600000,raisearms-l-l,1,return,26.346553802490234
g1_lafan,4728,4728,9600000,raisearms-l-l,1,auxiliary_cost,1.6346431970596313
g1_lafan,4728,4728,9600000,raisearms-l-l,1,safety_violation_rate,1.0
g1_lafan,4728,4728,9600000,raisearms-l-l,1,termination_rate,0.0
g1_lafan,4728,4728,9600000,raisearms-l-l,1,action_l2,2.7490077018737793
g1_lafan,4728,4728,9600000,raisearms-l-l,1,penalty_torques_mean,8018.845703125
g1_lafan,4728,4728,9600000,raisearms-l-l,1,penalty_torques_active_fraction,1.0
g1_lafan,4728,4728,9600000,raisearms-l-l,1,penalty_action_rate_mean,2.825777053833008
g1_lafan,4728,4728,9600000,raisearms-l-l,1,penalty_action_rate_active_fraction,1.0
g1_lafan,4728,4728,9600000,raisearms-l-l,1,limits_dof_pos_mean,0.02902614325284958
g1_lafan,4728,4728,9600000,raisearms-l-l,1,limits_dof_pos_active_fraction,1.0
g1_lafan,4728,4728,9600000,raisearms-l-l,1,limits_torque_mean,5.076653957366943
g1_lafan,4728,4728,9600000,raisearms-l-l,1,limits_torque_active_fraction,1.0
g1_lafan,4728,4728,9600000,raisearms-l-l,1,penalty_undesired_contact_mean,0.07200000435113907
g1_lafan,4728,4728,9600000,raisearms-l-l,1,penalty_undesired_contact_active_fraction,0.07200000435113907
g1_lafan,4728,4728,9600000,raisearms-l-l,1,penalty_feet_ori_mean,0.22125186026096344
g1_lafan,4728,4728,9600000,raisearms-l-l,1,penalty_feet_ori_active_fraction,0.9880000352859497
g1_lafan,4728,4728,9600000,raisearms-l-l,1,penalty_ankle_roll_mean,0.13652439415454865
g1_lafan,4728,4728,9600000,raisearms-l-l,1,penalty_ankle_roll_active_fraction,1.0
g1_lafan,4728,4728,9600000,raisearms-l-l,1,penalty_slippage_mean,0.17760321497917175
g1_lafan,4728,4728,9600000,raisearms-l-l,1,penalty_slippage_active_fraction,0.9880000352859497
g1_lafan,4728,4728,9600000,raisearms-l-l,2,return,67.69281005859375
g1_lafan,4728,4728,9600000,raisearms-l-l,2,auxiliary_cost,2.211207628250122
g1_lafan,4728,4728,9600000,raisearms-l-l,2,safety_violation_rate,1.0
g1_lafan,4728,4728,9600000,raisearms-l-l,2,termination_rate,0.0
g1_lafan,4728,4728,9600000,raisearms-l-l,2,action_l2,2.6462295055389404
g1_lafan,4728,4728,9600000,raisearms-l-l,2,penalty_torques_mean,7760.48046875
g1_lafan,4728,4728,9600000,raisearms-l-l,2,penalty_torques_active_fraction,1.0
g1_lafan,4728,4728,9600000,raisearms-l-l,2,penalty_action_rate_mean,1.297282338142395
g1_lafan,4728,4728,9600000,raisearms-l-l,2,penalty_action_rate_active_fraction,1.0
g1_lafan,4728,4728,9600000,raisearms-l-l,2,limits_dof_pos_mean,0.025424880906939507
g1_lafan,4728,4728,9600000,raisearms-l-l,2,limits_dof_pos_active_fraction,1.0
g1_lafan,4728,4728,9600000,raisearms-l-l,2,limits_torque_mean,5.033566474914551
g1_lafan,4728,4728,9600000,raisearms-l-l,2,limits_torque_active_fraction,1.0
g1_lafan,4728,4728,9600000,raisearms-l-l,2,penalty_undesired_contact_mean,0.9960000514984131
g1_lafan,4728,4728,9600000,raisearms-l-l,2,penalty_undesired_contact_active_fraction,0.9960000514984131
g1_lafan,4728,4728,9600000,raisearms-l-l,2,penalty_feet_ori_mean,0.37414786219596863
g1_lafan,4728,4728,9600000,raisearms-l-l,2,penalty_feet_ori_active_fraction,0.9980000257492065
g1_lafan,4728,4728,9600000,raisearms-l-l,2,penalty_ankle_roll_mean,0.13631097972393036
g1_lafan,4728,4728,9600000,raisearms-l-l,2,penalty_ankle_roll_active_fraction,1.0
g1_lafan,4728,4728,9600000,raisearms-l-l,2,penalty_slippage_mean,0.06816376745700836
g1_lafan,4728,4728,9600000,raisearms-l-l,2,penalty_slippage_active_fraction,0.9980000257492065
g1_lafan,4728,4728,9600000,raisearms-l-l,3,return,0.0
g1_lafan,4728,4728,9600000,raisearms-l-l,3,auxiliary_cost,1.111135482788086
g1_lafan,4728,4728,9600000,raisearms-l-l,3,safety_violation_rate,1.0
g1_lafan,4728,4728,9600000,raisearms-l-l,3,termination_rate,0.0
g1_lafan,4728,4728,9600000,raisearms-l-l,3,action_l2,2.6594417095184326
g1_lafan,4728,4728,9600000,raisearms-l-l,3,penalty_torques_mean,6481.64697265625
g1_lafan,4728,4728,9600000,raisearms-l-l,3,penalty_torques_active_fraction,1.0
g1_lafan,4728,4728,9600000,raisearms-l-l,3,penalty_action_rate_mean,0.9647751450538635
g1_lafan,4728,4728,9600000,raisearms-l-l,3,penalty_action_rate_active_fraction,1.0
g1_lafan,4728,4728,9600000,raisearms-l-l,3,limits_dof_pos_mean,0.025379296392202377
g1_lafan,4728,4728,9600000,raisearms-l-l,3,limits_dof_pos_active_fraction,1.0
g1_lafan,4728,4728,9600000,raisearms-l-l,3,limits_torque_mean,5.014052391052246
g1_lafan,4728,4728,9600000,raisearms-l-l,3,limits_torque_active_fraction,1.0
g1_lafan,4728,4728,9600000,raisearms-l-l,3,penalty_undesired_contact_mean,0.0020000000949949026
g1_lafan,4728,4728,9600000,raisearms-l-l,3,penalty_undesired_contact_active_fraction,0.0020000000949949026
g1_lafan,4728,4728,9600000,raisearms-l-l,3,penalty_feet_ori_mean,0.2410920411348343
g1_lafan,4728,4728,9600000,raisearms-l-l,3,penalty_feet_ori_active_fraction,1.0
g1_lafan,4728,4728,9600000,raisearms-l-l,3,penalty_ankle_roll_mean,0.1364668756723404
g1_lafan,4728,4728,9600000,raisearms-l-l,3,penalty_ankle_roll_active_fraction,1.0
g1_lafan,4728,4728,9600000,raisearms-l-l,3,penalty_slippage_mean,0.058280304074287415
g1_lafan,4728,4728,9600000,raisearms-l-l,3,penalty_slippage_active_fraction,1.0
g1_lafan,4728,4728,9600000,raisearms-l-l,4,return,16.819292068481445
g1_lafan,4728,4728,9600000,raisearms-l-l,4,auxiliary_cost,1.4544289112091064
g1_lafan,4728,4728,9600000,raisearms-l-l,4,safety_violation_rate,1.0
g1_lafan,4728,4728,9600000,raisearms-l-l,4,termination_rate,0.0
g1_lafan,4728,4728,9600000,raisearms-l-l,4,action_l2,2.7157700061798096
g1_lafan,4728,4728,9600000,raisearms-l-l,4,penalty_torques_mean,8499.201171875
g1_lafan,4728,4728,9600000,raisearms-l-l,4,penalty_torques_active_fraction,1.0
g1_lafan,4728,4728,9600000,raisearms-l-l,4,penalty_action_rate_mean,2.0223770141601562
g1_lafan,4728,4728,9600000,raisearms-l-l,4,penalty_action_rate_active_fraction,1.0
g1_lafan,4728,4728,9600000,raisearms-l-l,4,limits_dof_pos_mean,0.02780097909271717
g1_lafan,4728,4728,9600000,raisearms-l-l,4,limits_dof_pos_active_fraction,1.0
g1_lafan,4728,4728,9600000,raisearms-l-l,4,limits_torque_mean,5.304296493530273
g1_lafan,4728,4728,9600000,raisearms-l-l,4,limits_torque_active_fraction,1.0
g1_lafan,4728,4728,9600000,raisearms-l-l,4,penalty_undesired_contact_mean,0.02800000086426735
g1_lafan,4728,4728,9600000,raisearms-l-l,4,penalty_undesired_contact_active_fraction,0.02800000086426735
g1_lafan,4728,4728,9600000,raisearms-l-l,4,penalty_feet_ori_mean,0.37223926186561584
g1_lafan,4728,4728,9600000,raisearms-l-l,4,penalty_feet_ori_active_fraction,0.9780000448226929
g1_lafan,4728,4728,9600000,raisearms-l-l,4,penalty_ankle_roll_mean,0.13655902445316315
g1_lafan,4728,4728,9600000,raisearms-l-l,4,penalty_ankle_roll_active_fraction,1.0
g1_lafan,4728,4728,9600000,raisearms-l-l,4,penalty_slippage_mean,0.125524640083313
g1_lafan,4728,4728,9600000,raisearms-l-l,4,penalty_slippage_active_fraction,0.9780000448226929
g1_lafan,4728,4728,9600000,raisearms-l-l,5,return,90.71458435058594
g1_lafan,4728,4728,9600000,raisearms-l-l,5,auxiliary_cost,1.2003529071807861
g1_lafan,4728,4728,9600000,raisearms-l-l,5,safety_violation_rate,1.0
g1_lafan,4728,4728,9600000,raisearms-l-l,5,termination_rate,0.0
g1_lafan,4728,4728,9600000,raisearms-l-l,5,action_l2,2.6604647636413574
g1_lafan,4728,4728,9600000,raisearms-l-l,5,penalty_torques_mean,6575.58642578125
g1_lafan,4728,4728,9600000,raisearms-l-l,5,penalty_torques_active_fraction,1.0
g1_lafan,4728,4728,9600000,raisearms-l-l,5,penalty_action_rate_mean,1.3705650568008423
g1_lafan,4728,4728,9600000,raisearms-l-l,5,penalty_action_rate_active_fraction,1.0
g1_lafan,4728,4728,9600000,raisearms-l-l,5,limits_dof_pos_mean,0.025482987985014915
g1_lafan,4728,4728,9600000,raisearms-l-l,5,limits_dof_pos_active_fraction,1.0
g1_lafan,4728,4728,9600000,raisearms-l-l,5,limits_torque_mean,4.970236778259277
g1_lafan,4728,4728,9600000,raisearms-l-l,5,limits_torque_active_fraction,0.9960000514984131
g1_lafan,4728,4728,9600000,raisearms-l-l,5,penalty_undesired_contact_mean,0.004000000189989805
g1_lafan,4728,4728,9600000,raisearms-l-l,5,penalty_undesired_contact_active_fraction,0.004000000189989805
g1_lafan,4728,4728,9600000,raisearms-l-l,5,penalty_feet_ori_mean,0.3213023841381073
g1_lafan,4728,4728,9600000,raisearms-l-l,5,penalty_feet_ori_active_fraction,0.9960000514984131
g1_lafan,4728,4728,9600000,raisearms-l-l,5,penalty_ankle_roll_mean,0.13656815886497498
g1_lafan,4728,4728,9600000,raisearms-l-l,5,penalty_ankle_roll_active_fraction,1.0
g1_lafan,4728,4728,9600000,raisearms-l-l,5,penalty_slippage_mean,0.064836785197258
g1_lafan,4728,4728,9600000,raisearms-l-l,5,penalty_slippage_active_fraction,0.9960000514984131
g1_lafan,4728,4728,9600000,raisearms-l-l,6,return,20.489429473876953
g1_lafan,4728,4728,9600000,raisearms-l-l,6,auxiliary_cost,2.316128730773926
g1_lafan,4728,4728,9600000,raisearms-l-l,6,safety_violation_rate,1.0
g1_lafan,4728,4728,9600000,raisearms-l-l,6,termination_rate,0.0
g1_lafan,4728,4728,9600000,raisearms-l-l,6,action_l2,2.6662399768829346
g1_lafan,4728,4728,9600000,raisearms-l-l,6,penalty_torques_mean,7374.0673828125
g1_lafan,4728,4728,9600000,raisearms-l-l,6,penalty_torques_active_fraction,1.0
g1_lafan,4728,4728,9600000,raisearms-l-l,6,penalty_action_rate_mean,2.0104291439056396
g1_lafan,4728,4728,9600000,raisearms-l-l,6,penalty_action_rate_active_fraction,1.0
g1_lafan,4728,4728,9600000,raisearms-l-l,6,limits_dof_pos_mean,0.02738778106868267
g1_lafan,4728,4728,9600000,raisearms-l-l,6,limits_dof_pos_active_fraction,1.0
g1_lafan,4728,4728,9600000,raisearms-l-l,6,limits_torque_mean,5.167172908782959
g1_lafan,4728,4728,9600000,raisearms-l-l,6,limits_torque_active_fraction,0.9980000257492065
g1_lafan,4728,4728,9600000,raisearms-l-l,6,penalty_undesired_contact_mean,0.9700000286102295
g1_lafan,4728,4728,9600000,raisearms-l-l,6,penalty_undesired_contact_active_fraction,0.9700000286102295
g1_lafan,4728,4728,9600000,raisearms-l-l,6,penalty_feet_ori_mean,0.25819382071495056
g1_lafan,4728,4728,9600000,raisearms-l-l,6,penalty_feet_ori_active_fraction,0.984000027179718
g1_lafan,4728,4728,9600000,raisearms-l-l,6,penalty_ankle_roll_mean,0.1365349292755127
g1_lafan,4728,4728,9600000,raisearms-l-l,6,penalty_ankle_roll_active_fraction,1.0
g1_lafan,4728,4728,9600000,raisearms-l-l,6,penalty_slippage_mean,0.11089511215686798
g1_lafan,4728,4728,9600000,raisearms-l-l,6,penalty_slippage_active_fraction,0.984000027179718
g1_lafan,4728,4728,9600000,raisearms-l-l,7,return,91.65596008300781
g1_lafan,4728,4728,9600000,raisearms-l-l,7,auxiliary_cost,1.2410576343536377
g1_lafan,4728,4728,9600000,raisearms-l-l,7,safety_violation_rate,1.0
g1_lafan,4728,4728,9600000,raisearms-l-l,7,termination_rate,0.0
g1_lafan,4728,4728,9600000,raisearms-l-l,7,action_l2,2.7402701377868652
g1_lafan,4728,4728,9600000,raisearms-l-l,7,penalty_torques_mean,7472.48095703125
g1_lafan,4728,4728,9600000,raisearms-l-l,7,penalty_torques_active_fraction,1.0
g1_lafan,4728,4728,9600000,raisearms-l-l,7,penalty_action_rate_mean,1.7145705223083496
g1_lafan,4728,4728,9600000,raisearms-l-l,7,penalty_action_rate_active_fraction,1.0
g1_lafan,4728,4728,9600000,raisearms-l-l,7,limits_dof_pos_mean,0.02716704271733761
g1_lafan,4728,4728,9600000,raisearms-l-l,7,limits_dof_pos_active_fraction,1.0
g1_lafan,4728,4728,9600000,raisearms-l-l,7,limits_torque_mean,5.061913013458252
g1_lafan,4728,4728,9600000,raisearms-l-l,7,limits_torque_active_fraction,0.9980000257492065
g1_lafan,4728,4728,9600000,raisearms-l-l,7,penalty_undesired_contact_mean,0.014000000432133675
g1_lafan,4728,4728,9600000,raisearms-l-l,7,penalty_undesired_contact_active_fraction,0.014000000432133675
g1_lafan,4728,4728,9600000,raisearms-l-l,7,penalty_feet_ori_mean,0.15582488477230072
g1_lafan,4728,4728,9600000,raisearms-l-l,7,penalty_feet_ori_active_fraction,0.9820000529289246
g1_lafan,4728,4728,9600000,raisearms-l-l,7,penalty_ankle_roll_mean,0.13660936057567596
g1_lafan,4728,4728,9600000,raisearms-l-l,7,penalty_ankle_roll_active_fraction,1.0
g1_lafan,4728,4728,9600000,raisearms-l-l,7,penalty_slippage_mean,0.08758150786161423
g1_lafan,4728,4728,9600000,raisearms-l-l,7,penalty_slippage_active_fraction,0.9820000529289246
g1_lafan,4728,4728,9600000,raisearms-l-l,8,return,6.002521514892578
g1_lafan,4728,4728,9600000,raisearms-l-l,8,auxiliary_cost,1.5997627973556519
g1_lafan,4728,4728,9600000,raisearms-l-l,8,safety_violation_rate,1.0
g1_lafan,4728,4728,9600000,raisearms-l-l,8,termination_rate,0.0
g1_lafan,4728,4728,9600000,raisearms-l-l,8,action_l2,2.7524328231811523
g1_lafan,4728,4728,9600000,raisearms-l-l,8,penalty_torques_mean,7539.439453125
g1_lafan,4728,4728,9600000,raisearms-l-l,8,penalty_torques_active_fraction,1.0
g1_lafan,4728,4728,9600000,raisearms-l-l,8,penalty_action_rate_mean,2.8059306144714355
g1_lafan,4728,4728,9600000,raisearms-l-l,8,penalty_action_rate_active_fraction,1.0
g1_lafan,4728,4728,9600000,raisearms-l-l,8,limits_dof_pos_mean,0.028866853564977646
g1_lafan,4728,4728,9600000,raisearms-l-l,8,limits_dof_pos_active_fraction,1.0
g1_lafan,4728,4728,9600000,raisearms-l-l,8,limits_torque_mean,5.117424011230469
g1_lafan,4728,4728,9600000,raisearms-l-l,8,limits_torque_active_fraction,0.9980000257492065
g1_lafan,4728,4728,9600000,raisearms-l-l,8,penalty_undesired_contact_mean,0.18200001120567322
g1_lafan,4728,4728,9600000,raisearms-l-l,8,penalty_undesired_contact_active_fraction,0.18200001120567322
g1_lafan,4728,4728,9600000,raisearms-l-l,8,penalty_feet_ori_mean,0.21258866786956787
g1_lafan,4728,4728,9600000,raisearms-l-l,8,penalty_feet_ori_active_fraction,0.9240000247955322
g1_lafan,4728,4728,9600000,raisearms-l-l,8,penalty_ankle_roll_mean,0.13677680492401123
g1_lafan,4728,4728,9600000,raisearms-l-l,8,penalty_ankle_roll_active_fraction,1.0
g1_lafan,4728,4728,9600000,raisearms-l-l,8,penalty_slippage_mean,0.10817866772413254
g1_lafan,4728,4728,9600000,raisearms-l-l,8,penalty_slippage_active_fraction,0.9240000247955322
g1_lafan,4728,4728,9600000,raisearms-l-l,9,return,5.4874186515808105
g1_lafan,4728,4728,9600000,raisearms-l-l,9,auxiliary_cost,1.2701689004898071
g1_lafan,4728,4728,9600000,raisearms-l-l,9,safety_violation_rate,0.9940000176429749
g1_lafan,4728,4728,9600000,raisearms-l-l,9,termination_rate,0.0
g1_lafan,4728,4728,9600000,raisearms-l-l,9,action_l2,2.665813684463501
g1_lafan,4728,4728,9600000,raisearms-l-l,9,penalty_torques_mean,7186.505859375
g1_lafan,4728,4728,9600000,raisearms-l-l,9,penalty_torques_active_fraction,1.0
g1_lafan,4728,4728,9600000,raisearms-l-l,9,penalty_action_rate_mean,1.2802114486694336
g1_lafan,4728,4728,9600000,raisearms-l-l,9,penalty_action_rate_active_fraction,1.0
g1_lafan,4728,4728,9600000,raisearms-l-l,9,limits_dof_pos_mean,0.02528686262667179
g1_lafan,4728,4728,9600000,raisearms-l-l,9,limits_dof_pos_active_fraction,0.9940000176429749
g1_lafan,4728,4728,9600000,raisearms-l-l,9,limits_torque_mean,4.931992530822754
g1_lafan,4728,4728,9600000,raisearms-l-l,9,limits_torque_active_fraction,0.9900000691413879
g1_lafan,4728,4728,9600000,raisearms-l-l,9,penalty_undesired_contact_mean,0.004000000189989805
g1_lafan,4728,4728,9600000,raisearms-l-l,9,penalty_undesired_contact_active_fraction,0.004000000189989805
g1_lafan,4728,4728,9600000,raisearms-l-l,9,penalty_feet_ori_mean,0.41097912192344666
g1_lafan,4728,4728,9600000,raisearms-l-l,9,penalty_feet_ori_active_fraction,1.0
g1_lafan,4728,4728,9600000,raisearms-l-l,9,penalty_ankle_roll_mean,0.1354108601808548
g1_lafan,4728,4728,9600000,raisearms-l-l,9,penalty_ankle_roll_active_fraction,1.0
g1_lafan,4728,4728,9600000,raisearms-l-l,9,penalty_slippage_mean,0.08962181955575943
g1_lafan,4728,4728,9600000,raisearms-l-l,9,penalty_slippage_active_fraction,1.0
g1_lafan,4728,4728,9600000,raisearms-l-m,0,return,59.510169982910156
g1_lafan,4728,4728,9600000,raisearms-l-m,0,auxiliary_cost,1.7556583881378174
g1_lafan,4728,4728,9600000,raisearms-l-m,0,safety_violation_rate,1.0
g1_lafan,4728,4728,9600000,raisearms-l-m,0,termination_rate,0.0
g1_lafan,4728,4728,9600000,raisearms-l-m,0,action_l2,2.8833560943603516
g1_lafan,4728,4728,9600000,raisearms-l-m,0,penalty_torques_mean,7222.05810546875
g1_lafan,4728,4728,9600000,raisearms-l-m,0,penalty_torques_active_fraction,1.0
g1_lafan,4728,4728,9600000,raisearms-l-m,0,penalty_action_rate_mean,3.0772922039031982
g1_lafan,4728,4728,9600000,raisearms-l-m,0,penalty_action_rate_active_fraction,1.0
g1_lafan,4728,4728,9600000,raisearms-l-m,0,limits_dof_pos_mean,0.028745537623763084
g1_lafan,4728,4728,9600000,raisearms-l-m,0,limits_dof_pos_active_fraction,1.0
g1_lafan,4728,4728,9600000,raisearms-l-m,0,limits_torque_mean,5.064450740814209
g1_lafan,4728,4728,9600000,raisearms-l-m,0,limits_torque_active_fraction,1.0
g1_lafan,4728,4728,9600000,raisearms-l-m,0,penalty_undesired_contact_mean,0.006000000052154064
g1_lafan,4728,4728,9600000,raisearms-l-m,0,penalty_undesired_contact_active_fraction,0.006000000052154064
g1_lafan,4728,4728,9600000,raisearms-l-m,0,penalty_feet_ori_mean,0.39634987711906433
g1_lafan,4728,4728,9600000,raisearms-l-m,0,penalty_feet_ori_active_fraction,0.9660000205039978
g1_lafan,4728,4728,9600000,raisearms-l-m,0,penalty_ankle_roll_mean,0.1364622265100479
g1_lafan,4728,4728,9600000,raisearms-l-m,0,penalty_ankle_roll_active_fraction,1.0
g1_lafan,4728,4728,9600000,raisearms-l-m,0,penalty_slippage_mean,0.22504295408725739
g1_lafan,4728,4728,9600000,raisearms-l-m,0,penalty_slippage_active_fraction,0.9660000205039978
g1_lafan,4728,4728,9600000,raisearms-l-m,1,return,91.34713745117188
g1_lafan,4728,4728,9600000,raisearms-l-m,1,auxiliary_cost,1.3008359670639038
g1_lafan,4728,4728,9600000,raisearms-l-m,1,safety_violation_rate,1.0
g1_lafan,4728,4728,9600000,raisearms-l-m,1,termination_rate,0.0
g1_lafan,4728,4728,9600000,raisearms-l-m,1,action_l2,2.826634407043457
g1_lafan,4728,4728,9600000,raisearms-l-m,1,penalty_torques_mean,6567.77099609375
g1_lafan,4728,4728,9600000,raisearms-l-m,1,penalty_torques_active_fraction,1.0
g1_lafan,4728,4728,9600000,raisearms-l-m,1,penalty_action_rate_mean,1.3105376958847046
g1_lafan,4728,4728,9600000,raisearms-l-m,1,penalty_action_rate_active_fraction,1.0
g1_lafan,4728,4728,9600000,raisearms-l-m,1,limits_dof_pos_mean,0.02521592192351818
g1_lafan,4728,4728,9600000,raisearms-l-m,1,limits_dof_pos_active_fraction,1.0
g1_lafan,4728,4728,9600000,raisearms-l-m,1,limits_torque_mean,5.003541946411133
g1_lafan,4728,4728,9600000,raisearms-l-m,1,limits_torque_active_fraction,1.0
g1_lafan,4728,4728,9600000,raisearms-l-m,1,penalty_undesired_contact_mean,0.00800000037997961
g1_lafan,4728,4728,9600000,raisearms-l-m,1,penalty_undesired_contact_active_fraction,0.00800000037997961
g1_lafan,4728,4728,9600000,raisearms-l-m,1,penalty_feet_ori_mean,0.445738822221756
g1_lafan,4728,4728,9600000,raisearms-l-m,1,penalty_feet_ori_active_fraction,0.9980000257492065
g1_lafan,4728,4728,9600000,raisearms-l-m,1,penalty_ankle_roll_mean,0.13630132377147675
g1_lafan,4728,4728,9600000,raisearms-l-m,1,penalty_ankle_roll_active_fraction,1.0
g1_lafan,4728,4728,9600000,raisearms-l-m,1,penalty_slippage_mean,0.09306134283542633
g1_lafan,4728,4728,9600000,raisearms-l-m,1,penalty_slippage_active_fraction,0.9980000257492065
g1_lafan,4728,4728,9600000,raisearms-l-m,2,return,2.1248979568481445
g1_lafan,4728,4728,9600000,raisearms-l-m,2,auxiliary_cost,1.4900513887405396
g1_lafan,4728,4728,9600000,raisearms-l-m,2,safety_violation_rate,1.0
g1_lafan,4728,4728,9600000,raisearms-l-m,2,termination_rate,0.0
g1_lafan,4728,4728,9600000,raisearms-l-m,2,action_l2,2.826906204223633
g1_lafan,4728,4728,9600000,raisearms-l-m,2,penalty_torques_mean,7176.44775390625
g1_lafan,4728,4728,9600000,raisearms-l-m,2,penalty_torques_active_fraction,1.0
g1_lafan,4728,4728,9600000,raisearms-l-m,2,penalty_action_rate_mean,2.1721994876861572
g1_lafan,4728,4728,9600000,raisearms-l-m,2,penalty_action_rate_active_fraction,1.0
g1_lafan,4728,4728,9600000,raisearms-l-m,2,limits_dof_pos_mean,0.026932116597890854
g1_lafan,4728,4728,9600000,raisearms-l-m,2,limits_dof_pos_active_fraction,1.0
g1_lafan,4728,4728,9600000,raisearms-l-m,2,limits_torque_mean,5.069192409515381
g1_lafan,4728,4728,9600000,raisearms-l-m,2,limits_torque_active_fraction,1.0
g1_lafan,4728,4728,9600000,raisearms-l-m,2,penalty_undesired_contact_mean,0.0
g1_lafan,4728,4728,9600000,raisearms-l-m,2,penalty_undesired_contact_active_fraction,0.0
g1_lafan,4728,4728,9600000,raisearms-l-m,2,penalty_feet_ori_mean,0.44354522228240967
g1_lafan,4728,4728,9600000,raisearms-l-m,2,penalty_feet_ori_active_fraction,0.9760000705718994
g1_lafan,4728,4728,9600000,raisearms-l-m,2,penalty_ankle_roll_mean,0.13620240986347198
g1_lafan,4728,4728,9600000,raisearms-l-m,2,penalty_ankle_roll_active_fraction,1.0
g1_lafan,4728,4728,9600000,raisearms-l-m,2,penalty_slippage_mean,0.14064152538776398
g1_lafan,4728,4728,9600000,raisearms-l-m,2,penalty_slippage_active_fraction,0.9760000705718994
g1_lafan,4728,4728,9600000,raisearms-l-m,3,return,5.212905307416804e-05
g1_lafan,4728,4728,9600000,raisearms-l-m,3,auxiliary_cost,1.745579719543457
g1_lafan,4728,4728,9600000,raisearms-l-m,3,safety_violation_rate,1.0
g1_lafan,4728,4728,9600000,raisearms-l-m,3,termination_rate,0.0
g1_lafan,4728,4728,9600000,raisearms-l-m,3,action_l2,2.894465208053589
g1_lafan,4728,4728,9600000,raisearms-l-m,3,penalty_torques_mean,7412.21923828125
g1_lafan,4728,4728,9600000,raisearms-l-m,3,penalty_torques_active_fraction,1.0
g1_lafan,4728,4728,9600000,raisearms-l-m,3,penalty_action_rate_mean,2.806069850921631
g1_lafan,4728,4728,9600000,raisearms-l-m,3,penalty_action_rate_active_fraction,1.0
g1_lafan,4728,4728,9600000,raisearms-l-m,3,limits_dof_pos_mean,0.031336646527051926
g1_lafan,4728,4728,9600000,raisearms-l-m,3,limits_dof_pos_active_fraction,1.0
g1_lafan,4728,4728,9600000,raisearms-l-m,3,limits_torque_mean,5.180469036102295
g1_lafan,4728,4728,9600000,raisearms-l-m,3,limits_torque_active_fraction,1.0
g1_lafan,4728,4728,9600000,raisearms-l-m,3,penalty_undesired_contact_mean,0.04800000041723251
g1_lafan,4728,4728,9600000,raisearms-l-m,3,penalty_undesired_contact_active_fraction,0.04800000041723251
g1_lafan,4728,4728,9600000,raisearms-l-m,3,penalty_feet_ori_mean,0.4102904796600342
g1_lafan,4728,4728,9600000,raisearms-l-m,3,penalty_feet_ori_active_fraction,0.9520000219345093
g1_lafan,4728,4728,9600000,raisearms-l-m,3,penalty_ankle_roll_mean,0.13651883602142334
g1_lafan,4728,4728,9600000,raisearms-l-m,3,penalty_ankle_roll_active_fraction,1.0
g1_lafan,4728,4728,9600000,raisearms-l-m,3,penalty_slippage_mean,0.1967071145772934
g1_lafan,4728,4728,9600000,raisearms-l-m,3,penalty_slippage_active_fraction,0.9520000219345093
g1_lafan,4728,4728,9600000,raisearms-l-m,4,return,94.45040893554688
g1_lafan,4728,4728,9600000,raisearms-l-m,4,auxiliary_cost,1.4892833232879639
g1_lafan,4728,4728,9600000,raisearms-l-m,4,safety_violation_rate,0.9980000257492065
g1_lafan,4728,4728,9600000,raisearms-l-m,4,termination_rate,0.0
g1_lafan,4728,4728,9600000,raisearms-l-m,4,action_l2,2.823632001876831
g1_lafan,4728,4728,9600000,raisearms-l-m,4,penalty_torques_mean,6643.84521484375
g1_lafan,4728,4728,9600000,raisearms-l-m,4,penalty_torques_active_fraction,1.0
g1_lafan,4728,4728,9600000,raisearms-l-m,4,penalty_action_rate_mean,1.642999291419983
g1_lafan,4728,4728,9600000,raisearms-l-m,4,penalty_action_rate_active_fraction,1.0
g1_lafan,4728,4728,9600000,raisearms-l-m,4,limits_dof_pos_mean,0.02506827935576439
g1_lafan,4728,4728,9600000,raisearms-l-m,4,limits_dof_pos_active_fraction,0.9960000514984131
g1_lafan,4728,4728,9600000,raisearms-l-m,4,limits_torque_mean,4.87998104095459
g1_lafan,4728,4728,9600000,raisearms-l-m,4,limits_torque_active_fraction,0.9980000257492065
g1_lafan,4728,4728,9600000,raisearms-l-m,4,penalty_undesired_contact_mean,0.0
g1_lafan,4728,4728,9600000,raisearms-l-m,4,penalty_undesired_contact_active_fraction,0.0
g1_lafan,4728,4728,9600000,raisearms-l-m,4,penalty_feet_ori_mean,0.43117833137512207
g1_lafan,4728,4728,9600000,raisearms-l-m,4,penalty_feet_ori_active_fraction,0.9940000176429749
g1_lafan,4728,4728,9600000,raisearms-l-m,4,penalty_ankle_roll_mean,0.13570421934127808
g1_lafan,4728,4728,9600000,raisearms-l-m,4,penalty_ankle_roll_active_fraction,1.0
g1_lafan,4728,4728,9600000,raisearms-l-m,4,penalty_slippage_mean,0.17950665950775146
g1_lafan,4728,4728,9600000,raisearms-l-m,4,penalty_slippage_active_fraction,0.9940000176429749
g1_lafan,4728,4728,9600000,raisearms-l-m,5,return,44.66409683227539
g1_lafan,4728,4728,9600000,raisearms-l-m,5,auxiliary_cost,1.7173179388046265
g1_lafan,4728,4728,9600000,raisearms-l-m,5,safety_violation_rate,0.9980000257492065
g1_lafan,4728,4728,9600000,raisearms-l-m,5,termination_rate,0.0
g1_lafan,4728,4728,9600000,raisearms-l-m,5,action_l2,2.9038612842559814
g1_lafan,4728,4728,9600000,raisearms-l-m,5,penalty_torques_mean,7680.06884765625
g1_lafan,4728,4728,9600000,raisearms-l-m,5,penalty_torques_active_fraction,1.0
g1_lafan,4728,4728,9600000,raisearms-l-m,5,penalty_action_rate_mean,2.967594861984253
g1_lafan,4728,4728,9600000,raisearms-l-m,5,penalty_action_rate_active_fraction,1.0
g1_lafan,4728,4728,9600000,raisearms-l-m,5,limits_dof_pos_mean,0.028003280982375145
g1_lafan,4728,4728,9600000,raisearms-l-m,5,limits_dof_pos_active_fraction,0.9980000257492065
g1_lafan,4728,4728,9600000,raisearms-l-m,5,limits_torque_mean,5.256352424621582
g1_lafan,4728,4728,9600000,raisearms-l-m,5,limits_torque_active_fraction,0.9980000257492065
g1_lafan,4728,4728,9600000,raisearms-l-m,5,penalty_undesired_contact_mean,0.024000000208616257
g1_lafan,4728,4728,9600000,raisearms-l-m,5,penalty_undesired_contact_active_fraction,0.024000000208616257
g1_lafan,4728,4728,9600000,raisearms-l-m,5,penalty_feet_ori_mean,0.3681190609931946
g1_lafan,4728,4728,9600000,raisearms-l-m,5,penalty_feet_ori_active_fraction,0.9640000462532043
g1_lafan,4728,4728,9600000,raisearms-l-m,5,penalty_ankle_roll_mean,0.13654875755310059
g1_lafan,4728,4728,9600000,raisearms-l-m,5,penalty_ankle_roll_active_fraction,1.0
g1_lafan,4728,4728,9600000,raisearms-l-m,5,penalty_slippage_mean,0.21154162287712097
g1_lafan,4728,4728,9600000,raisearms-l-m,5,penalty_slippage_active_fraction,0.9640000462532043
g1_lafan,4728,4728,9600000,raisearms-l-m,6,return,56.94599914550781
g1_lafan,4728,4728,9600000,raisearms-l-m,6,auxiliary_cost,1.5733457803726196
g1_lafan,4728,4728,9600000,raisearms-l-m,6,safety_violation_rate,0.9980000257492065
g1_lafan,4728,4728,9600000,raisearms-l-m,6,termination_rate,0.0
g1_lafan,4728,4728,9600000,raisearms-l-m,6,action_l2,2.8605782985687256
g1_lafan,4728,4728,9600000,raisearms-l-m,6,penalty_torques_mean,7486.86572265625
g1_lafan,4728,4728,9600000,raisearms-l-m,6,penalty_torques_active_fraction,1.0
g1_lafan,4728,4728,9600000,raisearms-l-m,6,penalty_action_rate_mean,2.723949670791626
g1_lafan,4728,4728,9600000,raisearms-l-m,6,penalty_action_rate_active_fraction,1.0
g1_lafan,4728,4728,9600000,raisearms-l-m,6,limits_dof_pos_mean,0.024797886610031128
g1_lafan,4728,4728,9600000,raisearms-l-m,6,limits_dof_pos_active_fraction,0.9920000433921814
g1_lafan,4728,4728,9600000,raisearms-l-m,6,limits_torque_mean,4.8924102783203125
g1_lafan,4728,4728,9600000,raisearms-l-m,6,limits_torque_active_fraction,0.9860000610351562
g1_lafan,4728,4728,9600000,raisearms-l-m,6,penalty_undesired_contact_mean,0.00800000037997961
g1_lafan,4728,4728,9600000,raisearms-l-m,6,penalty_undesired_contact_active_fraction,0.00800000037997961
g1_lafan,4728,4728,9600000,raisearms-l-m,6,penalty_feet_ori_mean,0.40759408473968506
g1_lafan,4728,4728,9600000,raisearms-l-m,6,penalty_feet_ori_active_fraction,0.9660000205039978
g1_lafan,4728,4728,9600000,raisearms-l-m,6,penalty_ankle_roll_mean,0.1341933161020279
g1_lafan,4728,4728,9600000,raisearms-l-m,6,penalty_ankle_roll_active_fraction,1.0
g1_lafan,4728,4728,9600000,raisearms-l-m,6,penalty_slippage_mean,0.1725803166627884
g1_lafan,4728,4728,9600000,raisearms-l-m,6,penalty_slippage_active_fraction,0.9660000205039978
g1_lafan,4728,4728,9600000,raisearms-l-m,7,return,0.819456160068512
g1_lafan,4728,4728,9600000,raisearms-l-m,7,auxiliary_cost,1.3763298988342285
g1_lafan,4728,4728,9600000,raisearms-l-m,7,safety_violation_rate,0.9980000257492065
g1_lafan,4728,4728,9600000,raisearms-l-m,7,termination_rate,0.0
g1_lafan,4728,4728,9600000,raisearms-l-m,7,action_l2,2.829604148864746
g1_lafan,4728,4728,9600000,raisearms-l-m,7,penalty_torques_mean,6654.08544921875
g1_lafan,4728,4728,9600000,raisearms-l-m,7,penalty_torques_active_fraction,1.0
g1_lafan,4728,4728,9600000,raisearms-l-m,7,penalty_action_rate_mean,1.9075899124145508
g1_lafan,4728,4728,9600000,raisearms-l-m,7,penalty_action_rate_active_fraction,1.0
g1_lafan,4728,4728,9600000,raisearms-l-m,7,limits_dof_pos_mean,0.025341913104057312
g1_lafan,4728,4728,9600000,raisearms-l-m,7,limits_dof_pos_active_fraction,0.9960000514984131
g1_lafan,4728,4728,9600000,raisearms-l-m,7,limits_torque_mean,4.986598014831543
g1_lafan,4728,4728,9600000,raisearms-l-m,7,limits_torque_active_fraction,0.9960000514984131
g1_lafan,4728,4728,9600000,raisearms-l-m,7,penalty_undesired_contact_mean,0.0
g1_lafan,4728,4728,9600000,raisearms-l-m,7,penalty_undesired_contact_active_fraction,0.0
g1_lafan,4728,4728,9600000,raisearms-l-m,7,penalty_feet_ori_mean,0.3838289976119995
g1_lafan,4728,4728,9600000,raisearms-l-m,7,penalty_feet_ori_active_fraction,0.9880000352859497
g1_lafan,4728,4728,9600000,raisearms-l-m,7,penalty_ankle_roll_mean,0.13572539389133453
g1_lafan,4728,4728,9600000,raisearms-l-m,7,penalty_ankle_roll_active_fraction,1.0
g1_lafan,4728,4728,9600000,raisearms-l-m,7,penalty_slippage_mean,0.11785920709371567
g1_lafan,4728,4728,9600000,raisearms-l-m,7,penalty_slippage_active_fraction,0.9880000352859497
g1_lafan,4728,4728,9600000,raisearms-l-m,8,return,15.125527381896973
g1_lafan,4728,4728,9600000,raisearms-l-m,8,auxiliary_cost,1.6433463096618652
g1_lafan,4728,4728,9600000,raisearms-l-m,8,safety_violation_rate,1.0
g1_lafan,4728,4728,9600000,raisearms-l-m,8,termination_rate,0.0
g1_lafan,4728,4728,9600000,raisearms-l-m,8,action_l2,2.879939079284668
g1_lafan,4728,4728,9600000,raisearms-l-m,8,penalty_torques_mean,7419.5947265625
g1_lafan,4728,4728,9600000,raisearms-l-m,8,penalty_torques_active_fraction,1.0
g1_lafan,4728,4728,9600000,raisearms-l-m,8,penalty_action_rate_mean,2.5122737884521484
g1_lafan,4728,4728,9600000,raisearms-l-m,8,penalty_action_rate_active_fraction,1.0
g1_lafan,4728,4728,9600000,raisearms-l-m,8,limits_dof_pos_mean,0.02521534077823162
g1_lafan,4728,4728,9600000,raisearms-l-m,8,limits_dof_pos_active_fraction,0.9980000257492065
g1_lafan,4728,4728,9600000,raisearms-l-m,8,limits_torque_mean,4.970905780792236
g1_lafan,4728,4728,9600000,raisearms-l-m,8,limits_torque_active_fraction,1.0
g1_lafan,4728,4728,9600000,raisearms-l-m,8,penalty_undesired_contact_mean,0.006000000052154064
g1_lafan,4728,4728,9600000,raisearms-l-m,8,penalty_undesired_contact_active_fraction,0.006000000052154064
g1_lafan,4728,4728,9600000,raisearms-l-m,8,penalty_feet_ori_mean,0.41240328550338745
g1_lafan,4728,4728,9600000,raisearms-l-m,8,penalty_feet_ori_active_fraction,0.9820000529289246
g1_lafan,4728,4728,9600000,raisearms-l-m,8,penalty_ankle_roll_mean,0.13583709299564362
g1_lafan,4728,4728,9600000,raisearms-l-m,8,penalty_ankle_roll_active_fraction,1.0
g1_lafan,4728,4728,9600000,raisearms-l-m,8,penalty_slippage_mean,0.21282778680324554
g1_lafan,4728,4728,9600000,raisearms-l-m,8,penalty_slippage_active_fraction,0.9820000529289246
g1_lafan,4728,4728,9600000,raisearms-l-m,9,return,3.7757482528686523
g1_lafan,4728,4728,9600000,raisearms-l-m,9,auxiliary_cost,1.2809412479400635
g1_lafan,4728,4728,9600000,raisearms-l-m,9,safety_violation_rate,1.0
g1_lafan,4728,4728,9600000,raisearms-l-m,9,termination_rate,0.0
g1_lafan,4728,4728,9600000,raisearms-l-m,9,action_l2,2.845402717590332
g1_lafan,4728,4728,9600000,raisearms-l-m,9,penalty_torques_mean,6733.18212890625
g1_lafan,4728,4728,9600000,raisearms-l-m,9,penalty_torques_active_fraction,1.0
g1_lafan,4728,4728,9600000,raisearms-l-m,9,penalty_action_rate_mean,1.4277530908584595
g1_lafan,4728,4728,9600000,raisearms-l-m,9,penalty_action_rate_active_fraction,1.0
g1_lafan,4728,4728,9600000,raisearms-l-m,9,limits_dof_pos_mean,0.02590809389948845
g1_lafan,4728,4728,9600000,raisearms-l-m,9,limits_dof_pos_active_fraction,0.9980000257492065
g1_lafan,4728,4728,9600000,raisearms-l-m,9,limits_torque_mean,5.042915344238281
g1_lafan,4728,4728,9600000,raisearms-l-m,9,limits_torque_active_fraction,1.0
g1_lafan,4728,4728,9600000,raisearms-l-m,9,penalty_undesired_contact_mean,0.0
g1_lafan,4728,4728,9600000,raisearms-l-m,9,penalty_undesired_contact_active_fraction,0.0
g1_lafan,4728,4728,9600000,raisearms-l-m,9,penalty_feet_ori_mean,0.399177610874176
g1_lafan,4728,4728,9600000,raisearms-l-m,9,penalty_feet_ori_active_fraction,0.9940000176429749
g1_lafan,4728,4728,9600000,raisearms-l-m,9,penalty_ankle_roll_mean,0.1356077790260315
g1_lafan,4728,4728,9600000,raisearms-l-m,9,penalty_ankle_roll_active_fraction,1.0
g1_lafan,4728,4728,9600000,raisearms-l-m,9,penalty_slippage_mean,0.08849158883094788
g1_lafan,4728,4728,9600000,raisearms-l-m,9,penalty_slippage_active_fraction,0.9940000176429749
g1_lafan,4728,4728,9600000,raisearms-m-l,0,return,101.30551147460938
g1_lafan,4728,4728,9600000,raisearms-m-l,0,auxiliary_cost,1.2583922147750854
g1_lafan,4728,4728,9600000,raisearms-m-l,0,safety_violation_rate,1.0
g1_lafan,4728,4728,9600000,raisearms-m-l,0,termination_rate,0.0
g1_lafan,4728,4728,9600000,raisearms-m-l,0,action_l2,2.854832649230957
g1_lafan,4728,4728,9600000,raisearms-m-l,0,penalty_torques_mean,6056.8251953125
g1_lafan,4728,4728,9600000,raisearms-m-l,0,penalty_torques_active_fraction,1.0
g1_lafan,4728,4728,9600000,raisearms-m-l,0,penalty_action_rate_mean,0.979220449924469
g1_lafan,4728,4728,9600000,raisearms-m-l,0,penalty_action_rate_active_fraction,1.0
g1_lafan,4728,4728,9600000,raisearms-m-l,0,limits_dof_pos_mean,0.026482153683900833
g1_lafan,4728,4728,9600000,raisearms-m-l,0,limits_dof_pos_active_fraction,0.9980000257492065
g1_lafan,4728,4728,9600000,raisearms-m-l,0,limits_torque_mean,4.962146282196045
g1_lafan,4728,4728,9600000,raisearms-m-l,0,limits_torque_active_fraction,0.9980000257492065
g1_lafan,4728,4728,9600000,raisearms-m-l,0,penalty_undesired_contact_mean,0.0
g1_lafan,4728,4728,9600000,raisearms-m-l,0,penalty_undesired_contact_active_fraction,0.0
g1_lafan,4728,4728,9600000,raisearms-m-l,0,penalty_feet_ori_mean,0.41347914934158325
g1_lafan,4728,4728,9600000,raisearms-m-l,0,penalty_feet_ori_active_fraction,1.0
g1_lafan,4728,4728,9600000,raisearms-m-l,0,penalty_ankle_roll_mean,0.13639713823795319
g1_lafan,4728,4728,9600000,raisearms-m-l,0,penalty_ankle_roll_active_fraction,1.0
g1_lafan,4728,4728,9600000,raisearms-m-l,0,penalty_slippage_mean,0.0923343375325203
g1_lafan,4728,4728,9600000,raisearms-m-l,0,penalty_slippage_active_fraction,1.0
g1_lafan,4728,4728,9600000,raisearms-m-l,1,return,60.36808395385742
g1_lafan,4728,4728,9600000,raisearms-m-l,1,auxiliary_cost,1.380973219871521
g1_lafan,4728,4728,9600000,raisearms-m-l,1,safety_violation_rate,1.0
g1_lafan,4728,4728,9600000,raisearms-m-l,1,termination_rate,0.0
g1_lafan,4728,4728,9600000,raisearms-m-l,1,action_l2,2.91798734664917
g1_lafan,4728,4728,9600000,raisearms-m-l,1,penalty_torques_mean,6957.66943359375
g1_lafan,4728,4728,9600000,raisearms-m-l,1,penalty_torques_active_fraction,1.0
g1_lafan,4728,4728,9600000,raisearms-m-l,1,penalty_action_rate_mean,1.6916429996490479
g1_lafan,4728,4728,9600000,raisearms-m-l,1,penalty_action_rate_active_fraction,1.0
g1_lafan,4728,4728,9600000,raisearms-m-l,1,limits_dof_pos_mean,0.02699359878897667
g1_lafan,4728,4728,9600000,raisearms-m-l,1,limits_dof_pos_active_fraction,1.0
g1_lafan,4728,4728,9600000,raisearms-m-l,1,limits_torque_mean,5.11940860748291
g1_lafan,4728,4728,9600000,raisearms-m-l,1,limits_torque_active_fraction,1.0
g1_lafan,4728,4728,9600000,raisearms-m-l,1,penalty_undesired_contact_mean,0.010000000707805157
g1_lafan,4728,4728,9600000,raisearms-m-l,1,penalty_undesired_contact_active_fraction,0.010000000707805157
g1_lafan,4728,4728,9600000,raisearms-m-l,1,penalty_feet_ori_mean,0.3830890655517578
g1_lafan,4728,4728,9600000,raisearms-m-l,1,penalty_feet_ori_active_fraction,0.9880000352859497
g1_lafan,4728,4728,9600000,raisearms-m-l,1,penalty_ankle_roll_mean,0.13622494041919708
g1_lafan,4728,4728,9600000,raisearms-m-l,1,penalty_ankle_roll_active_fraction,1.0
g1_lafan,4728,4728,9600000,raisearms-m-l,1,penalty_slippage_mean,0.11686868220567703
g1_lafan,4728,4728,9600000,raisearms-m-l,1,penalty_slippage_active_fraction,0.9880000352859497
g1_lafan,4728,4728,9600000,raisearms-m-l,2,return,11.744905471801758
g1_lafan,4728,4728,9600000,raisearms-m-l,2,auxiliary_cost,1.2184134721755981
g1_lafan,4728,4728,9600000,raisearms-m-l,2,safety_violation_rate,0.9900000691413879
g1_lafan,4728,4728,9600000,raisearms-m-l,2,termination_rate,0.0
g1_lafan,4728,4728,9600000,raisearms-m-l,2,action_l2,2.8017196655273438
g1_lafan,4728,4728,9600000,raisearms-m-l,2,penalty_torques_mean,5299.0048828125
g1_lafan,4728,4728,9600000,raisearms-m-l,2,penalty_torques_active_fraction,1.0
g1_lafan,4728,4728,9600000,raisearms-m-l,2,penalty_action_rate_mean,1.078201413154602
g1_lafan,4728,4728,9600000,raisearms-m-l,2,penalty_action_rate_active_fraction,1.0
g1_lafan,4728,4728,9600000,raisearms-m-l,2,limits_dof_pos_mean,0.0237827617675066
g1_lafan,4728,4728,9600000,raisearms-m-l,2,limits_dof_pos_active_fraction,0.9880000352859497
g1_lafan,4728,4728,9600000,raisearms-m-l,2,limits_torque_mean,3.989558458328247
g1_lafan,4728,4728,9600000,raisearms-m-l,2,limits_torque_active_fraction,0.9520000219345093
g1_lafan,4728,4728,9600000,raisearms-m-l,2,penalty_undesired_contact_mean,0.0
g1_lafan,4728,4728,9600000,raisearms-m-l,2,penalty_undesired_contact_active_fraction,0.0
g1_lafan,4728,4728,9600000,raisearms-m-l,2,penalty_feet_ori_mean,0.40301138162612915
g1_lafan,4728,4728,9600000,raisearms-m-l,2,penalty_feet_ori_active_fraction,1.0
g1_lafan,4728,4728,9600000,raisearms-m-l,2,penalty_ankle_roll_mean,0.12992015480995178
g1_lafan,4728,4728,9600000,raisearms-m-l,2,penalty_ankle_roll_active_fraction,1.0
g1_lafan,4728,4728,9600000,raisearms-m-l,2,penalty_slippage_mean,0.09594042599201202
g1_lafan,4728,4728,9600000,raisearms-m-l,2,penalty_slippage_active_fraction,1.0
g1_lafan,4728,4728,9600000,raisearms-m-l,3,return,99.71205139160156
g1_lafan,4728,4728,9600000,raisearms-m-l,3,auxiliary_cost,1.312515139579773
g1_lafan,4728,4728,9600000,raisearms-m-l,3,safety_violation_rate,1.0
g1_lafan,4728,4728,9600000,raisearms-m-l,3,termination_rate,0.0
g1_lafan,4728,4728,9600000,raisearms-m-l,3,action_l2,2.8259692192077637
g1_lafan,4728,4728,9600000,raisearms-m-l,3,penalty_torques_mean,5846.04248046875
g1_lafan,4728,4728,9600000,raisearms-m-l,3,penalty_torques_active_fraction,1.0
g1_lafan,4728,4728,9600000,raisearms-m-l,3,penalty_action_rate_mean,1.1372621059417725
g1_lafan,4728,4728,9600000,raisearms-m-l,3,penalty_action_rate_active_fraction,1.0
g1_lafan,4728,4728,9600000,raisearms-m-l,3,limits_dof_pos_mean,0.025139939039945602
g1_lafan,4728,4728,9600000,raisearms-m-l,3,limits_dof_pos_active_fraction,1.0
g1_lafan,4728,4728,9600000,raisearms-m-l,3,limits_torque_mean,4.389508247375488
g1_lafan,4728,4728,9600000,raisearms-m-l,3,limits_torque_active_fraction,0.9300000667572021
g1_lafan,4728,4728,9600000,raisearms-m-l,3,penalty_undesired_contact_mean,0.0
g1_lafan,4728,4728,9600000,raisearms-m-l,3,penalty_undesired_contact_active_fraction,0.0
g1_lafan,4728,4728,9600000,raisearms-m-l,3,penalty_feet_ori_mean,0.3966466188430786
g1_lafan,4728,4728,9600000,raisearms-m-l,3,penalty_feet_ori_active_fraction,1.0
g1_lafan,4728,4728,9600000,raisearms-m-l,3,penalty_ankle_roll_mean,0.1344062238931656
g1_lafan,4728,4728,9600000,raisearms-m-l,3,penalty_ankle_roll_active_fraction,1.0
g1_lafan,4728,4728,9600000,raisearms-m-l,3,penalty_slippage_mean,0.12555278837680817
g1_lafan,4728,4728,9600000,raisearms-m-l,3,penalty_slippage_active_fraction,1.0
g1_lafan,4728,4728,9600000,raisearms-m-l,4,return,114.63029479980469
g1_lafan,4728,4728,9600000,raisearms-m-l,4,auxiliary_cost,1.2329634428024292
g1_lafan,4728,4728,9600000,raisearms-m-l,4,safety_violation_rate,1.0
g1_lafan,4728,4728,9600000,raisearms-m-l,4,termination_rate,0.0
g1_lafan,4728,4728,9600000,raisearms-m-l,4,action_l2,2.8292367458343506
g1_lafan,4728,4728,9600000,raisearms-m-l,4,penalty_torques_mean,5798.025390625
g1_lafan,4728,4728,9600000,raisearms-m-l,4,penalty_torques_active_fraction,1.0
g1_lafan,4728,4728,9600000,raisearms-m-l,4,penalty_action_rate_mean,0.9514141082763672
g1_lafan,4728,4728,9600000,raisearms-m-l,4,penalty_action_rate_active_fraction,1.0
g1_lafan,4728,4728,9600000,raisearms-m-l,4,limits_dof_pos_mean,0.025852058082818985
g1_lafan,4728,4728,9600000,raisearms-m-l,4,limits_dof_pos_active_fraction,0.9980000257492065
g1_lafan,4728,4728,9600000,raisearms-m-l,4,limits_torque_mean,4.653154373168945
g1_lafan,4728,4728,9600000,raisearms-m-l,4,limits_torque_active_fraction,1.0
g1_lafan,4728,4728,9600000,raisearms-m-l,4,penalty_undesired_contact_mean,0.0
g1_lafan,4728,4728,9600000,raisearms-m-l,4,penalty_undesired_contact_active_fraction,0.0
g1_lafan,4728,4728,9600000,raisearms-m-l,4,penalty_feet_ori_mean,0.38936635851860046
g1_lafan,4728,4728,9600000,raisearms-m-l,4,penalty_feet_ori_active_fraction,1.0
g1_lafan,4728,4728,9600000,raisearms-m-l,4,penalty_ankle_roll_mean,0.13508540391921997
g1_lafan,4728,4728,9600000,raisearms-m-l,4,penalty_ankle_roll_active_fraction,1.0
g1_lafan,4728,4728,9600000,raisearms-m-l,4,penalty_slippage_mean,0.0916069969534874
g1_lafan,4728,4728,9600000,raisearms-m-l,4,penalty_slippage_active_fraction,1.0
g1_lafan,4728,4728,9600000,raisearms-m-l,5,return,3.2398562325397506e-05
g1_lafan,4728,4728,9600000,raisearms-m-l,5,auxiliary_cost,1.5492900609970093
g1_lafan,4728,4728,9600000,raisearms-m-l,5,safety_violation_rate,1.0
g1_lafan,4728,4728,9600000,raisearms-m-l,5,termination_rate,0.0
g1_lafan,4728,4728,9600000,raisearms-m-l,5,action_l2,2.909735918045044
g1_lafan,4728,4728,9600000,raisearms-m-l,5,penalty_torques_mean,7451.56884765625
g1_lafan,4728,4728,9600000,raisearms-m-l,5,penalty_torques_active_fraction,1.0
g1_lafan,4728,4728,9600000,raisearms-m-l,5,penalty_action_rate_mean,1.9595965147018433
g1_lafan,4728,4728,9600000,raisearms-m-l,5,penalty_action_rate_active_fraction,1.0
g1_lafan,4728,4728,9600000,raisearms-m-l,5,limits_dof_pos_mean,0.03664251044392586
g1_lafan,4728,4728,9600000,raisearms-m-l,5,limits_dof_pos_active_fraction,0.9980000257492065
g1_lafan,4728,4728,9600000,raisearms-m-l,5,limits_torque_mean,5.202847957611084
g1_lafan,4728,4728,9600000,raisearms-m-l,5,limits_torque_active_fraction,0.9980000257492065
g1_lafan,4728,4728,9600000,raisearms-m-l,5,penalty_undesired_contact_mean,0.01600000075995922
g1_lafan,4728,4728,9600000,raisearms-m-l,5,penalty_undesired_contact_active_fraction,0.01600000075995922
g1_lafan,4728,4728,9600000,raisearms-m-l,5,penalty_feet_ori_mean,0.4117494523525238
g1_lafan,4728,4728,9600000,raisearms-m-l,5,penalty_feet_ori_active_fraction,0.9820000529289246
g1_lafan,4728,4728,9600000,raisearms-m-l,5,penalty_ankle_roll_mean,0.13631245493888855
g1_lafan,4728,4728,9600000,raisearms-m-l,5,penalty_ankle_roll_active_fraction,1.0
g1_lafan,4728,4728,9600000,raisearms-m-l,5,penalty_slippage_mean,0.13047800958156586
g1_lafan,4728,4728,9600000,raisearms-m-l,5,penalty_slippage_active_fraction,0.9820000529289246
g1_lafan,4728,4728,9600000,raisearms-m-l,6,return,2.1958260536193848
g1_lafan,4728,4728,9600000,raisearms-m-l,6,auxiliary_cost,1.476890206336975
g1_lafan,4728,4728,9600000,raisearms-m-l,6,safety_violation_rate,1.0
g1_lafan,4728,4728,9600000,raisearms-m-l,6,termination_rate,0.0
g1_lafan,4728,4728,9600000,raisearms-m-l,6,action_l2,2.939702272415161
g1_lafan,4728,4728,9600000,raisearms-m-l,6,penalty_torques_mean,6618.630859375
g1_lafan,4728,4728,9600000,raisearms-m-l,6,penalty_torques_active_fraction,1.0
g1_lafan,4728,4728,9600000,raisearms-m-l,6,penalty_action_rate_mean,2.32565975189209
g1_lafan,4728,4728,9600000,raisearms-m-l,6,penalty_action_rate_active_fraction,1.0
g1_lafan,4728,4728,9600000,raisearms-m-l,6,limits_dof_pos_mean,0.028735164552927017
g1_lafan,4728,4728,9600000,raisearms-m-l,6,limits_dof_pos_active_fraction,1.0
g1_lafan,4728,4728,9600000,raisearms-m-l,6,limits_torque_mean,4.701590538024902
g1_lafan,4728,4728,9600000,raisearms-m-l,6,limits_torque_active_fraction,1.0
g1_lafan,4728,4728,9600000,raisearms-m-l,6,penalty_undesired_contact_mean,0.0
g1_lafan,4728,4728,9600000,raisearms-m-l,6,penalty_undesired_contact_active_fraction,0.0
g1_lafan,4728,4728,9600000,raisearms-m-l,6,penalty_feet_ori_mean,0.30392739176750183
g1_lafan,4728,4728,9600000,raisearms-m-l,6,penalty_feet_ori_active_fraction,0.984000027179718
g1_lafan,4728,4728,9600000,raisearms-m-l,6,penalty_ankle_roll_mean,0.13632865250110626
g1_lafan,4728,4728,9600000,raisearms-m-l,6,penalty_ankle_roll_active_fraction,1.0
g1_lafan,4728,4728,9600000,raisearms-m-l,6,penalty_slippage_mean,0.14504344761371613
g1_lafan,4728,4728,9600000,raisearms-m-l,6,penalty_slippage_active_fraction,0.984000027179718
g1_lafan,4728,4728,9600000,raisearms-m-l,7,return,21.993894577026367
g1_lafan,4728,4728,9600000,raisearms-m-l,7,auxiliary_cost,1.4522489309310913
g1_lafan,4728,4728,9600000,raisearms-m-l,7,safety_violation_rate,1.0
g1_lafan,4728,4728,9600000,raisearms-m-l,7,termination_rate,0.0
g1_lafan,4728,4728,9600000,raisearms-m-l,7,action_l2,2.9308626651763916
g1_lafan,4728,4728,9600000,raisearms-m-l,7,penalty_torques_mean,7057.8720703125
g1_lafan,4728,4728,9600000,raisearms-m-l,7,penalty_torques_active_fraction,1.0
g1_lafan,4728,4728,9600000,raisearms-m-l,7,penalty_action_rate_mean,1.98159658908844
g1_lafan,4728,4728,9600000,raisearms-m-l,7,penalty_action_rate_active_fraction,1.0
g1_lafan,4728,4728,9600000,raisearms-m-l,7,limits_dof_pos_mean,0.027617260813713074
g1_lafan,4728,4728,9600000,raisearms-m-l,7,limits_dof_pos_active_fraction,1.0
g1_lafan,4728,4728,9600000,raisearms-m-l,7,limits_torque_mean,5.057235240936279
g1_lafan,4728,4728,9600000,raisearms-m-l,7,limits_torque_active_fraction,1.0
g1_lafan,4728,4728,9600000,raisearms-m-l,7,penalty_undesired_contact_mean,0.010000000707805157
g1_lafan,4728,4728,9600000,raisearms-m-l,7,penalty_undesired_contact_active_fraction,0.010000000707805157
g1_lafan,4728,4728,9600000,raisearms-m-l,7,penalty_feet_ori_mean,0.3845968246459961
g1_lafan,4728,4728,9600000,raisearms-m-l,7,penalty_feet_ori_active_fraction,0.9800000190734863
g1_lafan,4728,4728,9600000,raisearms-m-l,7,penalty_ankle_roll_mean,0.13652032613754272
g1_lafan,4728,4728,9600000,raisearms-m-l,7,penalty_ankle_roll_active_fraction,1.0
g1_lafan,4728,4728,9600000,raisearms-m-l,7,penalty_slippage_mean,0.13399793207645416
g1_lafan,4728,4728,9600000,raisearms-m-l,7,penalty_slippage_active_fraction,0.9800000190734863
g1_lafan,4728,4728,9600000,raisearms-m-l,8,return,3.3747920989990234
g1_lafan,4728,4728,9600000,raisearms-m-l,8,auxiliary_cost,1.4846280813217163
g1_lafan,4728,4728,9600000,raisearms-m-l,8,safety_violation_rate,1.0
g1_lafan,4728,4728,9600000,raisearms-m-l,8,termination_rate,0.0
g1_lafan,4728,4728,9600000,raisearms-m-l,8,action_l2,2.9372241497039795
g1_lafan,4728,4728,9600000,raisearms-m-l,8,penalty_torques_mean,7054.5087890625
g1_lafan,4728,4728,9600000,raisearms-m-l,8,penalty_torques_active_fraction,1.0
g1_lafan,4728,4728,9600000,raisearms-m-l,8,penalty_action_rate_mean,2.032778739929199
g1_lafan,4728,4728,9600000,raisearms-m-l,8,penalty_action_rate_active_fraction,1.0
g1_lafan,4728,4728,9600000,raisearms-m-l,8,limits_dof_pos_mean,0.027436573058366776
g1_lafan,4728,4728,9600000,raisearms-m-l,8,limits_dof_pos_active_fraction,0.9980000257492065
g1_lafan,4728,4728,9600000,raisearms-m-l,8,limits_torque_mean,5.0624847412109375
g1_lafan,4728,4728,9600000,raisearms-m-l,8,limits_torque_active_fraction,1.0
g1_lafan,4728,4728,9600000,raisearms-m-l,8,penalty_undesired_contact_mean,0.014000000432133675
g1_lafan,4728,4728,9600000,raisearms-m-l,8,penalty_undesired_contact_active_fraction,0.014000000432133675
g1_lafan,4728,4728,9600000,raisearms-m-l,8,penalty_feet_ori_mean,0.4026941955089569
g1_lafan,4728,4728,9600000,raisearms-m-l,8,penalty_feet_ori_active_fraction,0.9760000705718994
g1_lafan,4728,4728,9600000,raisearms-m-l,8,penalty_ankle_roll_mean,0.1362794190645218
g1_lafan,4728,4728,9600000,raisearms-m-l,8,penalty_ankle_roll_active_fraction,1.0
g1_lafan,4728,4728,9600000,raisearms-m-l,8,penalty_slippage_mean,0.1433946043252945
g1_lafan,4728,4728,9600000,raisearms-m-l,8,penalty_slippage_active_fraction,0.9760000705718994
g1_lafan,4728,4728,9600000,raisearms-m-l,9,return,54.12334060668945
g1_lafan,4728,4728,9600000,raisearms-m-l,9,auxiliary_cost,1.2469573020935059
g1_lafan,4728,4728,9600000,raisearms-m-l,9,safety_violation_rate,1.0
g1_lafan,4728,4728,9600000,raisearms-m-l,9,termination_rate,0.0
g1_lafan,4728,4728,9600000,raisearms-m-l,9,action_l2,2.889347553253174
g1_lafan,4728,4728,9600000,raisearms-m-l,9,penalty_torques_mean,6209.646484375
g1_lafan,4728,4728,9600000,raisearms-m-l,9,penalty_torques_active_fraction,1.0
g1_lafan,4728,4728,9600000,raisearms-m-l,9,penalty_action_rate_mean,1.0038071870803833
g1_lafan,4728,4728,9600000,raisearms-m-l,9,penalty_action_rate_active_fraction,1.0
g1_lafan,4728,4728,9600000,raisearms-m-l,9,limits_dof_pos_mean,0.027898523956537247
g1_lafan,4728,4728,9600000,raisearms-m-l,9,limits_dof_pos_active_fraction,1.0
g1_lafan,4728,4728,9600000,raisearms-m-l,9,limits_torque_mean,5.002588272094727
g1_lafan,4728,4728,9600000,raisearms-m-l,9,limits_torque_active_fraction,1.0
g1_lafan,4728,4728,9600000,raisearms-m-l,9,penalty_undesired_contact_mean,0.0
g1_lafan,4728,4728,9600000,raisearms-m-l,9,penalty_undesired_contact_active_fraction,0.0
g1_lafan,4728,4728,9600000,raisearms-m-l,9,penalty_feet_ori_mean,0.36539772152900696
g1_lafan,4728,4728,9600000,raisearms-m-l,9,penalty_feet_ori_active_fraction,1.0
g1_lafan,4728,4728,9600000,raisearms-m-l,9,penalty_ankle_roll_mean,0.13598361611366272
g1_lafan,4728,4728,9600000,raisearms-m-l,9,penalty_ankle_roll_active_fraction,1.0
g1_lafan,4728,4728,9600000,raisearms-m-l,9,penalty_slippage_mean,0.08874867111444473
g1_lafan,4728,4728,9600000,raisearms-m-l,9,penalty_slippage_active_fraction,1.0
g1_lafan,4728,4728,9600000,raisearms-m-m,0,return,0.373756468296051
g1_lafan,4728,4728,9600000,raisearms-m-m,0,auxiliary_cost,1.9512025117874146
g1_lafan,4728,4728,9600000,raisearms-m-m,0,safety_violation_rate,1.0
g1_lafan,4728,4728,9600000,raisearms-m-m,0,termination_rate,0.0
g1_lafan,4728,4728,9600000,raisearms-m-m,0,action_l2,2.9078686237335205
g1_lafan,4728,4728,9600000,raisearms-m-m,0,penalty_torques_mean,5810.056640625
g1_lafan,4728,4728,9600000,raisearms-m-m,0,penalty_torques_active_fraction,1.0
g1_lafan,4728,4728,9600000,raisearms-m-m,0,penalty_action_rate_mean,1.4756972789764404
g1_lafan,4728,4728,9600000,raisearms-m-m,0,penalty_action_rate_active_fraction,1.0
g1_lafan,4728,4728,9600000,raisearms-m-m,0,limits_dof_pos_mean,0.08676255494356155
g1_lafan,4728,4728,9600000,raisearms-m-m,0,limits_dof_pos_active_fraction,1.0
g1_lafan,4728,4728,9600000,raisearms-m-m,0,limits_torque_mean,3.929356336593628
g1_lafan,4728,4728,9600000,raisearms-m-m,0,limits_torque_active_fraction,0.9880000352859497
g1_lafan,4728,4728,9600000,raisearms-m-m,0,penalty_undesired_contact_mean,0.0
g1_lafan,4728,4728,9600000,raisearms-m-m,0,penalty_undesired_contact_active_fraction,0.0
g1_lafan,4728,4728,9600000,raisearms-m-m,0,penalty_feet_ori_mean,0.4223378300666809
g1_lafan,4728,4728,9600000,raisearms-m-m,0,penalty_feet_ori_active_fraction,0.9980000257492065
g1_lafan,4728,4728,9600000,raisearms-m-m,0,penalty_ankle_roll_mean,0.13454818725585938
g1_lafan,4728,4728,9600000,raisearms-m-m,0,penalty_ankle_roll_active_fraction,1.0
g1_lafan,4728,4728,9600000,raisearms-m-m,0,penalty_slippage_mean,0.11444023251533508
g1_lafan,4728,4728,9600000,raisearms-m-m,0,penalty_slippage_active_fraction,0.9980000257492065
g1_lafan,4728,4728,9600000,raisearms-m-m,1,return,43.388633728027344
g1_lafan,4728,4728,9600000,raisearms-m-m,1,auxiliary_cost,1.9601494073867798
g1_lafan,4728,4728,9600000,raisearms-m-m,1,safety_violation_rate,1.0
g1_lafan,4728,4728,9600000,raisearms-m-m,1,termination_rate,0.0
g1_lafan,4728,4728,9600000,raisearms-m-m,1,action_l2,2.9200265407562256
g1_lafan,4728,4728,9600000,raisearms-m-m,1,penalty_torques_mean,5827.3173828125
g1_lafan,4728,4728,9600000,raisearms-m-m,1,penalty_torques_active_fraction,1.0
g1_lafan,4728,4728,9600000,raisearms-m-m,1,penalty_action_rate_mean,1.5241060256958008
g1_lafan,4728,4728,9600000,raisearms-m-m,1,penalty_action_rate_active_fraction,1.0
g1_lafan,4728,4728,9600000,raisearms-m-m,1,limits_dof_pos_mean,0.08608154952526093
g1_lafan,4728,4728,9600000,raisearms-m-m,1,limits_dof_pos_active_fraction,1.0
g1_lafan,4728,4728,9600000,raisearms-m-m,1,limits_torque_mean,4.122165203094482
g1_lafan,4728,4728,9600000,raisearms-m-m,1,limits_torque_active_fraction,1.0
g1_lafan,4728,4728,9600000,raisearms-m-m,1,penalty_undesired_contact_mean,0.0
g1_lafan,4728,4728,9600000,raisearms-m-m,1,penalty_undesired_contact_active_fraction,0.0
g1_lafan,4728,4728,9600000,raisearms-m-m,1,penalty_feet_ori_mean,0.4179871082305908
g1_lafan,4728,4728,9600000,raisearms-m-m,1,penalty_feet_ori_active_fraction,0.9960000514984131
g1_lafan,4728,4728,9600000,raisearms-m-m,1,penalty_ankle_roll_mean,0.1351756751537323
g1_lafan,4728,4728,9600000,raisearms-m-m,1,penalty_ankle_roll_active_fraction,1.0
g1_lafan,4728,4728,9600000,raisearms-m-m,1,penalty_slippage_mean,0.11951199918985367
g1_lafan,4728,4728,9600000,raisearms-m-m,1,penalty_slippage_active_fraction,0.9960000514984131
g1_lafan,4728,4728,9600000,raisearms-m-m,2,return,13.570140838623047
g1_lafan,4728,4728,9600000,raisearms-m-m,2,auxiliary_cost,1.976845383644104
g1_lafan,4728,4728,9600000,raisearms-m-m,2,safety_violation_rate,1.0
g1_lafan,4728,4728,9600000,raisearms-m-m,2,termination_rate,0.0
g1_lafan,4728,4728,9600000,raisearms-m-m,2,action_l2,2.9436373710632324
g1_lafan,4728,4728,9600000,raisearms-m-m,2,penalty_torques_mean,6231.47900390625
g1_lafan,4728,4728,9600000,raisearms-m-m,2,penalty_torques_active_fraction,1.0
g1_lafan,4728,4728,9600000,raisearms-m-m,2,penalty_action_rate_mean,1.5524991750717163
g1_lafan,4728,4728,9600000,raisearms-m-m,2,penalty_action_rate_active_fraction,1.0
g1_lafan,4728,4728,9600000,raisearms-m-m,2,limits_dof_pos_mean,0.08666261285543442
g1_lafan,4728,4728,9600000,raisearms-m-m,2,limits_dof_pos_active_fraction,1.0
g1_lafan,4728,4728,9600000,raisearms-m-m,2,limits_torque_mean,4.332207679748535
g1_lafan,4728,4728,9600000,raisearms-m-m,2,limits_torque_active_fraction,1.0
g1_lafan,4728,4728,9600000,raisearms-m-m,2,penalty_undesired_contact_mean,0.0
g1_lafan,4728,4728,9600000,raisearms-m-m,2,penalty_undesired_contact_active_fraction,0.0
g1_lafan,4728,4728,9600000,raisearms-m-m,2,penalty_feet_ori_mean,0.4077240526676178
g1_lafan,4728,4728,9600000,raisearms-m-m,2,penalty_feet_ori_active_fraction,0.9960000514984131
g1_lafan,4728,4728,9600000,raisearms-m-m,2,penalty_ankle_roll_mean,0.13077574968338013
g1_lafan,4728,4728,9600000,raisearms-m-m,2,penalty_ankle_roll_active_fraction,1.0
g1_lafan,4728,4728,9600000,raisearms-m-m,2,penalty_slippage_mean,0.13438859581947327
g1_lafan,4728,4728,9600000,raisearms-m-m,2,penalty_slippage_active_fraction,0.9960000514984131
g1_lafan,4728,4728,9600000,raisearms-m-m,3,return,49.59064483642578
g1_lafan,4728,4728,9600000,raisearms-m-m,3,auxiliary_cost,2.311762809753418
g1_lafan,4728,4728,9600000,raisearms-m-m,3,safety_violation_rate,1.0
g1_lafan,4728,4728,9600000,raisearms-m-m,3,termination_rate,0.0
g1_lafan,4728,4728,9600000,raisearms-m-m,3,action_l2,3.038395643234253
g1_lafan,4728,4728,9600000,raisearms-m-m,3,penalty_torques_mean,7169.57421875
g1_lafan,4728,4728,9600000,raisearms-m-m,3,penalty_torques_active_fraction,1.0
g1_lafan,4728,4728,9600000,raisearms-m-m,3,penalty_action_rate_mean,2.766422986984253
g1_lafan,4728,4728,9600000,raisearms-m-m,3,penalty_action_rate_active_fraction,1.0
g1_lafan,4728,4728,9600000,raisearms-m-m,3,limits_dof_pos_mean,0.09489013254642487
g1_lafan,4728,4728,9600000,raisearms-m-m,3,limits_dof_pos_active_fraction,1.0
g1_lafan,4728,4728,9600000,raisearms-m-m,3,limits_torque_mean,4.654272556304932
g1_lafan,4728,4728,9600000,raisearms-m-m,3,limits_torque_active_fraction,0.9980000257492065
g1_lafan,4728,4728,9600000,raisearms-m-m,3,penalty_undesired_contact_mean,0.02200000174343586
g1_lafan,4728,4728,9600000,raisearms-m-m,3,penalty_undesired_contact_active_fraction,0.02200000174343586
g1_lafan,4728,4728,9600000,raisearms-m-m,3,penalty_feet_ori_mean,0.3099652826786041
g1_lafan,4728,4728,9600000,raisearms-m-m,3,penalty_feet_ori_active_fraction,0.984000027179718
g1_lafan,4728,4728,9600000,raisearms-m-m,3,penalty_ankle_roll_mean,0.13583295047283173
g1_lafan,4728,4728,9600000,raisearms-m-m,3,penalty_ankle_roll_active_fraction,1.0
g1_lafan,4728,4728,9600000,raisearms-m-m,3,penalty_slippage_mean,0.1984511911869049
g1_lafan,4728,4728,9600000,raisearms-m-m,3,penalty_slippage_active_fraction,0.984000027179718
g1_lafan,4728,4728,9600000,raisearms-m-m,4,return,0.36844056844711304
g1_lafan,4728,4728,9600000,raisearms-m-m,4,auxiliary_cost,2.0173139572143555
g1_lafan,4728,4728,9600000,raisearms-m-m,4,safety_violation_rate,1.0
g1_lafan,4728,4728,9600000,raisearms-m-m,4,termination_rate,0.0
g1_lafan,4728,4728,9600000,raisearms-m-m,4,action_l2,2.994398593902588
g1_lafan,4728,4728,9600000,raisearms-m-m,4,penalty_torques_mean,6812.51171875
g1_lafan,4728,4728,9600000,raisearms-m-m,4,penalty_torques_active_fraction,1.0
g1_lafan,4728,4728,9600000,raisearms-m-m,4,penalty_action_rate_mean,2.1743004322052
g1_lafan,4728,4728,9600000,raisearms-m-m,4,penalty_action_rate_active_fraction,1.0
g1_lafan,4728,4728,9600000,raisearms-m-m,4,limits_dof_pos_mean,0.08665384352207184
g1_lafan,4728,4728,9600000,raisearms-m-m,4,limits_dof_pos_active_fraction,1.0
g1_lafan,4728,4728,9600000,raisearms-m-m,4,limits_torque_mean,4.49054479598999
g1_lafan,4728,4728,9600000,raisearms-m-m,4,limits_torque_active_fraction,1.0
g1_lafan,4728,4728,9600000,raisearms-m-m,4,penalty_undesired_contact_mean,0.0
g1_lafan,4728,4728,9600000,raisearms-m-m,4,penalty_undesired_contact_active_fraction,0.0
g1_lafan,4728,4728,9600000,raisearms-m-m,4,penalty_feet_ori_mean,0.3404262959957123
g1_lafan,4728,4728,9600000,raisearms-m-m,4,penalty_feet_ori_active_fraction,0.9920000433921814
g1_lafan,4728,4728,9600000,raisearms-m-m,4,penalty_ankle_roll_mean,0.1365794986486435
g1_lafan,4728,4728,9600000,raisearms-m-m,4,penalty_ankle_roll_active_fraction,1.0
g1_lafan,4728,4728,9600000,raisearms-m-m,4,penalty_slippage_mean,0.12542840838432312
g1_lafan,4728,4728,9600000,raisearms-m-m,4,penalty_slippage_active_fraction,0.9920000433921814
g1_lafan,4728,4728,9600000,raisearms-m-m,5,return,45.84016036987305
g1_lafan,4728,4728,9600000,raisearms-m-m,5,auxiliary_cost,2.0686399936676025
g1_lafan,4728,4728,9600000,raisearms-m-m,5,safety_violation_rate,1.0
g1_lafan,4728,4728,9600000,raisearms-m-m,5,termination_rate,0.0
g1_lafan,4728,4728,9600000,raisearms-m-m,5,action_l2,3.004319429397583
g1_lafan,4728,4728,9600000,raisearms-m-m,5,penalty_torques_mean,7047.04833984375
g1_lafan,4728,4728,9600000,raisearms-m-m,5,penalty_torques_active_fraction,1.0
g1_lafan,4728,4728,9600000,raisearms-m-m,5,penalty_action_rate_mean,1.987265706062317
g1_lafan,4728,4728,9600000,raisearms-m-m,5,penalty_action_rate_active_fraction,1.0
g1_lafan,4728,4728,9600000,raisearms-m-m,5,limits_dof_pos_mean,0.08892572671175003
g1_lafan,4728,4728,9600000,raisearms-m-m,5,limits_dof_pos_active_fraction,0.9980000257492065
g1_lafan,4728,4728,9600000,raisearms-m-m,5,limits_torque_mean,4.793790817260742
g1_lafan,4728,4728,9600000,raisearms-m-m,5,limits_torque_active_fraction,0.9960000514984131
g1_lafan,4728,4728,9600000,raisearms-m-m,5,penalty_undesired_contact_mean,0.0
g1_lafan,4728,4728,9600000,raisearms-m-m,5,penalty_undesired_contact_active_fraction,0.0
g1_lafan,4728,4728,9600000,raisearms-m-m,5,penalty_feet_ori_mean,0.32592347264289856
g1_lafan,4728,4728,9600000,raisearms-m-m,5,penalty_feet_ori_active_fraction,0.9800000190734863
g1_lafan,4728,4728,9600000,raisearms-m-m,5,penalty_ankle_roll_mean,0.13630558550357819
g1_lafan,4728,4728,9600000,raisearms-m-m,5,penalty_ankle_roll_active_fraction,1.0
g1_lafan,4728,4728,9600000,raisearms-m-m,5,penalty_slippage_mean,0.15253295004367828
g1_lafan,4728,4728,9600000,raisearms-m-m,5,penalty_slippage_active_fraction,0.9800000190734863
g1_lafan,4728,4728,9600000,raisearms-m-m,6,return,5.539276123046875
g1_lafan,4728,4728,9600000,raisearms-m-m,6,auxiliary_cost,2.1677448749542236
g1_lafan,4728,4728,9600000,raisearms-m-m,6,safety_violation_rate,1.0
g1_lafan,4728,4728,9600000,raisearms-m-m,6,termination_rate,0.0
g1_lafan,4728,4728,9600000,raisearms-m-m,6,action_l2,2.9357593059539795
g1_lafan,4728,4728,9600000,raisearms-m-m,6,penalty_torques_mean,5977.6728515625
g1_lafan,4728,4728,9600000,raisearms-m-m,6,penalty_torques_active_fraction,1.0
g1_lafan,4728,4728,9600000,raisearms-m-m,6,penalty_action_rate_mean,2.0833635330200195
g1_lafan,4728,4728,9600000,raisearms-m-m,6,penalty_action_rate_active_fraction,1.0
g1_lafan,4728,4728,9600000,raisearms-m-m,6,limits_dof_pos_mean,0.0915268212556839
g1_lafan,4728,4728,9600000,raisearms-m-m,6,limits_dof_pos_active_fraction,1.0
g1_lafan,4728,4728,9600000,raisearms-m-m,6,limits_torque_mean,3.8681399822235107
g1_lafan,4728,4728,9600000,raisearms-m-m,6,limits_torque_active_fraction,0.9960000514984131
g1_lafan,4728,4728,9600000,raisearms-m-m,6,penalty_undesired_contact_mean,0.014000000432133675
g1_lafan,4728,4728,9600000,raisearms-m-m,6,penalty_undesired_contact_active_fraction,0.014000000432133675
g1_lafan,4728,4728,9600000,raisearms-m-m,6,penalty_feet_ori_mean,0.41017666459083557
g1_lafan,4728,4728,9600000,raisearms-m-m,6,penalty_feet_ori_active_fraction,0.984000027179718
g1_lafan,4728,4728,9600000,raisearms-m-m,6,penalty_ankle_roll_mean,0.1364213526248932
g1_lafan,4728,4728,9600000,raisearms-m-m,6,penalty_ankle_roll_active_fraction,1.0
g1_lafan,4728,4728,9600000,raisearms-m-m,6,penalty_slippage_mean,0.16019263863563538
g1_lafan,4728,4728,9600000,raisearms-m-m,6,penalty_slippage_active_fraction,0.984000027179718
g1_lafan,4728,4728,9600000,raisearms-m-m,7,return,35.70857238769531
g1_lafan,4728,4728,9600000,raisearms-m-m,7,auxiliary_cost,2.0724949836730957
g1_lafan,4728,4728,9600000,raisearms-m-m,7,safety_violation_rate,0.9980000257492065
g1_lafan,4728,4728,9600000,raisearms-m-m,7,termination_rate,0.0
g1_lafan,4728,4728,9600000,raisearms-m-m,7,action_l2,2.9317638874053955
g1_lafan,4728,4728,9600000,raisearms-m-m,7,penalty_torques_mean,6024.6318359375
g1_lafan,4728,4728,9600000,raisearms-m-m,7,penalty_torques_active_fraction,1.0
g1_lafan,4728,4728,9600000,raisearms-m-m,7,penalty_action_rate_mean,1.5957847833633423
g1_lafan,4728,4728,9600000,raisearms-m-m,7,penalty_action_rate_active_fraction,1.0
g1_lafan,4728,4728,9600000,raisearms-m-m,7,limits_dof_pos_mean,0.09372653067111969
g1_lafan,4728,4728,9600000,raisearms-m-m,7,limits_dof_pos_active_fraction,0.9980000257492065
g1_lafan,4728,4728,9600000,raisearms-m-m,7,limits_torque_mean,3.862501382827759
g1_lafan,4728,4728,9600000,raisearms-m-m,7,limits_torque_active_fraction,0.9900000691413879
g1_lafan,4728,4728,9600000,raisearms-m-m,7,penalty_undesired_contact_mean,0.0
g1_lafan,4728,4728,9600000,raisearms-m-m,7,penalty_undesired_contact_active_fraction,0.0
g1_lafan,4728,4728,9600000,raisearms-m-m,7,penalty_feet_ori_mean,0.4387757480144501
g1_lafan,4728,4728,9600000,raisearms-m-m,7,penalty_feet_ori_active_fraction,0.9980000257492065
g1_lafan,4728,4728,9600000,raisearms-m-m,7,penalty_ankle_roll_mean,0.1327999234199524
g1_lafan,4728,4728,9600000,raisearms-m-m,7,penalty_ankle_roll_active_fraction,1.0
g1_lafan,4728,4728,9600000,raisearms-m-m,7,penalty_slippage_mean,0.1344708949327469
g1_lafan,4728,4728,9600000,raisearms-m-m,7,penalty_slippage_active_fraction,0.9980000257492065
g1_lafan,4728,4728,9600000,raisearms-m-m,8,return,8.931039810180664
g1_lafan,4728,4728,9600000,raisearms-m-m,8,auxiliary_cost,2.0677449703216553
g1_lafan,4728,4728,9600000,raisearms-m-m,8,safety_violation_rate,0.9980000257492065
g1_lafan,4728,4728,9600000,raisearms-m-m,8,termination_rate,0.0
g1_lafan,4728,4728,9600000,raisearms-m-m,8,action_l2,2.939054012298584
g1_lafan,4728,4728,9600000,raisearms-m-m,8,penalty_torques_mean,6346.9296875
g1_lafan,4728,4728,9600000,raisearms-m-m,8,penalty_torques_active_fraction,1.0
g1_lafan,4728,4728,9600000,raisearms-m-m,8,penalty_action_rate_mean,1.4448984861373901
g1_lafan,4728,4728,9600000,raisearms-m-m,8,penalty_action_rate_active_fraction,1.0
g1_lafan,4728,4728,9600000,raisearms-m-m,8,limits_dof_pos_mean,0.08995360881090164
g1_lafan,4728,4728,9600000,raisearms-m-m,8,limits_dof_pos_active_fraction,0.9980000257492065
g1_lafan,4728,4728,9600000,raisearms-m-m,8,limits_torque_mean,4.551513195037842
g1_lafan,4728,4728,9600000,raisearms-m-m,8,limits_torque_active_fraction,0.9940000176429749
g1_lafan,4728,4728,9600000,raisearms-m-m,8,penalty_undesired_contact_mean,0.0
g1_lafan,4728,4728,9600000,raisearms-m-m,8,penalty_undesired_contact_active_fraction,0.0
g1_lafan,4728,4728,9600000,raisearms-m-m,8,penalty_feet_ori_mean,0.40581801533699036
g1_lafan,4728,4728,9600000,raisearms-m-m,8,penalty_feet_ori_active_fraction,0.9980000257492065
g1_lafan,4728,4728,9600000,raisearms-m-m,8,penalty_ankle_roll_mean,0.13513989746570587
g1_lafan,4728,4728,9600000,raisearms-m-m,8,penalty_ankle_roll_active_fraction,1.0
g1_lafan,4728,4728,9600000,raisearms-m-m,8,penalty_slippage_mean,0.16041627526283264
g1_lafan,4728,4728,9600000,raisearms-m-m,8,penalty_slippage_active_fraction,0.9980000257492065
g1_lafan,4728,4728,9600000,raisearms-m-m,9,return,26.997791290283203
g1_lafan,4728,4728,9600000,raisearms-m-m,9,auxiliary_cost,2.234673023223877
g1_lafan,4728,4728,9600000,raisearms-m-m,9,safety_violation_rate,0.9940000176429749
g1_lafan,4728,4728,9600000,raisearms-m-m,9,termination_rate,0.0
g1_lafan,4728,4728,9600000,raisearms-m-m,9,action_l2,2.9290833473205566
g1_lafan,4728,4728,9600000,raisearms-m-m,9,penalty_torques_mean,6392.5625
g1_lafan,4728,4728,9600000,raisearms-m-m,9,penalty_torques_active_fraction,1.0
g1_lafan,4728,4728,9600000,raisearms-m-m,9,penalty_action_rate_mean,3.0573935508728027
g1_lafan,4728,4728,9600000,raisearms-m-m,9,penalty_action_rate_active_fraction,1.0
g1_lafan,4728,4728,9600000,raisearms-m-m,9,limits_dof_pos_mean,0.08326929807662964
g1_lafan,4728,4728,9600000,raisearms-m-m,9,limits_dof_pos_active_fraction,0.9940000176429749
g1_lafan,4728,4728,9600000,raisearms-m-m,9,limits_torque_mean,3.390029191970825
g1_lafan,4728,4728,9600000,raisearms-m-m,9,limits_torque_active_fraction,0.9240000247955322
g1_lafan,4728,4728,9600000,raisearms-m-m,9,penalty_undesired_contact_mean,0.0
g1_lafan,4728,4728,9600000,raisearms-m-m,9,penalty_undesired_contact_active_fraction,0.0
g1_lafan,4728,4728,9600000,raisearms-m-m,9,penalty_feet_ori_mean,0.42603838443756104
g1_lafan,4728,4728,9600000,raisearms-m-m,9,penalty_feet_ori_active_fraction,0.9980000257492065
g1_lafan,4728,4728,9600000,raisearms-m-m,9,penalty_ankle_roll_mean,0.12659811973571777
g1_lafan,4728,4728,9600000,raisearms-m-m,9,penalty_ankle_roll_active_fraction,1.0
g1_lafan,4728,4728,9600000,raisearms-m-m,9,penalty_slippage_mean,0.20971648395061493
g1_lafan,4728,4728,9600000,raisearms-m-m,9,penalty_slippage_active_fraction,0.9980000257492065
g1_lafan,4728,4728,9600000,move-arms-0-0.7-m-m,0,return,32.4420051574707
g1_lafan,4728,4728,9600000,move-arms-0-0.7-m-m,0,auxiliary_cost,2.9967432022094727
g1_lafan,4728,4728,9600000,move-arms-0-0.7-m-m,0,safety_violation_rate,1.0
g1_lafan,4728,4728,9600000,move-arms-0-0.7-m-m,0,termination_rate,0.0
g1_lafan,4728,4728,9600000,move-arms-0-0.7-m-m,0,action_l2,2.9619827270507812
g1_lafan,4728,4728,9600000,move-arms-0-0.7-m-m,0,penalty_torques_mean,10437.6845703125
g1_lafan,4728,4728,9600000,move-arms-0-0.7-m-m,0,penalty_torques_active_fraction,1.0
g1_lafan,4728,4728,9600000,move-arms-0-0.7-m-m,0,penalty_action_rate_mean,6.840481758117676
g1_lafan,4728,4728,9600000,move-arms-0-0.7-m-m,0,penalty_action_rate_active_fraction,1.0
g1_lafan,4728,4728,9600000,move-arms-0-0.7-m-m,0,limits_dof_pos_mean,0.059897616505622864
g1_lafan,4728,4728,9600000,move-arms-0-0.7-m-m,0,limits_dof_pos_active_fraction,1.0
g1_lafan,4728,4728,9600000,move-arms-0-0.7-m-m,0,limits_torque_mean,5.095463752746582
g1_lafan,4728,4728,9600000,move-arms-0-0.7-m-m,0,limits_torque_active_fraction,0.9960000514984131
g1_lafan,4728,4728,9600000,move-arms-0-0.7-m-m,0,penalty_undesired_contact_mean,0.04200000315904617
g1_lafan,4728,4728,9600000,move-arms-0-0.7-m-m,0,penalty_undesired_contact_active_fraction,0.04200000315904617
g1_lafan,4728,4728,9600000,move-arms-0-0.7-m-m,0,penalty_feet_ori_mean,0.5776039361953735
g1_lafan,4728,4728,9600000,move-arms-0-0.7-m-m,0,penalty_feet_ori_active_fraction,0.9500000476837158
g1_lafan,4728,4728,9600000,move-arms-0-0.7-m-m,0,penalty_ankle_roll_mean,0.13594065606594086
g1_lafan,4728,4728,9600000,move-arms-0-0.7-m-m,0,penalty_ankle_roll_active_fraction,1.0
g1_lafan,4728,4728,9600000,move-arms-0-0.7-m-m,0,penalty_slippage_mean,0.44845759868621826
g1_lafan,4728,4728,9600000,move-arms-0-0.7-m-m,0,penalty_slippage_active_fraction,0.9500000476837158
g1_lafan,4728,4728,9600000,move-arms-0-0.7-m-m,1,return,12.300325393676758
g1_lafan,4728,4728,9600000,move-arms-0-0.7-m-m,1,auxiliary_cost,2.179955005645752
g1_lafan,4728,4728,9600000,move-arms-0-0.7-m-m,1,safety_violation_rate,1.0
g1_lafan,4728,4728,9600000,move-arms-0-0.7-m-m,1,termination_rate,0.0
g1_lafan,4728,4728,9600000,move-arms-0-0.7-m-m,1,action_l2,2.8552944660186768
g1_lafan,4728,4728,9600000,move-arms-0-0.7-m-m,1,penalty_torques_mean,7660.8330078125
g1_lafan,4728,4728,9600000,move-arms-0-0.7-m-m,1,penalty_torques_active_fraction,1.0
g1_lafan,4728,4728,9600000,move-arms-0-0.7-m-m,1,penalty_action_rate_mean,3.2860107421875
g1_lafan,4728,4728,9600000,move-arms-0-0.7-m-m,1,penalty_action_rate_active_fraction,1.0
g1_lafan,4728,4728,9600000,move-arms-0-0.7-m-m,1,limits_dof_pos_mean,0.038382478058338165
g1_lafan,4728,4728,9600000,move-arms-0-0.7-m-m,1,limits_dof_pos_active_fraction,0.9980000257492065
g1_lafan,4728,4728,9600000,move-arms-0-0.7-m-m,1,limits_torque_mean,4.695042610168457
g1_lafan,4728,4728,9600000,move-arms-0-0.7-m-m,1,limits_torque_active_fraction,0.9980000257492065
g1_lafan,4728,4728,9600000,move-arms-0-0.7-m-m,1,penalty_undesired_contact_mean,0.0
g1_lafan,4728,4728,9600000,move-arms-0-0.7-m-m,1,penalty_undesired_contact_active_fraction,0.0
g1_lafan,4728,4728,9600000,move-arms-0-0.7-m-m,1,penalty_feet_ori_mean,0.602742075920105
g1_lafan,4728,4728,9600000,move-arms-0-0.7-m-m,1,penalty_feet_ori_active_fraction,0.9980000257492065
g1_lafan,4728,4728,9600000,move-arms-0-0.7-m-m,1,penalty_ankle_roll_mean,0.1345476359128952
g1_lafan,4728,4728,9600000,move-arms-0-0.7-m-m,1,penalty_ankle_roll_active_fraction,1.0
g1_lafan,4728,4728,9600000,move-arms-0-0.7-m-m,1,penalty_slippage_mean,0.3441214859485626
g1_lafan,4728,4728,9600000,move-arms-0-0.7-m-m,1,penalty_slippage_active_fraction,0.9980000257492065
g1_lafan,4728,4728,9600000,move-arms-0-0.7-m-m,2,return,31.68341064453125
g1_lafan,4728,4728,9600000,move-arms-0-0.7-m-m,2,auxiliary_cost,2.233823776245117
g1_lafan,4728,4728,9600000,move-arms-0-0.7-m-m,2,safety_violation_rate,1.0
g1_lafan,4728,4728,9600000,move-arms-0-0.7-m-m,2,termination_rate,0.0
g1_lafan,4728,4728,9600000,move-arms-0-0.7-m-m,2,action_l2,2.9049837589263916
g1_lafan,4728,4728,9600000,move-arms-0-0.7-m-m,2,penalty_torques_mean,8268.15234375
g1_lafan,4728,4728,9600000,move-arms-0-0.7-m-m,2,penalty_torques_active_fraction,1.0
g1_lafan,4728,4728,9600000,move-arms-0-0.7-m-m,2,penalty_action_rate_mean,3.467705726623535
g1_lafan,4728,4728,9600000,move-arms-0-0.7-m-m,2,penalty_action_rate_active_fraction,1.0
g1_lafan,4728,4728,9600000,move-arms-0-0.7-m-m,2,limits_dof_pos_mean,0.040927816182374954
g1_lafan,4728,4728,9600000,move-arms-0-0.7-m-m,2,limits_dof_pos_active_fraction,1.0
g1_lafan,4728,4728,9600000,move-arms-0-0.7-m-m,2,limits_torque_mean,4.661908149719238
g1_lafan,4728,4728,9600000,move-arms-0-0.7-m-m,2,limits_torque_active_fraction,1.0
g1_lafan,4728,4728,9600000,move-arms-0-0.7-m-m,2,penalty_undesired_contact_mean,0.004000000189989805
g1_lafan,4728,4728,9600000,move-arms-0-0.7-m-m,2,penalty_undesired_contact_active_fraction,0.004000000189989805
g1_lafan,4728,4728,9600000,move-arms-0-0.7-m-m,2,penalty_feet_ori_mean,0.5735484957695007
g1_lafan,4728,4728,9600000,move-arms-0-0.7-m-m,2,penalty_feet_ori_active_fraction,0.9600000381469727
g1_lafan,4728,4728,9600000,move-arms-0-0.7-m-m,2,penalty_ankle_roll_mean,0.13572393357753754
g1_lafan,4728,4728,9600000,move-arms-0-0.7-m-m,2,penalty_ankle_roll_active_fraction,1.0
g1_lafan,4728,4728,9600000,move-arms-0-0.7-m-m,2,penalty_slippage_mean,0.3507310748100281
g1_lafan,4728,4728,9600000,move-arms-0-0.7-m-m,2,penalty_slippage_active_fraction,0.9600000381469727
g1_lafan,4728,4728,9600000,move-arms-0-0.7-m-m,3,return,58.288108825683594
g1_lafan,4728,4728,9600000,move-arms-0-0.7-m-m,3,auxiliary_cost,1.912996530532837
g1_lafan,4728,4728,9600000,move-arms-0-0.7-m-m,3,safety_violation_rate,1.0
g1_lafan,4728,4728,9600000,move-arms-0-0.7-m-m,3,termination_rate,0.0
g1_lafan,4728,4728,9600000,move-arms-0-0.7-m-m,3,action_l2,2.8153162002563477
g1_lafan,4728,4728,9600000,move-arms-0-0.7-m-m,3,penalty_torques_mean,7049.123046875
g1_lafan,4728,4728,9600000,move-arms-0-0.7-m-m,3,penalty_torques_active_fraction,1.0
g1_lafan,4728,4728,9600000,move-arms-0-0.7-m-m,3,penalty_action_rate_mean,1.8686168193817139
g1_lafan,4728,4728,9600000,move-arms-0-0.7-m-m,3,penalty_action_rate_active_fraction,1.0
g1_lafan,4728,4728,9600000,move-arms-0-0.7-m-m,3,limits_dof_pos_mean,0.044498030096292496
g1_lafan,4728,4728,9600000,move-arms-0-0.7-m-m,3,limits_dof_pos_active_fraction,0.9980000257492065
g1_lafan,4728,4728,9600000,move-arms-0-0.7-m-m,3,limits_torque_mean,4.458878040313721
g1_lafan,4728,4728,9600000,move-arms-0-0.7-m-m,3,limits_torque_active_fraction,0.9980000257492065
g1_lafan,4728,4728,9600000,move-arms-0-0.7-m-m,3,penalty_undesired_contact_mean,0.0
g1_lafan,4728,4728,9600000,move-arms-0-0.7-m-m,3,penalty_undesired_contact_active_fraction,0.0
g1_lafan,4728,4728,9600000,move-arms-0-0.7-m-m,3,penalty_feet_ori_mean,0.4969503879547119
g1_lafan,4728,4728,9600000,move-arms-0-0.7-m-m,3,penalty_feet_ori_active_fraction,0.9960000514984131
g1_lafan,4728,4728,9600000,move-arms-0-0.7-m-m,3,penalty_ankle_roll_mean,0.1358424574136734
g1_lafan,4728,4728,9600000,move-arms-0-0.7-m-m,3,penalty_ankle_roll_active_fraction,1.0
g1_lafan,4728,4728,9600000,move-arms-0-0.7-m-m,3,penalty_slippage_mean,0.26950252056121826
g1_lafan,4728,4728,9600000,move-arms-0-0.7-m-m,3,penalty_slippage_active_fraction,0.9960000514984131
g1_lafan,4728,4728,9600000,move-arms-0-0.7-m-m,4,return,19.691932678222656
g1_lafan,4728,4728,9600000,move-arms-0-0.7-m-m,4,auxiliary_cost,1.9721899032592773
g1_lafan,4728,4728,9600000,move-arms-0-0.7-m-m,4,safety_violation_rate,1.0
g1_lafan,4728,4728,9600000,move-arms-0-0.7-m-m,4,termination_rate,0.0
g1_lafan,4728,4728,9600000,move-arms-0-0.7-m-m,4,action_l2,2.8753862380981445
g1_lafan,4728,4728,9600000,move-arms-0-0.7-m-m,4,penalty_torques_mean,8151.783203125
g1_lafan,4728,4728,9600000,move-arms-0-0.7-m-m,4,penalty_torques_active_fraction,1.0
g1_lafan,4728,4728,9600000,move-arms-0-0.7-m-m,4,penalty_action_rate_mean,3.4071366786956787
g1_lafan,4728,4728,9600000,move-arms-0-0.7-m-m,4,penalty_action_rate_active_fraction,1.0
g1_lafan,4728,4728,9600000,move-arms-0-0.7-m-m,4,limits_dof_pos_mean,0.032146718353033066
g1_lafan,4728,4728,9600000,move-arms-0-0.7-m-m,4,limits_dof_pos_active_fraction,0.9980000257492065
g1_lafan,4728,4728,9600000,move-arms-0-0.7-m-m,4,limits_torque_mean,4.214616775512695
g1_lafan,4728,4728,9600000,move-arms-0-0.7-m-m,4,limits_torque_active_fraction,1.0
g1_lafan,4728,4728,9600000,move-arms-0-0.7-m-m,4,penalty_undesired_contact_mean,0.0
g1_lafan,4728,4728,9600000,move-arms-0-0.7-m-m,4,penalty_undesired_contact_active_fraction,0.0
g1_lafan,4728,4728,9600000,move-arms-0-0.7-m-m,4,penalty_feet_ori_mean,0.6247551441192627
g1_lafan,4728,4728,9600000,move-arms-0-0.7-m-m,4,penalty_feet_ori_active_fraction,0.9880000352859497
g1_lafan,4728,4728,9600000,move-arms-0-0.7-m-m,4,penalty_ankle_roll_mean,0.1346648931503296
g1_lafan,4728,4728,9600000,move-arms-0-0.7-m-m,4,penalty_ankle_roll_active_fraction,1.0
g1_lafan,4728,4728,9600000,move-arms-0-0.7-m-m,4,penalty_slippage_mean,0.260723739862442
g1_lafan,4728,4728,9600000,move-arms-0-0.7-m-m,4,penalty_slippage_active_fraction,0.9880000352859497
g1_lafan,4728,4728,9600000,move-arms-0-0.7-m-m,5,return,50.73585510253906
g1_lafan,4728,4728,9600000,move-arms-0-0.7-m-m,5,auxiliary_cost,2.0396454334259033
g1_lafan,4728,4728,9600000,move-arms-0-0.7-m-m,5,safety_violation_rate,0.9980000257492065
g1_lafan,4728,4728,9600000,move-arms-0-0.7-m-m,5,termination_rate,0.0
g1_lafan,4728,4728,9600000,move-arms-0-0.7-m-m,5,action_l2,2.873539447784424
g1_lafan,4728,4728,9600000,move-arms-0-0.7-m-m,5,penalty_torques_mean,7990.3388671875
g1_lafan,4728,4728,9600000,move-arms-0-0.7-m-m,5,penalty_torques_active_fraction,1.0
g1_lafan,4728,4728,9600000,move-arms-0-0.7-m-m,5,penalty_action_rate_mean,3.148653745651245
g1_lafan,4728,4728,9600000,move-arms-0-0.7-m-m,5,penalty_action_rate_active_fraction,1.0
g1_lafan,4728,4728,9600000,move-arms-0-0.7-m-m,5,limits_dof_pos_mean,0.03742313012480736
g1_lafan,4728,4728,9600000,move-arms-0-0.7-m-m,5,limits_dof_pos_active_fraction,0.9980000257492065
g1_lafan,4728,4728,9600000,move-arms-0-0.7-m-m,5,limits_torque_mean,4.744076728820801
g1_lafan,4728,4728,9600000,move-arms-0-0.7-m-m,5,limits_torque_active_fraction,0.9940000176429749
g1_lafan,4728,4728,9600000,move-arms-0-0.7-m-m,5,penalty_undesired_contact_mean,0.0
g1_lafan,4728,4728,9600000,move-arms-0-0.7-m-m,5,penalty_undesired_contact_active_fraction,0.0
g1_lafan,4728,4728,9600000,move-arms-0-0.7-m-m,5,penalty_feet_ori_mean,0.5062230229377747
g1_lafan,4728,4728,9600000,move-arms-0-0.7-m-m,5,penalty_feet_ori_active_fraction,0.9920000433921814
g1_lafan,4728,4728,9600000,move-arms-0-0.7-m-m,5,penalty_ankle_roll_mean,0.13584499061107635
g1_lafan,4728,4728,9600000,move-arms-0-0.7-m-m,5,penalty_ankle_roll_active_fraction,1.0
g1_lafan,4728,4728,9600000,move-arms-0-0.7-m-m,5,penalty_slippage_mean,0.3023398816585541
g1_lafan,4728,4728,9600000,move-arms-0-0.7-m-m,5,penalty_slippage_active_fraction,0.9920000433921814
g1_lafan,4728,4728,9600000,move-arms-0-0.7-m-m,6,return,2.0419747829437256
g1_lafan,4728,4728,9600000,move-arms-0-0.7-m-m,6,auxiliary_cost,2.5330488681793213
g1_lafan,4728,4728,9600000,move-arms-0-0.7-m-m,6,safety_violation_rate,1.0
g1_lafan,4728,4728,9600000,move-arms-0-0.7-m-m,6,termination_rate,0.0
g1_lafan,4728,4728,9600000,move-arms-0-0.7-m-m,6,action_l2,2.9214630126953125
g1_lafan,4728,4728,9600000,move-arms-0-0.7-m-m,6,penalty_torques_mean,10242.3212890625
g1_lafan,4728,4728,9600000,move-arms-0-0.7-m-m,6,penalty_torques_active_fraction,1.0
g1_lafan,4728,4728,9600000,move-arms-0-0.7-m-m,6,penalty_action_rate_mean,4.8495988845825195
g1_lafan,4728,4728,9600000,move-arms-0-0.7-m-m,6,penalty_action_rate_active_fraction,1.0
g1_lafan,4728,4728,9600000,move-arms-0-0.7-m-m,6,limits_dof_pos_mean,0.04736779257655144
g1_lafan,4728,4728,9600000,move-arms-0-0.7-m-m,6,limits_dof_pos_active_fraction,1.0
g1_lafan,4728,4728,9600000,move-arms-0-0.7-m-m,6,limits_torque_mean,5.036262512207031
g1_lafan,4728,4728,9600000,move-arms-0-0.7-m-m,6,limits_torque_active_fraction,1.0
g1_lafan,4728,4728,9600000,move-arms-0-0.7-m-m,6,penalty_undesired_contact_mean,0.0
g1_lafan,4728,4728,9600000,move-arms-0-0.7-m-m,6,penalty_undesired_contact_active_fraction,0.0
g1_lafan,4728,4728,9600000,move-arms-0-0.7-m-m,6,penalty_feet_ori_mean,0.5621824264526367
g1_lafan,4728,4728,9600000,move-arms-0-0.7-m-m,6,penalty_feet_ori_active_fraction,0.9480000734329224
g1_lafan,4728,4728,9600000,move-arms-0-0.7-m-m,6,penalty_ankle_roll_mean,0.13525940477848053
g1_lafan,4728,4728,9600000,move-arms-0-0.7-m-m,6,penalty_ankle_roll_active_fraction,1.0
g1_lafan,4728,4728,9600000,move-arms-0-0.7-m-m,6,penalty_slippage_mean,0.40425053238868713
g1_lafan,4728,4728,9600000,move-arms-0-0.7-m-m,6,penalty_slippage_active_fraction,0.9480000734329224
g1_lafan,4728,4728,9600000,move-arms-0-0.7-m-m,7,return,4.456358432769775
g1_lafan,4728,4728,9600000,move-arms-0-0.7-m-m,7,auxiliary_cost,2.5932016372680664
g1_lafan,4728,4728,9600000,move-arms-0-0.7-m-m,7,safety_violation_rate,1.0
g1_lafan,4728,4728,9600000,move-arms-0-0.7-m-m,7,termination_rate,0.0
g1_lafan,4728,4728,9600000,move-arms-0-0.7-m-m,7,action_l2,2.912501335144043
g1_lafan,4728,4728,9600000,move-arms-0-0.7-m-m,7,penalty_torques_mean,8886.5419921875
g1_lafan,4728,4728,9600000,move-arms-0-0.7-m-m,7,penalty_torques_active_fraction,1.0
g1_lafan,4728,4728,9600000,move-arms-0-0.7-m-m,7,penalty_action_rate_mean,4.328441619873047
g1_lafan,4728,4728,9600000,move-arms-0-0.7-m-m,7,penalty_action_rate_active_fraction,1.0
g1_lafan,4728,4728,9600000,move-arms-0-0.7-m-m,7,limits_dof_pos_mean,0.05932217836380005
g1_lafan,4728,4728,9600000,move-arms-0-0.7-m-m,7,limits_dof_pos_active_fraction,1.0
g1_lafan,4728,4728,9600000,move-arms-0-0.7-m-m,7,limits_torque_mean,4.807130336761475
g1_lafan,4728,4728,9600000,move-arms-0-0.7-m-m,7,limits_torque_active_fraction,1.0
g1_lafan,4728,4728,9600000,move-arms-0-0.7-m-m,7,penalty_undesired_contact_mean,0.06800000369548798
g1_lafan,4728,4728,9600000,move-arms-0-0.7-m-m,7,penalty_undesired_contact_active_fraction,0.06800000369548798
g1_lafan,4728,4728,9600000,move-arms-0-0.7-m-m,7,penalty_feet_ori_mean,0.5912265181541443
g1_lafan,4728,4728,9600000,move-arms-0-0.7-m-m,7,penalty_feet_ori_active_fraction,0.9260000586509705
g1_lafan,4728,4728,9600000,move-arms-0-0.7-m-m,7,penalty_ankle_roll_mean,0.13621127605438232
g1_lafan,4728,4728,9600000,move-arms-0-0.7-m-m,7,penalty_ankle_roll_active_fraction,1.0
g1_lafan,4728,4728,9600000,move-arms-0-0.7-m-m,7,penalty_slippage_mean,0.3589000105857849
g1_lafan,4728,4728,9600000,move-arms-0-0.7-m-m,7,penalty_slippage_active_fraction,0.9260000586509705
g1_lafan,4728,4728,9600000,move-arms-0-0.7-m-m,8,return,159.30528259277344
g1_lafan,4728,4728,9600000,move-arms-0-0.7-m-m,8,auxiliary_cost,2.3656513690948486
g1_lafan,4728,4728,9600000,move-arms-0-0.7-m-m,8,safety_violation_rate,0.9980000257492065
g1_lafan,4728,4728,9600000,move-arms-0-0.7-m-m,8,termination_rate,0.0
g1_lafan,4728,4728,9600000,move-arms-0-0.7-m-m,8,action_l2,2.8808224201202393
g1_lafan,4728,4728,9600000,move-arms-0-0.7-m-m,8,penalty_torques_mean,9441.703125
g1_lafan,4728,4728,9600000,move-arms-0-0.7-m-m,8,penalty_torques_active_fraction,1.0
g1_lafan,4728,4728,9600000,move-arms-0-0.7-m-m,8,penalty_action_rate_mean,4.160106182098389
g1_lafan,4728,4728,9600000,move-arms-0-0.7-m-m,8,penalty_action_rate_active_fraction,1.0
g1_lafan,4728,4728,9600000,move-arms-0-0.7-m-m,8,limits_dof_pos_mean,0.04250820353627205
g1_lafan,4728,4728,9600000,move-arms-0-0.7-m-m,8,limits_dof_pos_active_fraction,0.9960000514984131
g1_lafan,4728,4728,9600000,move-arms-0-0.7-m-m,8,limits_torque_mean,4.615001201629639
g1_lafan,4728,4728,9600000,move-arms-0-0.7-m-m,8,limits_torque_active_fraction,0.9780000448226929
g1_lafan,4728,4728,9600000,move-arms-0-0.7-m-m,8,penalty_undesired_contact_mean,0.0
g1_lafan,4728,4728,9600000,move-arms-0-0.7-m-m,8,penalty_undesired_contact_active_fraction,0.0
g1_lafan,4728,4728,9600000,move-arms-0-0.7-m-m,8,penalty_feet_ori_mean,0.437499463558197
g1_lafan,4728,4728,9600000,move-arms-0-0.7-m-m,8,penalty_feet_ori_active_fraction,0.9880000352859497
g1_lafan,4728,4728,9600000,move-arms-0-0.7-m-m,8,penalty_ankle_roll_mean,0.1355844885110855
g1_lafan,4728,4728,9600000,move-arms-0-0.7-m-m,8,penalty_ankle_roll_active_fraction,1.0
g1_lafan,4728,4728,9600000,move-arms-0-0.7-m-m,8,penalty_slippage_mean,0.4036097526550293
g1_lafan,4728,4728,9600000,move-arms-0-0.7-m-m,8,penalty_slippage_active_fraction,0.9880000352859497
g1_lafan,4728,4728,9600000,move-arms-0-0.7-m-m,9,return,97.78515625
g1_lafan,4728,4728,9600000,move-arms-0-0.7-m-m,9,auxiliary_cost,2.3792505264282227
g1_lafan,4728,4728,9600000,move-arms-0-0.7-m-m,9,safety_violation_rate,1.0
g1_lafan,4728,4728,9600000,move-arms-0-0.7-m-m,9,termination_rate,0.0
g1_lafan,4728,4728,9600000,move-arms-0-0.7-m-m,9,action_l2,2.8932738304138184
g1_lafan,4728,4728,9600000,move-arms-0-0.7-m-m,9,penalty_torques_mean,8691.0947265625
g1_lafan,4728,4728,9600000,move-arms-0-0.7-m-m,9,penalty_torques_active_fraction,1.0
g1_lafan,4728,4728,9600000,move-arms-0-0.7-m-m,9,penalty_action_rate_mean,4.493597030639648
g1_lafan,4728,4728,9600000,move-arms-0-0.7-m-m,9,penalty_action_rate_active_fraction,1.0
g1_lafan,4728,4728,9600000,move-arms-0-0.7-m-m,9,limits_dof_pos_mean,0.05470932275056839
g1_lafan,4728,4728,9600000,move-arms-0-0.7-m-m,9,limits_dof_pos_active_fraction,1.0
g1_lafan,4728,4728,9600000,move-arms-0-0.7-m-m,9,limits_torque_mean,4.769765853881836
g1_lafan,4728,4728,9600000,move-arms-0-0.7-m-m,9,limits_torque_active_fraction,1.0
g1_lafan,4728,4728,9600000,move-arms-0-0.7-m-m,9,penalty_undesired_contact_mean,0.0
g1_lafan,4728,4728,9600000,move-arms-0-0.7-m-m,9,penalty_undesired_contact_active_fraction,0.0
g1_lafan,4728,4728,9600000,move-arms-0-0.7-m-m,9,penalty_feet_ori_mean,0.4626491963863373
g1_lafan,4728,4728,9600000,move-arms-0-0.7-m-m,9,penalty_feet_ori_active_fraction,0.9660000205039978
g1_lafan,4728,4728,9600000,move-arms-0-0.7-m-m,9,penalty_ankle_roll_mean,0.13641153275966644
g1_lafan,4728,4728,9600000,move-arms-0-0.7-m-m,9,penalty_ankle_roll_active_fraction,1.0
g1_lafan,4728,4728,9600000,move-arms-0-0.7-m-m,9,penalty_slippage_mean,0.32604560256004333
g1_lafan,4728,4728,9600000,move-arms-0-0.7-m-m,9,penalty_slippage_active_fraction,0.9660000205039978
g1_lafan,4728,4728,9600000,move-arms-90-0.7-m-m,0,return,39.28963088989258
g1_lafan,4728,4728,9600000,move-arms-90-0.7-m-m,0,auxiliary_cost,2.305493116378784
g1_lafan,4728,4728,9600000,move-arms-90-0.7-m-m,0,safety_violation_rate,1.0
g1_lafan,4728,4728,9600000,move-arms-90-0.7-m-m,0,termination_rate,0.0
g1_lafan,4728,4728,9600000,move-arms-90-0.7-m-m,0,action_l2,2.913513422012329
g1_lafan,4728,4728,9600000,move-arms-90-0.7-m-m,0,penalty_torques_mean,8750.6904296875
g1_lafan,4728,4728,9600000,move-arms-90-0.7-m-m,0,penalty_torques_active_fraction,1.0
g1_lafan,4728,4728,9600000,move-arms-90-0.7-m-m,0,penalty_action_rate_mean,3.0152924060821533
g1_lafan,4728,4728,9600000,move-arms-90-0.7-m-m,0,penalty_action_rate_active_fraction,1.0
g1_lafan,4728,4728,9600000,move-arms-90-0.7-m-m,0,limits_dof_pos_mean,0.04366979002952576
g1_lafan,4728,4728,9600000,move-arms-90-0.7-m-m,0,limits_dof_pos_active_fraction,1.0
g1_lafan,4728,4728,9600000,move-arms-90-0.7-m-m,0,limits_torque_mean,5.264249801635742
g1_lafan,4728,4728,9600000,move-arms-90-0.7-m-m,0,limits_torque_active_fraction,1.0
g1_lafan,4728,4728,9600000,move-arms-90-0.7-m-m,0,penalty_undesired_contact_mean,0.036000002175569534
g1_lafan,4728,4728,9600000,move-arms-90-0.7-m-m,0,penalty_undesired_contact_active_fraction,0.036000002175569534
g1_lafan,4728,4728,9600000,move-arms-90-0.7-m-m,0,penalty_feet_ori_mean,0.37207382917404175
g1_lafan,4728,4728,9600000,move-arms-90-0.7-m-m,0,penalty_feet_ori_active_fraction,0.9760000705718994
g1_lafan,4728,4728,9600000,move-arms-90-0.7-m-m,0,penalty_ankle_roll_mean,0.1366436928510666
g1_lafan,4728,4728,9600000,move-arms-90-0.7-m-m,0,penalty_ankle_roll_active_fraction,1.0
g1_lafan,4728,4728,9600000,move-arms-90-0.7-m-m,0,penalty_slippage_mean,0.41793105006217957
g1_lafan,4728,4728,9600000,move-arms-90-0.7-m-m,0,penalty_slippage_active_fraction,0.9760000705718994
g1_lafan,4728,4728,9600000,move-arms-90-0.7-m-m,1,return,65.13330078125
g1_lafan,4728,4728,9600000,move-arms-90-0.7-m-m,1,auxiliary_cost,1.954087495803833
g1_lafan,4728,4728,9600000,move-arms-90-0.7-m-m,1,safety_violation_rate,1.0
g1_lafan,4728,4728,9600000,move-arms-90-0.7-m-m,1,termination_rate,0.0
g1_lafan,4728,4728,9600000,move-arms-90-0.7-m-m,1,action_l2,2.8911094665527344
g1_lafan,4728,4728,9600000,move-arms-90-0.7-m-m,1,penalty_torques_mean,7910.3388671875
g1_lafan,4728,4728,9600000,move-arms-90-0.7-m-m,1,penalty_torques_active_fraction,1.0
g1_lafan,4728,4728,9600000,move-arms-90-0.7-m-m,1,penalty_action_rate_mean,1.6756564378738403
g1_lafan,4728,4728,9600000,move-arms-90-0.7-m-m,1,penalty_action_rate_active_fraction,1.0
g1_lafan,4728,4728,9600000,move-arms-90-0.7-m-m,1,limits_dof_pos_mean,0.04548298940062523
g1_lafan,4728,4728,9600000,move-arms-90-0.7-m-m,1,limits_dof_pos_active_fraction,1.0
g1_lafan,4728,4728,9600000,move-arms-90-0.7-m-m,1,limits_torque_mean,5.098999977111816
g1_lafan,4728,4728,9600000,move-arms-90-0.7-m-m,1,limits_torque_active_fraction,1.0
g1_lafan,4728,4728,9600000,move-arms-90-0.7-m-m,1,penalty_undesired_contact_mean,0.0
g1_lafan,4728,4728,9600000,move-arms-90-0.7-m-m,1,penalty_undesired_contact_active_fraction,0.0
g1_lafan,4728,4728,9600000,move-arms-90-0.7-m-m,1,penalty_feet_ori_mean,0.41423383355140686
g1_lafan,4728,4728,9600000,move-arms-90-0.7-m-m,1,penalty_feet_ori_active_fraction,1.0
g1_lafan,4728,4728,9600000,move-arms-90-0.7-m-m,1,penalty_ankle_roll_mean,0.1364758014678955
g1_lafan,4728,4728,9600000,move-arms-90-0.7-m-m,1,penalty_ankle_roll_active_fraction,1.0
g1_lafan,4728,4728,9600000,move-arms-90-0.7-m-m,1,penalty_slippage_mean,0.3100474774837494
g1_lafan,4728,4728,9600000,move-arms-90-0.7-m-m,1,penalty_slippage_active_fraction,1.0
g1_lafan,4728,4728,9600000,move-arms-90-0.7-m-m,2,return,56.123836517333984
g1_lafan,4728,4728,9600000,move-arms-90-0.7-m-m,2,auxiliary_cost,2.0386648178100586
g1_lafan,4728,4728,9600000,move-arms-90-0.7-m-m,2,safety_violation_rate,1.0
g1_lafan,4728,4728,9600000,move-arms-90-0.7-m-m,2,termination_rate,0.0
g1_lafan,4728,4728,9600000,move-arms-90-0.7-m-m,2,action_l2,2.925902843475342
g1_lafan,4728,4728,9600000,move-arms-90-0.7-m-m,2,penalty_torques_mean,7820.9404296875
g1_lafan,4728,4728,9600000,move-arms-90-0.7-m-m,2,penalty_torques_active_fraction,1.0
g1_lafan,4728,4728,9600000,move-arms-90-0.7-m-m,2,penalty_action_rate_mean,2.1431591510772705
g1_lafan,4728,4728,9600000,move-arms-90-0.7-m-m,2,penalty_action_rate_active_fraction,1.0
g1_lafan,4728,4728,9600000,move-arms-90-0.7-m-m,2,limits_dof_pos_mean,0.06659846007823944
g1_lafan,4728,4728,9600000,move-arms-90-0.7-m-m,2,limits_dof_pos_active_fraction,0.9980000257492065
g1_lafan,4728,4728,9600000,move-arms-90-0.7-m-m,2,limits_torque_mean,5.066258907318115
g1_lafan,4728,4728,9600000,move-arms-90-0.7-m-m,2,limits_torque_active_fraction,0.9980000257492065
g1_lafan,4728,4728,9600000,move-arms-90-0.7-m-m,2,penalty_undesired_contact_mean,0.0020000000949949026
g1_lafan,4728,4728,9600000,move-arms-90-0.7-m-m,2,penalty_undesired_contact_active_fraction,0.0020000000949949026
g1_lafan,4728,4728,9600000,move-arms-90-0.7-m-m,2,penalty_feet_ori_mean,0.3931981027126312
g1_lafan,4728,4728,9600000,move-arms-90-0.7-m-m,2,penalty_feet_ori_active_fraction,0.9740000367164612
g1_lafan,4728,4728,9600000,move-arms-90-0.7-m-m,2,penalty_ankle_roll_mean,0.13610248267650604
g1_lafan,4728,4728,9600000,move-arms-90-0.7-m-m,2,penalty_ankle_roll_active_fraction,1.0
g1_lafan,4728,4728,9600000,move-arms-90-0.7-m-m,2,penalty_slippage_mean,0.22733724117279053
g1_lafan,4728,4728,9600000,move-arms-90-0.7-m-m,2,penalty_slippage_active_fraction,0.9740000367164612
g1_lafan,4728,4728,9600000,move-arms-90-0.7-m-m,3,return,41.811676025390625
g1_lafan,4728,4728,9600000,move-arms-90-0.7-m-m,3,auxiliary_cost,2.2724509239196777
g1_lafan,4728,4728,9600000,move-arms-90-0.7-m-m,3,safety_violation_rate,1.0
g1_lafan,4728,4728,9600000,move-arms-90-0.7-m-m,3,termination_rate,0.0
g1_lafan,4728,4728,9600000,move-arms-90-0.7-m-m,3,action_l2,2.9265100955963135
g1_lafan,4728,4728,9600000,move-arms-90-0.7-m-m,3,penalty_torques_mean,8705.9599609375
g1_lafan,4728,4728,9600000,move-arms-90-0.7-m-m,3,penalty_torques_active_fraction,1.0
g1_lafan,4728,4728,9600000,move-arms-90-0.7-m-m,3,penalty_action_rate_mean,2.6014909744262695
g1_lafan,4728,4728,9600000,move-arms-90-0.7-m-m,3,penalty_action_rate_active_fraction,1.0
g1_lafan,4728,4728,9600000,move-arms-90-0.7-m-m,3,limits_dof_pos_mean,0.042596764862537384
g1_lafan,4728,4728,9600000,move-arms-90-0.7-m-m,3,limits_dof_pos_active_fraction,1.0
g1_lafan,4728,4728,9600000,move-arms-90-0.7-m-m,3,limits_torque_mean,5.280256271362305
g1_lafan,4728,4728,9600000,move-arms-90-0.7-m-m,3,limits_torque_active_fraction,1.0
g1_lafan,4728,4728,9600000,move-arms-90-0.7-m-m,3,penalty_undesired_contact_mean,0.0020000000949949026
g1_lafan,4728,4728,9600000,move-arms-90-0.7-m-m,3,penalty_undesired_contact_active_fraction,0.0020000000949949026
g1_lafan,4728,4728,9600000,move-arms-90-0.7-m-m,3,penalty_feet_ori_mean,0.4233572483062744
g1_lafan,4728,4728,9600000,move-arms-90-0.7-m-m,3,penalty_feet_ori_active_fraction,0.9860000610351562
g1_lafan,4728,4728,9600000,move-arms-90-0.7-m-m,3,penalty_ankle_roll_mean,0.13664641976356506
g1_lafan,4728,4728,9600000,move-arms-90-0.7-m-m,3,penalty_ankle_roll_active_fraction,1.0
g1_lafan,4728,4728,9600000,move-arms-90-0.7-m-m,3,penalty_slippage_mean,0.4342023730278015
g1_lafan,4728,4728,9600000,move-arms-90-0.7-m-m,3,penalty_slippage_active_fraction,0.9860000610351562
g1_lafan,4728,4728,9600000,move-arms-90-0.7-m-m,4,return,56.89390182495117
g1_lafan,4728,4728,9600000,move-arms-90-0.7-m-m,4,auxiliary_cost,1.9187976121902466
g1_lafan,4728,4728,9600000,move-arms-90-0.7-m-m,4,safety_violation_rate,0.9960000514984131
g1_lafan,4728,4728,9600000,move-arms-90-0.7-m-m,4,termination_rate,0.0
g1_lafan,4728,4728,9600000,move-arms-90-0.7-m-m,4,action_l2,2.875638961791992
g1_lafan,4728,4728,9600000,move-arms-90-0.7-m-m,4,penalty_torques_mean,7159.39599609375
g1_lafan,4728,4728,9600000,move-arms-90-0.7-m-m,4,penalty_torques_active_fraction,1.0
g1_lafan,4728,4728,9600000,move-arms-90-0.7-m-m,4,penalty_action_rate_mean,1.2511807680130005
g1_lafan,4728,4728,9600000,move-arms-90-0.7-m-m,4,penalty_action_rate_active_fraction,1.0
g1_lafan,4728,4728,9600000,move-arms-90-0.7-m-m,4,limits_dof_pos_mean,0.05940214544534683
g1_lafan,4728,4728,9600000,move-arms-90-0.7-m-m,4,limits_dof_pos_active_fraction,0.9960000514984131
g1_lafan,4728,4728,9600000,move-arms-90-0.7-m-m,4,limits_torque_mean,5.015560150146484
g1_lafan,4728,4728,9600000,move-arms-90-0.7-m-m,4,limits_torque_active_fraction,0.9920000433921814
g1_lafan,4728,4728,9600000,move-arms-90-0.7-m-m,4,penalty_undesired_contact_mean,0.0
g1_lafan,4728,4728,9600000,move-arms-90-0.7-m-m,4,penalty_undesired_contact_active_fraction,0.0
g1_lafan,4728,4728,9600000,move-arms-90-0.7-m-m,4,penalty_feet_ori_mean,0.34876587986946106
g1_lafan,4728,4728,9600000,move-arms-90-0.7-m-m,4,penalty_feet_ori_active_fraction,0.9980000257492065
g1_lafan,4728,4728,9600000,move-arms-90-0.7-m-m,4,penalty_ankle_roll_mean,0.13618949055671692
g1_lafan,4728,4728,9600000,move-arms-90-0.7-m-m,4,penalty_ankle_roll_active_fraction,1.0
g1_lafan,4728,4728,9600000,move-arms-90-0.7-m-m,4,penalty_slippage_mean,0.25769731402397156
g1_lafan,4728,4728,9600000,move-arms-90-0.7-m-m,4,penalty_slippage_active_fraction,0.9980000257492065
g1_lafan,4728,4728,9600000,move-arms-90-0.7-m-m,5,return,73.99029541015625
g1_lafan,4728,4728,9600000,move-arms-90-0.7-m-m,5,auxiliary_cost,1.9749184846878052
g1_lafan,4728,4728,9600000,move-arms-90-0.7-m-m,5,safety_violation_rate,1.0
g1_lafan,4728,4728,9600000,move-arms-90-0.7-m-m,5,termination_rate,0.0
g1_lafan,4728,4728,9600000,move-arms-90-0.7-m-m,5,action_l2,2.859548568725586
g1_lafan,4728,4728,9600000,move-arms-90-0.7-m-m,5,penalty_torques_mean,7575.60986328125
g1_lafan,4728,4728,9600000,move-arms-90-0.7-m-m,5,penalty_torques_active_fraction,1.0
g1_lafan,4728,4728,9600000,move-arms-90-0.7-m-m,5,penalty_action_rate_mean,1.8930201530456543
g1_lafan,4728,4728,9600000,move-arms-90-0.7-m-m,5,penalty_action_rate_active_fraction,1.0
g1_lafan,4728,4728,9600000,move-arms-90-0.7-m-m,5,limits_dof_pos_mean,0.04102855175733566
g1_lafan,4728,4728,9600000,move-arms-90-0.7-m-m,5,limits_dof_pos_active_fraction,1.0
g1_lafan,4728,4728,9600000,move-arms-90-0.7-m-m,5,limits_torque_mean,5.131346225738525
g1_lafan,4728,4728,9600000,move-arms-90-0.7-m-m,5,limits_torque_active_fraction,0.9980000257492065
g1_lafan,4728,4728,9600000,move-arms-90-0.7-m-m,5,penalty_undesired_contact_mean,0.0
g1_lafan,4728,4728,9600000,move-arms-90-0.7-m-m,5,penalty_undesired_contact_active_fraction,0.0
g1_lafan,4728,4728,9600000,move-arms-90-0.7-m-m,5,penalty_feet_ori_mean,0.3384554982185364
g1_lafan,4728,4728,9600000,move-arms-90-0.7-m-m,5,penalty_feet_ori_active_fraction,0.9960000514984131
g1_lafan,4728,4728,9600000,move-arms-90-0.7-m-m,5,penalty_ankle_roll_mean,0.13638268411159515
g1_lafan,4728,4728,9600000,move-arms-90-0.7-m-m,5,penalty_ankle_roll_active_fraction,1.0
g1_lafan,4728,4728,9600000,move-arms-90-0.7-m-m,5,penalty_slippage_mean,0.34720882773399353
g1_lafan,4728,4728,9600000,move-arms-90-0.7-m-m,5,penalty_slippage_active_fraction,0.9960000514984131
g1_lafan,4728,4728,9600000,move-arms-90-0.7-m-m,6,return,60.69242858886719
g1_lafan,4728,4728,9600000,move-arms-90-0.7-m-m,6,auxiliary_cost,2.178065776824951
g1_lafan,4728,4728,9600000,move-arms-90-0.7-m-m,6,safety_violation_rate,0.9960000514984131
g1_lafan,4728,4728,9600000,move-arms-90-0.7-m-m,6,termination_rate,0.0
g1_lafan,4728,4728,9600000,move-arms-90-0.7-m-m,6,action_l2,2.879699468612671
g1_lafan,4728,4728,9600000,move-arms-90-0.7-m-m,6,penalty_torques_mean,7700.73291015625
g1_lafan,4728,4728,9600000,move-arms-90-0.7-m-m,6,penalty_torques_active_fraction,1.0
g1_lafan,4728,4728,9600000,move-arms-90-0.7-m-m,6,penalty_action_rate_mean,1.9455746412277222
g1_lafan,4728,4728,9600000,move-arms-90-0.7-m-m,6,penalty_action_rate_active_fraction,1.0
g1_lafan,4728,4728,9600000,move-arms-90-0.7-m-m,6,limits_dof_pos_mean,0.04031660780310631
g1_lafan,4728,4728,9600000,move-arms-90-0.7-m-m,6,limits_dof_pos_active_fraction,0.9960000514984131
g1_lafan,4728,4728,9600000,move-arms-90-0.7-m-m,6,limits_torque_mean,5.30214786529541
g1_lafan,4728,4728,9600000,move-arms-90-0.7-m-m,6,limits_torque_active_fraction,0.9920000433921814
g1_lafan,4728,4728,9600000,move-arms-90-0.7-m-m,6,penalty_undesired_contact_mean,0.0
g1_lafan,4728,4728,9600000,move-arms-90-0.7-m-m,6,penalty_undesired_contact_active_fraction,0.0
g1_lafan,4728,4728,9600000,move-arms-90-0.7-m-m,6,penalty_feet_ori_mean,0.42961016297340393
g1_lafan,4728,4728,9600000,move-arms-90-0.7-m-m,6,penalty_feet_ori_active_fraction,0.9980000257492065
g1_lafan,4728,4728,9600000,move-arms-90-0.7-m-m,6,penalty_ankle_roll_mean,0.1363866925239563
g1_lafan,4728,4728,9600000,move-arms-90-0.7-m-m,6,penalty_ankle_roll_active_fraction,1.0
g1_lafan,4728,4728,9600000,move-arms-90-0.7-m-m,6,penalty_slippage_mean,0.4314758777618408
g1_lafan,4728,4728,9600000,move-arms-90-0.7-m-m,6,penalty_slippage_active_fraction,0.9980000257492065
g1_lafan,4728,4728,9600000,move-arms-90-0.7-m-m,7,return,9.607205390930176
g1_lafan,4728,4728,9600000,move-arms-90-0.7-m-m,7,auxiliary_cost,1.921154499053955
g1_lafan,4728,4728,9600000,move-arms-90-0.7-m-m,7,safety_violation_rate,1.0
g1_lafan,4728,4728,9600000,move-arms-90-0.7-m-m,7,termination_rate,0.0
g1_lafan,4728,4728,9600000,move-arms-90-0.7-m-m,7,action_l2,2.8722119331359863
g1_lafan,4728,4728,9600000,move-arms-90-0.7-m-m,7,penalty_torques_mean,8429.6748046875
g1_lafan,4728,4728,9600000,move-arms-90-0.7-m-m,7,penalty_torques_active_fraction,1.0
g1_lafan,4728,4728,9600000,move-arms-90-0.7-m-m,7,penalty_action_rate_mean,2.6355032920837402
g1_lafan,4728,4728,9600000,move-arms-90-0.7-m-m,7,penalty_action_rate_active_fraction,1.0
g1_lafan,4728,4728,9600000,move-arms-90-0.7-m-m,7,limits_dof_pos_mean,0.044033993035554886
g1_lafan,4728,4728,9600000,move-arms-90-0.7-m-m,7,limits_dof_pos_active_fraction,1.0
g1_lafan,4728,4728,9600000,move-arms-90-0.7-m-m,7,limits_torque_mean,5.217387676239014
g1_lafan,4728,4728,9600000,move-arms-90-0.7-m-m,7,limits_torque_active_fraction,1.0
g1_lafan,4728,4728,9600000,move-arms-90-0.7-m-m,7,penalty_undesired_contact_mean,0.01600000075995922
g1_lafan,4728,4728,9600000,move-arms-90-0.7-m-m,7,penalty_undesired_contact_active_fraction,0.01600000075995922
g1_lafan,4728,4728,9600000,move-arms-90-0.7-m-m,7,penalty_feet_ori_mean,0.32796376943588257
g1_lafan,4728,4728,9600000,move-arms-90-0.7-m-m,7,penalty_feet_ori_active_fraction,0.9780000448226929
g1_lafan,4728,4728,9600000,move-arms-90-0.7-m-m,7,penalty_ankle_roll_mean,0.13618583977222443
g1_lafan,4728,4728,9600000,move-arms-90-0.7-m-m,7,penalty_ankle_roll_active_fraction,1.0
g1_lafan,4728,4728,9600000,move-arms-90-0.7-m-m,7,penalty_slippage_mean,0.26266711950302124
g1_lafan,4728,4728,9600000,move-arms-90-0.7-m-m,7,penalty_slippage_active_fraction,0.9780000448226929
g1_lafan,4728,4728,9600000,move-arms-90-0.7-m-m,8,return,44.039703369140625
g1_lafan,4728,4728,9600000,move-arms-90-0.7-m-m,8,auxiliary_cost,2.123116970062256
g1_lafan,4728,4728,9600000,move-arms-90-0.7-m-m,8,safety_violation_rate,1.0
g1_lafan,4728,4728,9600000,move-arms-90-0.7-m-m,8,termination_rate,0.0
g1_lafan,4728,4728,9600000,move-arms-90-0.7-m-m,8,action_l2,2.885611057281494
g1_lafan,4728,4728,9600000,move-arms-90-0.7-m-m,8,penalty_torques_mean,7055.146484375
g1_lafan,4728,4728,9600000,move-arms-90-0.7-m-m,8,penalty_torques_active_fraction,1.0
g1_lafan,4728,4728,9600000,move-arms-90-0.7-m-m,8,penalty_action_rate_mean,1.3708629608154297
g1_lafan,4728,4728,9600000,move-arms-90-0.7-m-m,8,penalty_action_rate_active_fraction,1.0
g1_lafan,4728,4728,9600000,move-arms-90-0.7-m-m,8,limits_dof_pos_mean,0.07021278142929077
g1_lafan,4728,4728,9600000,move-arms-90-0.7-m-m,8,limits_dof_pos_active_fraction,1.0
g1_lafan,4728,4728,9600000,move-arms-90-0.7-m-m,8,limits_torque_mean,5.146625518798828
g1_lafan,4728,4728,9600000,move-arms-90-0.7-m-m,8,limits_torque_active_fraction,0.9980000257492065
g1_lafan,4728,4728,9600000,move-arms-90-0.7-m-m,8,penalty_undesired_contact_mean,0.0
g1_lafan,4728,4728,9600000,move-arms-90-0.7-m-m,8,penalty_undesired_contact_active_fraction,0.0
g1_lafan,4728,4728,9600000,move-arms-90-0.7-m-m,8,penalty_feet_ori_mean,0.3411867618560791
g1_lafan,4728,4728,9600000,move-arms-90-0.7-m-m,8,penalty_feet_ori_active_fraction,1.0
g1_lafan,4728,4728,9600000,move-arms-90-0.7-m-m,8,penalty_ankle_roll_mean,0.1369473785161972
g1_lafan,4728,4728,9600000,move-arms-90-0.7-m-m,8,penalty_ankle_roll_active_fraction,1.0
g1_lafan,4728,4728,9600000,move-arms-90-0.7-m-m,8,penalty_slippage_mean,0.29981914162635803
g1_lafan,4728,4728,9600000,move-arms-90-0.7-m-m,8,penalty_slippage_active_fraction,1.0
g1_lafan,4728,4728,9600000,move-arms-90-0.7-m-m,9,return,26.055755615234375
g1_lafan,4728,4728,9600000,move-arms-90-0.7-m-m,9,auxiliary_cost,2.173525094985962
g1_lafan,4728,4728,9600000,move-arms-90-0.7-m-m,9,safety_violation_rate,1.0
g1_lafan,4728,4728,9600000,move-arms-90-0.7-m-m,9,termination_rate,0.0
g1_lafan,4728,4728,9600000,move-arms-90-0.7-m-m,9,action_l2,2.9442038536071777
g1_lafan,4728,4728,9600000,move-arms-90-0.7-m-m,9,penalty_torques_mean,7495.20458984375
g1_lafan,4728,4728,9600000,move-arms-90-0.7-m-m,9,penalty_torques_active_fraction,1.0
g1_lafan,4728,4728,9600000,move-arms-90-0.7-m-m,9,penalty_action_rate_mean,2.248561143875122
g1_lafan,4728,4728,9600000,move-arms-90-0.7-m-m,9,penalty_action_rate_active_fraction,1.0
g1_lafan,4728,4728,9600000,move-arms-90-0.7-m-m,9,limits_dof_pos_mean,0.06606116145849228
g1_lafan,4728,4728,9600000,move-arms-90-0.7-m-m,9,limits_dof_pos_active_fraction,1.0
g1_lafan,4728,4728,9600000,move-arms-90-0.7-m-m,9,limits_torque_mean,5.054092884063721
g1_lafan,4728,4728,9600000,move-arms-90-0.7-m-m,9,limits_torque_active_fraction,1.0
g1_lafan,4728,4728,9600000,move-arms-90-0.7-m-m,9,penalty_undesired_contact_mean,0.02800000086426735
g1_lafan,4728,4728,9600000,move-arms-90-0.7-m-m,9,penalty_undesired_contact_active_fraction,0.02800000086426735
g1_lafan,4728,4728,9600000,move-arms-90-0.7-m-m,9,penalty_feet_ori_mean,0.3632010221481323
g1_lafan,4728,4728,9600000,move-arms-90-0.7-m-m,9,penalty_feet_ori_active_fraction,0.9640000462532043
g1_lafan,4728,4728,9600000,move-arms-90-0.7-m-m,9,penalty_ankle_roll_mean,0.13645614683628082
g1_lafan,4728,4728,9600000,move-arms-90-0.7-m-m,9,penalty_ankle_roll_active_fraction,1.0
g1_lafan,4728,4728,9600000,move-arms-90-0.7-m-m,9,penalty_slippage_mean,0.28447598218917847
g1_lafan,4728,4728,9600000,move-arms-90-0.7-m-m,9,penalty_slippage_active_fraction,0.9640000462532043
g1_lafan,4728,4728,9600000,move-arms-180-0.4-m-m,0,return,1.2266069650650024
g1_lafan,4728,4728,9600000,move-arms-180-0.4-m-m,0,auxiliary_cost,1.5022456645965576
g1_lafan,4728,4728,9600000,move-arms-180-0.4-m-m,0,safety_violation_rate,0.9980000257492065
g1_lafan,4728,4728,9600000,move-arms-180-0.4-m-m,0,termination_rate,0.0
g1_lafan,4728,4728,9600000,move-arms-180-0.4-m-m,0,action_l2,2.873330593109131
g1_lafan,4728,4728,9600000,move-arms-180-0.4-m-m,0,penalty_torques_mean,7145.35205078125
g1_lafan,4728,4728,9600000,move-arms-180-0.4-m-m,0,penalty_torques_active_fraction,1.0
g1_lafan,4728,4728,9600000,move-arms-180-0.4-m-m,0,penalty_action_rate_mean,1.4930880069732666
g1_lafan,4728,4728,9600000,move-arms-180-0.4-m-m,0,penalty_action_rate_active_fraction,1.0
g1_lafan,4728,4728,9600000,move-arms-180-0.4-m-m,0,limits_dof_pos_mean,0.02526458352804184
g1_lafan,4728,4728,9600000,move-arms-180-0.4-m-m,0,limits_dof_pos_active_fraction,0.9980000257492065
g1_lafan,4728,4728,9600000,move-arms-180-0.4-m-m,0,limits_torque_mean,4.726917266845703
g1_lafan,4728,4728,9600000,move-arms-180-0.4-m-m,0,limits_torque_active_fraction,0.9960000514984131
g1_lafan,4728,4728,9600000,move-arms-180-0.4-m-m,0,penalty_undesired_contact_mean,0.0
g1_lafan,4728,4728,9600000,move-arms-180-0.4-m-m,0,penalty_undesired_contact_active_fraction,0.0
g1_lafan,4728,4728,9600000,move-arms-180-0.4-m-m,0,penalty_feet_ori_mean,0.47624000906944275
g1_lafan,4728,4728,9600000,move-arms-180-0.4-m-m,0,penalty_feet_ori_active_fraction,1.0
g1_lafan,4728,4728,9600000,move-arms-180-0.4-m-m,0,penalty_ankle_roll_mean,0.1363426148891449
g1_lafan,4728,4728,9600000,move-arms-180-0.4-m-m,0,penalty_ankle_roll_active_fraction,1.0
g1_lafan,4728,4728,9600000,move-arms-180-0.4-m-m,0,penalty_slippage_mean,0.18221192061901093
g1_lafan,4728,4728,9600000,move-arms-180-0.4-m-m,0,penalty_slippage_active_fraction,1.0
g1_lafan,4728,4728,9600000,move-arms-180-0.4-m-m,1,return,0.0
g1_lafan,4728,4728,9600000,move-arms-180-0.4-m-m,1,auxiliary_cost,1.5685992240905762
g1_lafan,4728,4728,9600000,move-arms-180-0.4-m-m,1,safety_violation_rate,0.9980000257492065
g1_lafan,4728,4728,9600000,move-arms-180-0.4-m-m,1,termination_rate,0.0
g1_lafan,4728,4728,9600000,move-arms-180-0.4-m-m,1,action_l2,2.857583522796631
g1_lafan,4728,4728,9600000,move-arms-180-0.4-m-m,1,penalty_torques_mean,7190.35498046875
g1_lafan,4728,4728,9600000,move-arms-180-0.4-m-m,1,penalty_torques_active_fraction,1.0
g1_lafan,4728,4728,9600000,move-arms-180-0.4-m-m,1,penalty_action_rate_mean,2.0523598194122314
g1_lafan,4728,4728,9600000,move-arms-180-0.4-m-m,1,penalty_action_rate_active_fraction,1.0
g1_lafan,4728,4728,9600000,move-arms-180-0.4-m-m,1,limits_dof_pos_mean,0.02464364655315876
g1_lafan,4728,4728,9600000,move-arms-180-0.4-m-m,1,limits_dof_pos_active_fraction,0.9980000257492065
g1_lafan,4728,4728,9600000,move-arms-180-0.4-m-m,1,limits_torque_mean,4.7041015625
g1_lafan,4728,4728,9600000,move-arms-180-0.4-m-m,1,limits_torque_active_fraction,0.9940000176429749
g1_lafan,4728,4728,9600000,move-arms-180-0.4-m-m,1,penalty_undesired_contact_mean,0.0
g1_lafan,4728,4728,9600000,move-arms-180-0.4-m-m,1,penalty_undesired_contact_active_fraction,0.0
g1_lafan,4728,4728,9600000,move-arms-180-0.4-m-m,1,penalty_feet_ori_mean,0.41999807953834534
g1_lafan,4728,4728,9600000,move-arms-180-0.4-m-m,1,penalty_feet_ori_active_fraction,0.9960000514984131
g1_lafan,4728,4728,9600000,move-arms-180-0.4-m-m,1,penalty_ankle_roll_mean,0.13485828042030334
g1_lafan,4728,4728,9600000,move-arms-180-0.4-m-m,1,penalty_ankle_roll_active_fraction,1.0
g1_lafan,4728,4728,9600000,move-arms-180-0.4-m-m,1,penalty_slippage_mean,0.20474761724472046
g1_lafan,4728,4728,9600000,move-arms-180-0.4-m-m,1,penalty_slippage_active_fraction,0.9960000514984131
g1_lafan,4728,4728,9600000,move-arms-180-0.4-m-m,2,return,0.5470398664474487
g1_lafan,4728,4728,9600000,move-arms-180-0.4-m-m,2,auxiliary_cost,1.7448898553848267
g1_lafan,4728,4728,9600000,move-arms-180-0.4-m-m,2,safety_violation_rate,1.0
g1_lafan,4728,4728,9600000,move-arms-180-0.4-m-m,2,termination_rate,0.0
g1_lafan,4728,4728,9600000,move-arms-180-0.4-m-m,2,action_l2,2.9654338359832764
g1_lafan,4728,4728,9600000,move-arms-180-0.4-m-m,2,penalty_torques_mean,8229.6669921875
g1_lafan,4728,4728,9600000,move-arms-180-0.4-m-m,2,penalty_torques_active_fraction,1.0
g1_lafan,4728,4728,9600000,move-arms-180-0.4-m-m,2,penalty_action_rate_mean,2.6784369945526123
g1_lafan,4728,4728,9600000,move-arms-180-0.4-m-m,2,penalty_action_rate_active_fraction,1.0
g1_lafan,4728,4728,9600000,move-arms-180-0.4-m-m,2,limits_dof_pos_mean,0.02916889078915119
g1_lafan,4728,4728,9600000,move-arms-180-0.4-m-m,2,limits_dof_pos_active_fraction,1.0
g1_lafan,4728,4728,9600000,move-arms-180-0.4-m-m,2,limits_torque_mean,4.819699287414551
g1_lafan,4728,4728,9600000,move-arms-180-0.4-m-m,2,limits_torque_active_fraction,0.9980000257492065
g1_lafan,4728,4728,9600000,move-arms-180-0.4-m-m,2,penalty_undesired_contact_mean,0.0
g1_lafan,4728,4728,9600000,move-arms-180-0.4-m-m,2,penalty_undesired_contact_active_fraction,0.0
g1_lafan,4728,4728,9600000,move-arms-180-0.4-m-m,2,penalty_feet_ori_mean,0.4810662567615509
g1_lafan,4728,4728,9600000,move-arms-180-0.4-m-m,2,penalty_feet_ori_active_fraction,0.9860000610351562
g1_lafan,4728,4728,9600000,move-arms-180-0.4-m-m,2,penalty_ankle_roll_mean,0.1363459974527359
g1_lafan,4728,4728,9600000,move-arms-180-0.4-m-m,2,penalty_ankle_roll_active_fraction,1.0
g1_lafan,4728,4728,9600000,move-arms-180-0.4-m-m,2,penalty_slippage_mean,0.22377318143844604
g1_lafan,4728,4728,9600000,move-arms-180-0.4-m-m,2,penalty_slippage_active_fraction,0.9860000610351562
g1_lafan,4728,4728,9600000,move-arms-180-0.4-m-m,3,return,49.51518630981445
g1_lafan,4728,4728,9600000,move-arms-180-0.4-m-m,3,auxiliary_cost,1.6446623802185059
g1_lafan,4728,4728,9600000,move-arms-180-0.4-m-m,3,safety_violation_rate,1.0
g1_lafan,4728,4728,9600000,move-arms-180-0.4-m-m,3,termination_rate,0.0
g1_lafan,4728,4728,9600000,move-arms-180-0.4-m-m,3,action_l2,2.8874449729919434
g1_lafan,4728,4728,9600000,move-arms-180-0.4-m-m,3,penalty_torques_mean,7456.70263671875
g1_lafan,4728,4728,9600000,move-arms-180-0.4-m-m,3,penalty_torques_active_fraction,1.0
g1_lafan,4728,4728,9600000,move-arms-180-0.4-m-m,3,penalty_action_rate_mean,2.23679256439209
g1_lafan,4728,4728,9600000,move-arms-180-0.4-m-m,3,penalty_action_rate_active_fraction,1.0
g1_lafan,4728,4728,9600000,move-arms-180-0.4-m-m,3,limits_dof_pos_mean,0.02512681484222412
g1_lafan,4728,4728,9600000,move-arms-180-0.4-m-m,3,limits_dof_pos_active_fraction,0.9960000514984131
g1_lafan,4728,4728,9600000,move-arms-180-0.4-m-m,3,limits_torque_mean,4.814064025878906
g1_lafan,4728,4728,9600000,move-arms-180-0.4-m-m,3,limits_torque_active_fraction,0.9920000433921814
g1_lafan,4728,4728,9600000,move-arms-180-0.4-m-m,3,penalty_undesired_contact_mean,0.0
g1_lafan,4728,4728,9600000,move-arms-180-0.4-m-m,3,penalty_undesired_contact_active_fraction,0.0
g1_lafan,4728,4728,9600000,move-arms-180-0.4-m-m,3,penalty_feet_ori_mean,0.42447200417518616
g1_lafan,4728,4728,9600000,move-arms-180-0.4-m-m,3,penalty_feet_ori_active_fraction,0.9900000691413879
g1_lafan,4728,4728,9600000,move-arms-180-0.4-m-m,3,penalty_ankle_roll_mean,0.1357925832271576
g1_lafan,4728,4728,9600000,move-arms-180-0.4-m-m,3,penalty_ankle_roll_active_fraction,1.0
g1_lafan,4728,4728,9600000,move-arms-180-0.4-m-m,3,penalty_slippage_mean,0.2283780723810196
g1_lafan,4728,4728,9600000,move-arms-180-0.4-m-m,3,penalty_slippage_active_fraction,0.9900000691413879
g1_lafan,4728,4728,9600000,move-arms-180-0.4-m-m,4,return,1.984419822692871
g1_lafan,4728,4728,9600000,move-arms-180-0.4-m-m,4,auxiliary_cost,1.401826024055481
g1_lafan,4728,4728,9600000,move-arms-180-0.4-m-m,4,safety_violation_rate,0.9960000514984131
g1_lafan,4728,4728,9600000,move-arms-180-0.4-m-m,4,termination_rate,0.0
g1_lafan,4728,4728,9600000,move-arms-180-0.4-m-m,4,action_l2,2.8206939697265625
g1_lafan,4728,4728,9600000,move-arms-180-0.4-m-m,4,penalty_torques_mean,6705.8349609375
g1_lafan,4728,4728,9600000,move-arms-180-0.4-m-m,4,penalty_torques_active_fraction,1.0
g1_lafan,4728,4728,9600000,move-arms-180-0.4-m-m,4,penalty_action_rate_mean,1.3298755884170532
g1_lafan,4728,4728,9600000,move-arms-180-0.4-m-m,4,penalty_action_rate_active_fraction,1.0
g1_lafan,4728,4728,9600000,move-arms-180-0.4-m-m,4,limits_dof_pos_mean,0.02529180236160755
g1_lafan,4728,4728,9600000,move-arms-180-0.4-m-m,4,limits_dof_pos_active_fraction,0.9960000514984131
g1_lafan,4728,4728,9600000,move-arms-180-0.4-m-m,4,limits_torque_mean,4.478006362915039
g1_lafan,4728,4728,9600000,move-arms-180-0.4-m-m,4,limits_torque_active_fraction,0.9940000176429749
g1_lafan,4728,4728,9600000,move-arms-180-0.4-m-m,4,penalty_undesired_contact_mean,0.0
g1_lafan,4728,4728,9600000,move-arms-180-0.4-m-m,4,penalty_undesired_contact_active_fraction,0.0
g1_lafan,4728,4728,9600000,move-arms-180-0.4-m-m,4,penalty_feet_ori_mean,0.4553346335887909
g1_lafan,4728,4728,9600000,move-arms-180-0.4-m-m,4,penalty_feet_ori_active_fraction,0.9980000257492065
g1_lafan,4728,4728,9600000,move-arms-180-0.4-m-m,4,penalty_ankle_roll_mean,0.1347285509109497
g1_lafan,4728,4728,9600000,move-arms-180-0.4-m-m,4,penalty_ankle_roll_active_fraction,1.0
g1_lafan,4728,4728,9600000,move-arms-180-0.4-m-m,4,penalty_slippage_mean,0.147436261177063
g1_lafan,4728,4728,9600000,move-arms-180-0.4-m-m,4,penalty_slippage_active_fraction,0.9980000257492065
g1_lafan,4728,4728,9600000,move-arms-180-0.4-m-m,5,return,54.86928939819336
g1_lafan,4728,4728,9600000,move-arms-180-0.4-m-m,5,auxiliary_cost,1.257046103477478
g1_lafan,4728,4728,9600000,move-arms-180-0.4-m-m,5,safety_violation_rate,1.0
g1_lafan,4728,4728,9600000,move-arms-180-0.4-m-m,5,termination_rate,0.0
g1_lafan,4728,4728,9600000,move-arms-180-0.4-m-m,5,action_l2,2.8056817054748535
g1_lafan,4728,4728,9600000,move-arms-180-0.4-m-m,5,penalty_torques_mean,6260.1240234375
g1_lafan,4728,4728,9600000,move-arms-180-0.4-m-m,5,penalty_torques_active_fraction,1.0
g1_lafan,4728,4728,9600000,move-arms-180-0.4-m-m,5,penalty_action_rate_mean,0.9728521704673767
g1_lafan,4728,4728,9600000,move-arms-180-0.4-m-m,5,penalty_action_rate_active_fraction,1.0
g1_lafan,4728,4728,9600000,move-arms-180-0.4-m-m,5,limits_dof_pos_mean,0.027537470683455467
g1_lafan,4728,4728,9600000,move-arms-180-0.4-m-m,5,limits_dof_pos_active_fraction,1.0
g1_lafan,4728,4728,9600000,move-arms-180-0.4-m-m,5,limits_torque_mean,5.000506401062012
g1_lafan,4728,4728,9600000,move-arms-180-0.4-m-m,5,limits_torque_active_fraction,1.0
g1_lafan,4728,4728,9600000,move-arms-180-0.4-m-m,5,penalty_undesired_contact_mean,0.0
g1_lafan,4728,4728,9600000,move-arms-180-0.4-m-m,5,penalty_undesired_contact_active_fraction,0.0
g1_lafan,4728,4728,9600000,move-arms-180-0.4-m-m,5,penalty_feet_ori_mean,0.3497612476348877
g1_lafan,4728,4728,9600000,move-arms-180-0.4-m-m,5,penalty_feet_ori_active_fraction,1.0
g1_lafan,4728,4728,9600000,move-arms-180-0.4-m-m,5,penalty_ankle_roll_mean,0.1364576369524002
g1_lafan,4728,4728,9600000,move-arms-180-0.4-m-m,5,penalty_ankle_roll_active_fraction,1.0
g1_lafan,4728,4728,9600000,move-arms-180-0.4-m-m,5,penalty_slippage_mean,0.09932569414377213
g1_lafan,4728,4728,9600000,move-arms-180-0.4-m-m,5,penalty_slippage_active_fraction,1.0
g1_lafan,4728,4728,9600000,move-arms-180-0.4-m-m,6,return,0.1635238379240036
g1_lafan,4728,4728,9600000,move-arms-180-0.4-m-m,6,auxiliary_cost,1.5882066488265991
g1_lafan,4728,4728,9600000,move-arms-180-0.4-m-m,6,safety_violation_rate,1.0
g1_lafan,4728,4728,9600000,move-arms-180-0.4-m-m,6,termination_rate,0.0
g1_lafan,4728,4728,9600000,move-arms-180-0.4-m-m,6,action_l2,2.77620792388916
g1_lafan,4728,4728,9600000,move-arms-180-0.4-m-m,6,penalty_torques_mean,6421.8251953125
g1_lafan,4728,4728,9600000,move-arms-180-0.4-m-m,6,penalty_torques_active_fraction,1.0
g1_lafan,4728,4728,9600000,move-arms-180-0.4-m-m,6,penalty_action_rate_mean,1.847511649131775
g1_lafan,4728,4728,9600000,move-arms-180-0.4-m-m,6,penalty_action_rate_active_fraction,1.0
g1_lafan,4728,4728,9600000,move-arms-180-0.4-m-m,6,limits_dof_pos_mean,0.024378864094614983
g1_lafan,4728,4728,9600000,move-arms-180-0.4-m-m,6,limits_dof_pos_active_fraction,0.9960000514984131
g1_lafan,4728,4728,9600000,move-arms-180-0.4-m-m,6,limits_torque_mean,3.2225914001464844
g1_lafan,4728,4728,9600000,move-arms-180-0.4-m-m,6,limits_torque_active_fraction,0.8420000672340393
g1_lafan,4728,4728,9600000,move-arms-180-0.4-m-m,6,penalty_undesired_contact_mean,0.006000000052154064
g1_lafan,4728,4728,9600000,move-arms-180-0.4-m-m,6,penalty_undesired_contact_active_fraction,0.006000000052154064
g1_lafan,4728,4728,9600000,move-arms-180-0.4-m-m,6,penalty_feet_ori_mean,0.4669888913631439
g1_lafan,4728,4728,9600000,move-arms-180-0.4-m-m,6,penalty_feet_ori_active_fraction,1.0
g1_lafan,4728,4728,9600000,move-arms-180-0.4-m-m,6,penalty_ankle_roll_mean,0.13444072008132935
g1_lafan,4728,4728,9600000,move-arms-180-0.4-m-m,6,penalty_ankle_roll_active_fraction,1.0
g1_lafan,4728,4728,9600000,move-arms-180-0.4-m-m,6,penalty_slippage_mean,0.21455398201942444
g1_lafan,4728,4728,9600000,move-arms-180-0.4-m-m,6,penalty_slippage_active_fraction,1.0
g1_lafan,4728,4728,9600000,move-arms-180-0.4-m-m,7,return,23.488168716430664
g1_lafan,4728,4728,9600000,move-arms-180-0.4-m-m,7,auxiliary_cost,1.5955122709274292
g1_lafan,4728,4728,9600000,move-arms-180-0.4-m-m,7,safety_violation_rate,1.0
g1_lafan,4728,4728,9600000,move-arms-180-0.4-m-m,7,termination_rate,0.0
g1_lafan,4728,4728,9600000,move-arms-180-0.4-m-m,7,action_l2,2.9094619750976562
g1_lafan,4728,4728,9600000,move-arms-180-0.4-m-m,7,penalty_torques_mean,7303.23046875
g1_lafan,4728,4728,9600000,move-arms-180-0.4-m-m,7,penalty_torques_active_fraction,1.0
g1_lafan,4728,4728,9600000,move-arms-180-0.4-m-m,7,penalty_action_rate_mean,1.9106731414794922
g1_lafan,4728,4728,9600000,move-arms-180-0.4-m-m,7,penalty_action_rate_active_fraction,1.0
g1_lafan,4728,4728,9600000,move-arms-180-0.4-m-m,7,limits_dof_pos_mean,0.025485236197710037
g1_lafan,4728,4728,9600000,move-arms-180-0.4-m-m,7,limits_dof_pos_active_fraction,1.0
g1_lafan,4728,4728,9600000,move-arms-180-0.4-m-m,7,limits_torque_mean,4.784619331359863
g1_lafan,4728,4728,9600000,move-arms-180-0.4-m-m,7,limits_torque_active_fraction,0.9960000514984131
g1_lafan,4728,4728,9600000,move-arms-180-0.4-m-m,7,penalty_undesired_contact_mean,0.0
g1_lafan,4728,4728,9600000,move-arms-180-0.4-m-m,7,penalty_undesired_contact_active_fraction,0.0
g1_lafan,4728,4728,9600000,move-arms-180-0.4-m-m,7,penalty_feet_ori_mean,0.48095372319221497
g1_lafan,4728,4728,9600000,move-arms-180-0.4-m-m,7,penalty_feet_ori_active_fraction,0.9920000433921814
g1_lafan,4728,4728,9600000,move-arms-180-0.4-m-m,7,penalty_ankle_roll_mean,0.13666421175003052
g1_lafan,4728,4728,9600000,move-arms-180-0.4-m-m,7,penalty_ankle_roll_active_fraction,1.0
g1_lafan,4728,4728,9600000,move-arms-180-0.4-m-m,7,penalty_slippage_mean,0.20527717471122742
g1_lafan,4728,4728,9600000,move-arms-180-0.4-m-m,7,penalty_slippage_active_fraction,0.9920000433921814
g1_lafan,4728,4728,9600000,move-arms-180-0.4-m-m,8,return,3.3984527587890625
g1_lafan,4728,4728,9600000,move-arms-180-0.4-m-m,8,auxiliary_cost,1.740464448928833
g1_lafan,4728,4728,9600000,move-arms-180-0.4-m-m,8,safety_violation_rate,1.0
g1_lafan,4728,4728,9600000,move-arms-180-0.4-m-m,8,termination_rate,0.0
g1_lafan,4728,4728,9600000,move-arms-180-0.4-m-m,8,action_l2,2.9201934337615967
g1_lafan,4728,4728,9600000,move-arms-180-0.4-m-m,8,penalty_torques_mean,7948.90576171875
g1_lafan,4728,4728,9600000,move-arms-180-0.4-m-m,8,penalty_torques_active_fraction,1.0
g1_lafan,4728,4728,9600000,move-arms-180-0.4-m-m,8,penalty_action_rate_mean,2.661738872528076
g1_lafan,4728,4728,9600000,move-arms-180-0.4-m-m,8,penalty_action_rate_active_fraction,1.0
g1_lafan,4728,4728,9600000,move-arms-180-0.4-m-m,8,limits_dof_pos_mean,0.027661200612783432
g1_lafan,4728,4728,9600000,move-arms-180-0.4-m-m,8,limits_dof_pos_active_fraction,1.0
g1_lafan,4728,4728,9600000,move-arms-180-0.4-m-m,8,limits_torque_mean,4.905099391937256
g1_lafan,4728,4728,9600000,move-arms-180-0.4-m-m,8,limits_torque_active_fraction,0.9980000257492065
g1_lafan,4728,4728,9600000,move-arms-180-0.4-m-m,8,penalty_undesired_contact_mean,0.0020000000949949026
g1_lafan,4728,4728,9600000,move-arms-180-0.4-m-m,8,penalty_undesired_contact_active_fraction,0.0020000000949949026
g1_lafan,4728,4728,9600000,move-arms-180-0.4-m-m,8,penalty_feet_ori_mean,0.4643171727657318
g1_lafan,4728,4728,9600000,move-arms-180-0.4-m-m,8,penalty_feet_ori_active_fraction,0.9860000610351562
g1_lafan,4728,4728,9600000,move-arms-180-0.4-m-m,8,penalty_ankle_roll_mean,0.13647693395614624
g1_lafan,4728,4728,9600000,move-arms-180-0.4-m-m,8,penalty_ankle_roll_active_fraction,1.0
g1_lafan,4728,4728,9600000,move-arms-180-0.4-m-m,8,penalty_slippage_mean,0.23202203214168549
g1_lafan,4728,4728,9600000,move-arms-180-0.4-m-m,8,penalty_slippage_active_fraction,0.9860000610351562
g1_lafan,4728,4728,9600000,move-arms-180-0.4-m-m,9,return,17.581674575805664
g1_lafan,4728,4728,9600000,move-arms-180-0.4-m-m,9,auxiliary_cost,1.652836561203003
g1_lafan,4728,4728,9600000,move-arms-180-0.4-m-m,9,safety_violation_rate,0.9980000257492065
g1_lafan,4728,4728,9600000,move-arms-180-0.4-m-m,9,termination_rate,0.0
g1_lafan,4728,4728,9600000,move-arms-180-0.4-m-m,9,action_l2,2.8990137577056885
g1_lafan,4728,4728,9600000,move-arms-180-0.4-m-m,9,penalty_torques_mean,8297.9658203125
g1_lafan,4728,4728,9600000,move-arms-180-0.4-m-m,9,penalty_torques_active_fraction,1.0
g1_lafan,4728,4728,9600000,move-arms-180-0.4-m-m,9,penalty_action_rate_mean,2.839026927947998
g1_lafan,4728,4728,9600000,move-arms-180-0.4-m-m,9,penalty_action_rate_active_fraction,1.0
g1_lafan,4728,4728,9600000,move-arms-180-0.4-m-m,9,limits_dof_pos_mean,0.027957485988736153
g1_lafan,4728,4728,9600000,move-arms-180-0.4-m-m,9,limits_dof_pos_active_fraction,0.9980000257492065
g1_lafan,4728,4728,9600000,move-arms-180-0.4-m-m,9,limits_torque_mean,5.006330490112305
g1_lafan,4728,4728,9600000,move-arms-180-0.4-m-m,9,limits_torque_active_fraction,0.9960000514984131
g1_lafan,4728,4728,9600000,move-arms-180-0.4-m-m,9,penalty_undesired_contact_mean,0.0
g1_lafan,4728,4728,9600000,move-arms-180-0.4-m-m,9,penalty_undesired_contact_active_fraction,0.0
g1_lafan,4728,4728,9600000,move-arms-180-0.4-m-m,9,penalty_feet_ori_mean,0.4104277789592743
g1_lafan,4728,4728,9600000,move-arms-180-0.4-m-m,9,penalty_feet_ori_active_fraction,0.9460000395774841
g1_lafan,4728,4728,9600000,move-arms-180-0.4-m-m,9,penalty_ankle_roll_mean,0.1362922191619873
g1_lafan,4728,4728,9600000,move-arms-180-0.4-m-m,9,penalty_ankle_roll_active_fraction,1.0
g1_lafan,4728,4728,9600000,move-arms-180-0.4-m-m,9,penalty_slippage_mean,0.19000957906246185
g1_lafan,4728,4728,9600000,move-arms-180-0.4-m-m,9,penalty_slippage_active_fraction,0.9460000395774841
g1_lafan,4728,4728,9600000,move-arms--90-0.7-m-m,0,return,67.33500671386719
g1_lafan,4728,4728,9600000,move-arms--90-0.7-m-m,0,auxiliary_cost,1.8715134859085083
g1_lafan,4728,4728,9600000,move-arms--90-0.7-m-m,0,safety_violation_rate,1.0
g1_lafan,4728,4728,9600000,move-arms--90-0.7-m-m,0,termination_rate,0.0
g1_lafan,4728,4728,9600000,move-arms--90-0.7-m-m,0,action_l2,2.869464159011841
g1_lafan,4728,4728,9600000,move-arms--90-0.7-m-m,0,penalty_torques_mean,8632.2255859375
g1_lafan,4728,4728,9600000,move-arms--90-0.7-m-m,0,penalty_torques_active_fraction,1.0
g1_lafan,4728,4728,9600000,move-arms--90-0.7-m-m,0,penalty_action_rate_mean,3.3601253032684326
g1_lafan,4728,4728,9600000,move-arms--90-0.7-m-m,0,penalty_action_rate_active_fraction,1.0
g1_lafan,4728,4728,9600000,move-arms--90-0.7-m-m,0,limits_dof_pos_mean,0.03259436413645744
g1_lafan,4728,4728,9600000,move-arms--90-0.7-m-m,0,limits_dof_pos_active_fraction,1.0
g1_lafan,4728,4728,9600000,move-arms--90-0.7-m-m,0,limits_torque_mean,5.473354816436768
g1_lafan,4728,4728,9600000,move-arms--90-0.7-m-m,0,limits_torque_active_fraction,1.0
g1_lafan,4728,4728,9600000,move-arms--90-0.7-m-m,0,penalty_undesired_contact_mean,0.03400000184774399
g1_lafan,4728,4728,9600000,move-arms--90-0.7-m-m,0,penalty_undesired_contact_active_fraction,0.03400000184774399
g1_lafan,4728,4728,9600000,move-arms--90-0.7-m-m,0,penalty_feet_ori_mean,0.4904159903526306
g1_lafan,4728,4728,9600000,move-arms--90-0.7-m-m,0,penalty_feet_ori_active_fraction,0.9420000314712524
g1_lafan,4728,4728,9600000,move-arms--90-0.7-m-m,0,penalty_ankle_roll_mean,0.1367502361536026
g1_lafan,4728,4728,9600000,move-arms--90-0.7-m-m,0,penalty_ankle_roll_active_fraction,1.0
g1_lafan,4728,4728,9600000,move-arms--90-0.7-m-m,0,penalty_slippage_mean,0.216195210814476
g1_lafan,4728,4728,9600000,move-arms--90-0.7-m-m,0,penalty_slippage_active_fraction,0.9420000314712524
g1_lafan,4728,4728,9600000,move-arms--90-0.7-m-m,1,return,25.560426712036133
g1_lafan,4728,4728,9600000,move-arms--90-0.7-m-m,1,auxiliary_cost,1.56997549533844
g1_lafan,4728,4728,9600000,move-arms--90-0.7-m-m,1,safety_violation_rate,1.0
g1_lafan,4728,4728,9600000,move-arms--90-0.7-m-m,1,termination_rate,0.0
g1_lafan,4728,4728,9600000,move-arms--90-0.7-m-m,1,action_l2,2.8140833377838135
g1_lafan,4728,4728,9600000,move-arms--90-0.7-m-m,1,penalty_torques_mean,7850.7109375
g1_lafan,4728,4728,9600000,move-arms--90-0.7-m-m,1,penalty_torques_active_fraction,1.0
g1_lafan,4728,4728,9600000,move-arms--90-0.7-m-m,1,penalty_action_rate_mean,2.2142233848571777
g1_lafan,4728,4728,9600000,move-arms--90-0.7-m-m,1,penalty_action_rate_active_fraction,1.0
g1_lafan,4728,4728,9600000,move-arms--90-0.7-m-m,1,limits_dof_pos_mean,0.031063590198755264
g1_lafan,4728,4728,9600000,move-arms--90-0.7-m-m,1,limits_dof_pos_active_fraction,1.0
g1_lafan,4728,4728,9600000,move-arms--90-0.7-m-m,1,limits_torque_mean,5.399086952209473
g1_lafan,4728,4728,9600000,move-arms--90-0.7-m-m,1,limits_torque_active_fraction,1.0
g1_lafan,4728,4728,9600000,move-arms--90-0.7-m-m,1,penalty_undesired_contact_mean,0.0
g1_lafan,4728,4728,9600000,move-arms--90-0.7-m-m,1,penalty_undesired_contact_active_fraction,0.0
g1_lafan,4728,4728,9600000,move-arms--90-0.7-m-m,1,penalty_feet_ori_mean,0.4179841876029968
g1_lafan,4728,4728,9600000,move-arms--90-0.7-m-m,1,penalty_feet_ori_active_fraction,0.9940000176429749
g1_lafan,4728,4728,9600000,move-arms--90-0.7-m-m,1,penalty_ankle_roll_mean,0.13691623508930206
g1_lafan,4728,4728,9600000,move-arms--90-0.7-m-m,1,penalty_ankle_roll_active_fraction,1.0
g1_lafan,4728,4728,9600000,move-arms--90-0.7-m-m,1,penalty_slippage_mean,0.16152936220169067
g1_lafan,4728,4728,9600000,move-arms--90-0.7-m-m,1,penalty_slippage_active_fraction,0.9940000176429749
g1_lafan,4728,4728,9600000,move-arms--90-0.7-m-m,2,return,78.6353759765625
g1_lafan,4728,4728,9600000,move-arms--90-0.7-m-m,2,auxiliary_cost,1.6010695695877075
g1_lafan,4728,4728,9600000,move-arms--90-0.7-m-m,2,safety_violation_rate,1.0
g1_lafan,4728,4728,9600000,move-arms--90-0.7-m-m,2,termination_rate,0.0
g1_lafan,4728,4728,9600000,move-arms--90-0.7-m-m,2,action_l2,2.8362557888031006
g1_lafan,4728,4728,9600000,move-arms--90-0.7-m-m,2,penalty_torques_mean,8023.4140625
g1_lafan,4728,4728,9600000,move-arms--90-0.7-m-m,2,penalty_torques_active_fraction,1.0
g1_lafan,4728,4728,9600000,move-arms--90-0.7-m-m,2,penalty_action_rate_mean,2.4825336933135986
g1_lafan,4728,4728,9600000,move-arms--90-0.7-m-m,2,penalty_action_rate_active_fraction,1.0
g1_lafan,4728,4728,9600000,move-arms--90-0.7-m-m,2,limits_dof_pos_mean,0.029811173677444458
g1_lafan,4728,4728,9600000,move-arms--90-0.7-m-m,2,limits_dof_pos_active_fraction,1.0
g1_lafan,4728,4728,9600000,move-arms--90-0.7-m-m,2,limits_torque_mean,5.41206169128418
g1_lafan,4728,4728,9600000,move-arms--90-0.7-m-m,2,limits_torque_active_fraction,1.0
g1_lafan,4728,4728,9600000,move-arms--90-0.7-m-m,2,penalty_undesired_contact_mean,0.014000000432133675
g1_lafan,4728,4728,9600000,move-arms--90-0.7-m-m,2,penalty_undesired_contact_active_fraction,0.014000000432133675
g1_lafan,4728,4728,9600000,move-arms--90-0.7-m-m,2,penalty_feet_ori_mean,0.40017059445381165
g1_lafan,4728,4728,9600000,move-arms--90-0.7-m-m,2,penalty_feet_ori_active_fraction,0.9720000624656677
g1_lafan,4728,4728,9600000,move-arms--90-0.7-m-m,2,penalty_ankle_roll_mean,0.13670946657657623
g1_lafan,4728,4728,9600000,move-arms--90-0.7-m-m,2,penalty_ankle_roll_active_fraction,1.0
g1_lafan,4728,4728,9600000,move-arms--90-0.7-m-m,2,penalty_slippage_mean,0.16689862310886383
g1_lafan,4728,4728,9600000,move-arms--90-0.7-m-m,2,penalty_slippage_active_fraction,0.9720000624656677
g1_lafan,4728,4728,9600000,move-arms--90-0.7-m-m,3,return,23.43321990966797
g1_lafan,4728,4728,9600000,move-arms--90-0.7-m-m,3,auxiliary_cost,1.6590251922607422
g1_lafan,4728,4728,9600000,move-arms--90-0.7-m-m,3,safety_violation_rate,1.0
g1_lafan,4728,4728,9600000,move-arms--90-0.7-m-m,3,termination_rate,0.0
g1_lafan,4728,4728,9600000,move-arms--90-0.7-m-m,3,action_l2,2.826653480529785
g1_lafan,4728,4728,9600000,move-arms--90-0.7-m-m,3,penalty_torques_mean,8064.03759765625
g1_lafan,4728,4728,9600000,move-arms--90-0.7-m-m,3,penalty_torques_active_fraction,1.0
g1_lafan,4728,4728,9600000,move-arms--90-0.7-m-m,3,penalty_action_rate_mean,2.458845615386963
g1_lafan,4728,4728,9600000,move-arms--90-0.7-m-m,3,penalty_action_rate_active_fraction,1.0
g1_lafan,4728,4728,9600000,move-arms--90-0.7-m-m,3,limits_dof_pos_mean,0.03292809799313545
g1_lafan,4728,4728,9600000,move-arms--90-0.7-m-m,3,limits_dof_pos_active_fraction,1.0
g1_lafan,4728,4728,9600000,move-arms--90-0.7-m-m,3,limits_torque_mean,5.305768013000488
g1_lafan,4728,4728,9600000,move-arms--90-0.7-m-m,3,limits_torque_active_fraction,1.0
g1_lafan,4728,4728,9600000,move-arms--90-0.7-m-m,3,penalty_undesired_contact_mean,0.0
g1_lafan,4728,4728,9600000,move-arms--90-0.7-m-m,3,penalty_undesired_contact_active_fraction,0.0
g1_lafan,4728,4728,9600000,move-arms--90-0.7-m-m,3,penalty_feet_ori_mean,0.44947299361228943
g1_lafan,4728,4728,9600000,move-arms--90-0.7-m-m,3,penalty_feet_ori_active_fraction,0.9740000367164612
g1_lafan,4728,4728,9600000,move-arms--90-0.7-m-m,3,penalty_ankle_roll_mean,0.13691262900829315
g1_lafan,4728,4728,9600000,move-arms--90-0.7-m-m,3,penalty_ankle_roll_active_fraction,1.0
g1_lafan,4728,4728,9600000,move-arms--90-0.7-m-m,3,penalty_slippage_mean,0.1782093197107315
g1_lafan,4728,4728,9600000,move-arms--90-0.7-m-m,3,penalty_slippage_active_fraction,0.9740000367164612
g1_lafan,4728,4728,9600000,move-arms--90-0.7-m-m,4,return,51.07793426513672
g1_lafan,4728,4728,9600000,move-arms--90-0.7-m-m,4,auxiliary_cost,1.7314023971557617
g1_lafan,4728,4728,9600000,move-arms--90-0.7-m-m,4,safety_violation_rate,0.9980000257492065
g1_lafan,4728,4728,9600000,move-arms--90-0.7-m-m,4,termination_rate,0.0
g1_lafan,4728,4728,9600000,move-arms--90-0.7-m-m,4,action_l2,2.8669276237487793
g1_lafan,4728,4728,9600000,move-arms--90-0.7-m-m,4,penalty_torques_mean,8445.8095703125
g1_lafan,4728,4728,9600000,move-arms--90-0.7-m-m,4,penalty_torques_active_fraction,1.0
g1_lafan,4728,4728,9600000,move-arms--90-0.7-m-m,4,penalty_action_rate_mean,2.8759384155273438
g1_lafan,4728,4728,9600000,move-arms--90-0.7-m-m,4,penalty_action_rate_active_fraction,1.0
g1_lafan,4728,4728,9600000,move-arms--90-0.7-m-m,4,limits_dof_pos_mean,0.03097599744796753
g1_lafan,4728,4728,9600000,move-arms--90-0.7-m-m,4,limits_dof_pos_active_fraction,0.9980000257492065
g1_lafan,4728,4728,9600000,move-arms--90-0.7-m-m,4,limits_torque_mean,5.575782299041748
g1_lafan,4728,4728,9600000,move-arms--90-0.7-m-m,4,limits_torque_active_fraction,0.9980000257492065
g1_lafan,4728,4728,9600000,move-arms--90-0.7-m-m,4,penalty_undesired_contact_mean,0.0
g1_lafan,4728,4728,9600000,move-arms--90-0.7-m-m,4,penalty_undesired_contact_active_fraction,0.0
g1_lafan,4728,4728,9600000,move-arms--90-0.7-m-m,4,penalty_feet_ori_mean,0.41561612486839294
g1_lafan,4728,4728,9600000,move-arms--90-0.7-m-m,4,penalty_feet_ori_active_fraction,0.9780000448226929
g1_lafan,4728,4728,9600000,move-arms--90-0.7-m-m,4,penalty_ankle_roll_mean,0.1367865949869156
g1_lafan,4728,4728,9600000,move-arms--90-0.7-m-m,4,penalty_ankle_roll_active_fraction,1.0
g1_lafan,4728,4728,9600000,move-arms--90-0.7-m-m,4,penalty_slippage_mean,0.21032756567001343
g1_lafan,4728,4728,9600000,move-arms--90-0.7-m-m,4,penalty_slippage_active_fraction,0.9780000448226929
g1_lafan,4728,4728,9600000,move-arms--90-0.7-m-m,5,return,50.90980529785156
g1_lafan,4728,4728,9600000,move-arms--90-0.7-m-m,5,auxiliary_cost,1.7161794900894165
g1_lafan,4728,4728,9600000,move-arms--90-0.7-m-m,5,safety_violation_rate,0.9980000257492065
g1_lafan,4728,4728,9600000,move-arms--90-0.7-m-m,5,termination_rate,0.0
g1_lafan,4728,4728,9600000,move-arms--90-0.7-m-m,5,action_l2,2.8475801944732666
g1_lafan,4728,4728,9600000,move-arms--90-0.7-m-m,5,penalty_torques_mean,8485.65234375
g1_lafan,4728,4728,9600000,move-arms--90-0.7-m-m,5,penalty_torques_active_fraction,1.0
g1_lafan,4728,4728,9600000,move-arms--90-0.7-m-m,5,penalty_action_rate_mean,3.0981857776641846
g1_lafan,4728,4728,9600000,move-arms--90-0.7-m-m,5,penalty_action_rate_active_fraction,1.0
g1_lafan,4728,4728,9600000,move-arms--90-0.7-m-m,5,limits_dof_pos_mean,0.028642471879720688
g1_lafan,4728,4728,9600000,move-arms--90-0.7-m-m,5,limits_dof_pos_active_fraction,0.9980000257492065
g1_lafan,4728,4728,9600000,move-arms--90-0.7-m-m,5,limits_torque_mean,5.7623610496521
g1_lafan,4728,4728,9600000,move-arms--90-0.7-m-m,5,limits_torque_active_fraction,0.9960000514984131
g1_lafan,4728,4728,9600000,move-arms--90-0.7-m-m,5,penalty_undesired_contact_mean,0.0
g1_lafan,4728,4728,9600000,move-arms--90-0.7-m-m,5,penalty_undesired_contact_active_fraction,0.0
g1_lafan,4728,4728,9600000,move-arms--90-0.7-m-m,5,penalty_feet_ori_mean,0.36058560013771057
g1_lafan,4728,4728,9600000,move-arms--90-0.7-m-m,5,penalty_feet_ori_active_fraction,0.9640000462532043
g1_lafan,4728,4728,9600000,move-arms--90-0.7-m-m,5,penalty_ankle_roll_mean,0.13670948147773743
g1_lafan,4728,4728,9600000,move-arms--90-0.7-m-m,5,penalty_ankle_roll_active_fraction,1.0
g1_lafan,4728,4728,9600000,move-arms--90-0.7-m-m,5,penalty_slippage_mean,0.21443143486976624
g1_lafan,4728,4728,9600000,move-arms--90-0.7-m-m,5,penalty_slippage_active_fraction,0.9640000462532043
g1_lafan,4728,4728,9600000,move-arms--90-0.7-m-m,6,return,59.528141021728516
g1_lafan,4728,4728,9600000,move-arms--90-0.7-m-m,6,auxiliary_cost,1.902015209197998
g1_lafan,4728,4728,9600000,move-arms--90-0.7-m-m,6,safety_violation_rate,1.0
g1_lafan,4728,4728,9600000,move-arms--90-0.7-m-m,6,termination_rate,0.0
g1_lafan,4728,4728,9600000,move-arms--90-0.7-m-m,6,action_l2,2.91742205619812
g1_lafan,4728,4728,9600000,move-arms--90-0.7-m-m,6,penalty_torques_mean,9044.4638671875
g1_lafan,4728,4728,9600000,move-arms--90-0.7-m-m,6,penalty_torques_active_fraction,1.0
g1_lafan,4728,4728,9600000,move-arms--90-0.7-m-m,6,penalty_action_rate_mean,3.893284797668457
g1_lafan,4728,4728,9600000,move-arms--90-0.7-m-m,6,penalty_action_rate_active_fraction,1.0
g1_lafan,4728,4728,9600000,move-arms--90-0.7-m-m,6,limits_dof_pos_mean,0.031730979681015015
g1_lafan,4728,4728,9600000,move-arms--90-0.7-m-m,6,limits_dof_pos_active_fraction,0.9980000257492065
g1_lafan,4728,4728,9600000,move-arms--90-0.7-m-m,6,limits_torque_mean,5.8328986167907715
g1_lafan,4728,4728,9600000,move-arms--90-0.7-m-m,6,limits_torque_active_fraction,0.9960000514984131
g1_lafan,4728,4728,9600000,move-arms--90-0.7-m-m,6,penalty_undesired_contact_mean,0.024000000208616257
g1_lafan,4728,4728,9600000,move-arms--90-0.7-m-m,6,penalty_undesired_contact_active_fraction,0.024000000208616257
g1_lafan,4728,4728,9600000,move-arms--90-0.7-m-m,6,penalty_feet_ori_mean,0.3308400511741638
g1_lafan,4728,4728,9600000,move-arms--90-0.7-m-m,6,penalty_feet_ori_active_fraction,0.9280000329017639
g1_lafan,4728,4728,9600000,move-arms--90-0.7-m-m,6,penalty_ankle_roll_mean,0.13688316941261292
g1_lafan,4728,4728,9600000,move-arms--90-0.7-m-m,6,penalty_ankle_roll_active_fraction,1.0
g1_lafan,4728,4728,9600000,move-arms--90-0.7-m-m,6,penalty_slippage_mean,0.24575412273406982
g1_lafan,4728,4728,9600000,move-arms--90-0.7-m-m,6,penalty_slippage_active_fraction,0.9280000329017639
g1_lafan,4728,4728,9600000,move-arms--90-0.7-m-m,7,return,81.8237533569336
g1_lafan,4728,4728,9600000,move-arms--90-0.7-m-m,7,auxiliary_cost,1.7673122882843018
g1_lafan,4728,4728,9600000,move-arms--90-0.7-m-m,7,safety_violation_rate,1.0
g1_lafan,4728,4728,9600000,move-arms--90-0.7-m-m,7,termination_rate,0.0
g1_lafan,4728,4728,9600000,move-arms--90-0.7-m-m,7,action_l2,2.8389406204223633
g1_lafan,4728,4728,9600000,move-arms--90-0.7-m-m,7,penalty_torques_mean,8447.46875
g1_lafan,4728,4728,9600000,move-arms--90-0.7-m-m,7,penalty_torques_active_fraction,1.0
g1_lafan,4728,4728,9600000,move-arms--90-0.7-m-m,7,penalty_action_rate_mean,2.98535418510437
g1_lafan,4728,4728,9600000,move-arms--90-0.7-m-m,7,penalty_action_rate_active_fraction,1.0
g1_lafan,4728,4728,9600000,move-arms--90-0.7-m-m,7,limits_dof_pos_mean,0.030341902747750282
g1_lafan,4728,4728,9600000,move-arms--90-0.7-m-m,7,limits_dof_pos_active_fraction,1.0
g1_lafan,4728,4728,9600000,move-arms--90-0.7-m-m,7,limits_torque_mean,5.323507308959961
g1_lafan,4728,4728,9600000,move-arms--90-0.7-m-m,7,limits_torque_active_fraction,0.9980000257492065
g1_lafan,4728,4728,9600000,move-arms--90-0.7-m-m,7,penalty_undesired_contact_mean,0.020000001415610313
g1_lafan,4728,4728,9600000,move-arms--90-0.7-m-m,7,penalty_undesired_contact_active_fraction,0.020000001415610313
g1_lafan,4728,4728,9600000,move-arms--90-0.7-m-m,7,penalty_feet_ori_mean,0.4668689966201782
g1_lafan,4728,4728,9600000,move-arms--90-0.7-m-m,7,penalty_feet_ori_active_fraction,0.9760000705718994
g1_lafan,4728,4728,9600000,move-arms--90-0.7-m-m,7,penalty_ankle_roll_mean,0.13703104853630066
g1_lafan,4728,4728,9600000,move-arms--90-0.7-m-m,7,penalty_ankle_roll_active_fraction,1.0
g1_lafan,4728,4728,9600000,move-arms--90-0.7-m-m,7,penalty_slippage_mean,0.2052430808544159
g1_lafan,4728,4728,9600000,move-arms--90-0.7-m-m,7,penalty_slippage_active_fraction,0.9760000705718994
g1_lafan,4728,4728,9600000,move-arms--90-0.7-m-m,8,return,11.203099250793457
g1_lafan,4728,4728,9600000,move-arms--90-0.7-m-m,8,auxiliary_cost,1.0340070724487305
g1_lafan,4728,4728,9600000,move-arms--90-0.7-m-m,8,safety_violation_rate,1.0
g1_lafan,4728,4728,9600000,move-arms--90-0.7-m-m,8,termination_rate,0.0
g1_lafan,4728,4728,9600000,move-arms--90-0.7-m-m,8,action_l2,2.7469804286956787
g1_lafan,4728,4728,9600000,move-arms--90-0.7-m-m,8,penalty_torques_mean,6193.630859375
g1_lafan,4728,4728,9600000,move-arms--90-0.7-m-m,8,penalty_torques_active_fraction,1.0
g1_lafan,4728,4728,9600000,move-arms--90-0.7-m-m,8,penalty_action_rate_mean,0.7461925745010376
g1_lafan,4728,4728,9600000,move-arms--90-0.7-m-m,8,penalty_action_rate_active_fraction,1.0
g1_lafan,4728,4728,9600000,move-arms--90-0.7-m-m,8,limits_dof_pos_mean,0.026319444179534912
g1_lafan,4728,4728,9600000,move-arms--90-0.7-m-m,8,limits_dof_pos_active_fraction,1.0
g1_lafan,4728,4728,9600000,move-arms--90-0.7-m-m,8,limits_torque_mean,4.985000133514404
g1_lafan,4728,4728,9600000,move-arms--90-0.7-m-m,8,limits_torque_active_fraction,1.0
g1_lafan,4728,4728,9600000,move-arms--90-0.7-m-m,8,penalty_undesired_contact_mean,0.0
g1_lafan,4728,4728,9600000,move-arms--90-0.7-m-m,8,penalty_undesired_contact_active_fraction,0.0
g1_lafan,4728,4728,9600000,move-arms--90-0.7-m-m,8,penalty_feet_ori_mean,0.11547098308801651
g1_lafan,4728,4728,9600000,move-arms--90-0.7-m-m,8,penalty_feet_ori_active_fraction,1.0
g1_lafan,4728,4728,9600000,move-arms--90-0.7-m-m,8,penalty_ankle_roll_mean,0.13703128695487976
g1_lafan,4728,4728,9600000,move-arms--90-0.7-m-m,8,penalty_ankle_roll_active_fraction,1.0
g1_lafan,4728,4728,9600000,move-arms--90-0.7-m-m,8,penalty_slippage_mean,0.05094009265303612
g1_lafan,4728,4728,9600000,move-arms--90-0.7-m-m,8,penalty_slippage_active_fraction,1.0
g1_lafan,4728,4728,9600000,move-arms--90-0.7-m-m,9,return,36.80342102050781
g1_lafan,4728,4728,9600000,move-arms--90-0.7-m-m,9,auxiliary_cost,1.435135841369629
g1_lafan,4728,4728,9600000,move-arms--90-0.7-m-m,9,safety_violation_rate,1.0
g1_lafan,4728,4728,9600000,move-arms--90-0.7-m-m,9,termination_rate,0.0
g1_lafan,4728,4728,9600000,move-arms--90-0.7-m-m,9,action_l2,2.851409912109375
g1_lafan,4728,4728,9600000,move-arms--90-0.7-m-m,9,penalty_torques_mean,8059.2216796875
g1_lafan,4728,4728,9600000,move-arms--90-0.7-m-m,9,penalty_torques_active_fraction,1.0
g1_lafan,4728,4728,9600000,move-arms--90-0.7-m-m,9,penalty_action_rate_mean,2.4049341678619385
g1_lafan,4728,4728,9600000,move-arms--90-0.7-m-m,9,penalty_action_rate_active_fraction,1.0
g1_lafan,4728,4728,9600000,move-arms--90-0.7-m-m,9,limits_dof_pos_mean,0.029888128861784935
g1_lafan,4728,4728,9600000,move-arms--90-0.7-m-m,9,limits_dof_pos_active_fraction,1.0
g1_lafan,4728,4728,9600000,move-arms--90-0.7-m-m,9,limits_torque_mean,5.3903584480285645
g1_lafan,4728,4728,9600000,move-arms--90-0.7-m-m,9,limits_torque_active_fraction,1.0
g1_lafan,4728,4728,9600000,move-arms--90-0.7-m-m,9,penalty_undesired_contact_mean,0.0020000000949949026
g1_lafan,4728,4728,9600000,move-arms--90-0.7-m-m,9,penalty_undesired_contact_active_fraction,0.0020000000949949026
g1_lafan,4728,4728,9600000,move-arms--90-0.7-m-m,9,penalty_feet_ori_mean,0.22652868926525116
g1_lafan,4728,4728,9600000,move-arms--90-0.7-m-m,9,penalty_feet_ori_active_fraction,0.9580000638961792
g1_lafan,4728,4728,9600000,move-arms--90-0.7-m-m,9,penalty_ankle_roll_mean,0.1370825618505478
g1_lafan,4728,4728,9600000,move-arms--90-0.7-m-m,9,penalty_ankle_roll_active_fraction,1.0
g1_lafan,4728,4728,9600000,move-arms--90-0.7-m-m,9,penalty_slippage_mean,0.1274091601371765
g1_lafan,4728,4728,9600000,move-arms--90-0.7-m-m,9,penalty_slippage_active_fraction,0.9580000638961792
g1_lafan,4728,4728,9600000,move-arms-0-0.7-l-m,0,return,70.44274139404297
g1_lafan,4728,4728,9600000,move-arms-0-0.7-l-m,0,auxiliary_cost,1.6908600330352783
g1_lafan,4728,4728,9600000,move-arms-0-0.7-l-m,0,safety_violation_rate,0.9980000257492065
g1_lafan,4728,4728,9600000,move-arms-0-0.7-l-m,0,termination_rate,0.0
g1_lafan,4728,4728,9600000,move-arms-0-0.7-l-m,0,action_l2,2.784595489501953
g1_lafan,4728,4728,9600000,move-arms-0-0.7-l-m,0,penalty_torques_mean,7674.03955078125
g1_lafan,4728,4728,9600000,move-arms-0-0.7-l-m,0,penalty_torques_active_fraction,1.0
g1_lafan,4728,4728,9600000,move-arms-0-0.7-l-m,0,penalty_action_rate_mean,1.3544964790344238
g1_lafan,4728,4728,9600000,move-arms-0-0.7-l-m,0,penalty_action_rate_active_fraction,1.0
g1_lafan,4728,4728,9600000,move-arms-0-0.7-l-m,0,limits_dof_pos_mean,0.025137852877378464
g1_lafan,4728,4728,9600000,move-arms-0-0.7-l-m,0,limits_dof_pos_active_fraction,0.9980000257492065
g1_lafan,4728,4728,9600000,move-arms-0-0.7-l-m,0,limits_torque_mean,4.982811450958252
g1_lafan,4728,4728,9600000,move-arms-0-0.7-l-m,0,limits_torque_active_fraction,0.9960000514984131
g1_lafan,4728,4728,9600000,move-arms-0-0.7-l-m,0,penalty_undesired_contact_mean,0.0
g1_lafan,4728,4728,9600000,move-arms-0-0.7-l-m,0,penalty_undesired_contact_active_fraction,0.0
g1_lafan,4728,4728,9600000,move-arms-0-0.7-l-m,0,penalty_feet_ori_mean,0.3550703525543213
g1_lafan,4728,4728,9600000,move-arms-0-0.7-l-m,0,penalty_feet_ori_active_fraction,1.0
g1_lafan,4728,4728,9600000,move-arms-0-0.7-l-m,0,penalty_ankle_roll_mean,0.13586832582950592
g1_lafan,4728,4728,9600000,move-arms-0-0.7-l-m,0,penalty_ankle_roll_active_fraction,1.0
g1_lafan,4728,4728,9600000,move-arms-0-0.7-l-m,0,penalty_slippage_mean,0.3092656135559082
g1_lafan,4728,4728,9600000,move-arms-0-0.7-l-m,0,penalty_slippage_active_fraction,1.0
g1_lafan,4728,4728,9600000,move-arms-0-0.7-l-m,1,return,73.1165771484375
g1_lafan,4728,4728,9600000,move-arms-0-0.7-l-m,1,auxiliary_cost,1.8897639513015747
g1_lafan,4728,4728,9600000,move-arms-0-0.7-l-m,1,safety_violation_rate,1.0
g1_lafan,4728,4728,9600000,move-arms-0-0.7-l-m,1,termination_rate,0.0
g1_lafan,4728,4728,9600000,move-arms-0-0.7-l-m,1,action_l2,2.8370954990386963
g1_lafan,4728,4728,9600000,move-arms-0-0.7-l-m,1,penalty_torques_mean,8655.958984375
g1_lafan,4728,4728,9600000,move-arms-0-0.7-l-m,1,penalty_torques_active_fraction,1.0
g1_lafan,4728,4728,9600000,move-arms-0-0.7-l-m,1,penalty_action_rate_mean,2.261282444000244
g1_lafan,4728,4728,9600000,move-arms-0-0.7-l-m,1,penalty_action_rate_active_fraction,1.0
g1_lafan,4728,4728,9600000,move-arms-0-0.7-l-m,1,limits_dof_pos_mean,0.027206402271986008
g1_lafan,4728,4728,9600000,move-arms-0-0.7-l-m,1,limits_dof_pos_active_fraction,0.9980000257492065
g1_lafan,4728,4728,9600000,move-arms-0-0.7-l-m,1,limits_torque_mean,5.169802665710449
g1_lafan,4728,4728,9600000,move-arms-0-0.7-l-m,1,limits_torque_active_fraction,0.9980000257492065
g1_lafan,4728,4728,9600000,move-arms-0-0.7-l-m,1,penalty_undesired_contact_mean,0.012000000104308128
g1_lafan,4728,4728,9600000,move-arms-0-0.7-l-m,1,penalty_undesired_contact_active_fraction,0.012000000104308128
g1_lafan,4728,4728,9600000,move-arms-0-0.7-l-m,1,penalty_feet_ori_mean,0.3977724015712738
g1_lafan,4728,4728,9600000,move-arms-0-0.7-l-m,1,penalty_feet_ori_active_fraction,0.9820000529289246
g1_lafan,4728,4728,9600000,move-arms-0-0.7-l-m,1,penalty_ankle_roll_mean,0.13650420308113098
g1_lafan,4728,4728,9600000,move-arms-0-0.7-l-m,1,penalty_ankle_roll_active_fraction,1.0
g1_lafan,4728,4728,9600000,move-arms-0-0.7-l-m,1,penalty_slippage_mean,0.3372221887111664
g1_lafan,4728,4728,9600000,move-arms-0-0.7-l-m,1,penalty_slippage_active_fraction,0.9820000529289246
g1_lafan,4728,4728,9600000,move-arms-0-0.7-l-m,2,return,61.0418586730957
g1_lafan,4728,4728,9600000,move-arms-0-0.7-l-m,2,auxiliary_cost,1.9355757236480713
g1_lafan,4728,4728,9600000,move-arms-0-0.7-l-m,2,safety_violation_rate,0.9980000257492065
g1_lafan,4728,4728,9600000,move-arms-0-0.7-l-m,2,termination_rate,0.0
g1_lafan,4728,4728,9600000,move-arms-0-0.7-l-m,2,action_l2,2.787231206893921
g1_lafan,4728,4728,9600000,move-arms-0-0.7-l-m,2,penalty_torques_mean,7845.44873046875
g1_lafan,4728,4728,9600000,move-arms-0-0.7-l-m,2,penalty_torques_active_fraction,1.0
g1_lafan,4728,4728,9600000,move-arms-0-0.7-l-m,2,penalty_action_rate_mean,1.5570064783096313
g1_lafan,4728,4728,9600000,move-arms-0-0.7-l-m,2,penalty_action_rate_active_fraction,1.0
g1_lafan,4728,4728,9600000,move-arms-0-0.7-l-m,2,limits_dof_pos_mean,0.025008466094732285
g1_lafan,4728,4728,9600000,move-arms-0-0.7-l-m,2,limits_dof_pos_active_fraction,0.9980000257492065
g1_lafan,4728,4728,9600000,move-arms-0-0.7-l-m,2,limits_torque_mean,5.019106388092041
g1_lafan,4728,4728,9600000,move-arms-0-0.7-l-m,2,limits_torque_active_fraction,0.9960000514984131
g1_lafan,4728,4728,9600000,move-arms-0-0.7-l-m,2,penalty_undesired_contact_mean,0.0
g1_lafan,4728,4728,9600000,move-arms-0-0.7-l-m,2,penalty_undesired_contact_active_fraction,0.0
g1_lafan,4728,4728,9600000,move-arms-0-0.7-l-m,2,penalty_feet_ori_mean,0.4042556881904602
g1_lafan,4728,4728,9600000,move-arms-0-0.7-l-m,2,penalty_feet_ori_active_fraction,1.0
g1_lafan,4728,4728,9600000,move-arms-0-0.7-l-m,2,penalty_ankle_roll_mean,0.13556991517543793
g1_lafan,4728,4728,9600000,move-arms-0-0.7-l-m,2,penalty_ankle_roll_active_fraction,1.0
g1_lafan,4728,4728,9600000,move-arms-0-0.7-l-m,2,penalty_slippage_mean,0.4129040539264679
g1_lafan,4728,4728,9600000,move-arms-0-0.7-l-m,2,penalty_slippage_active_fraction,1.0
g1_lafan,4728,4728,9600000,move-arms-0-0.7-l-m,3,return,44.49162292480469
g1_lafan,4728,4728,9600000,move-arms-0-0.7-l-m,3,auxiliary_cost,1.9524790048599243
g1_lafan,4728,4728,9600000,move-arms-0-0.7-l-m,3,safety_violation_rate,1.0
g1_lafan,4728,4728,9600000,move-arms-0-0.7-l-m,3,termination_rate,0.0
g1_lafan,4728,4728,9600000,move-arms-0-0.7-l-m,3,action_l2,2.8110570907592773
g1_lafan,4728,4728,9600000,move-arms-0-0.7-l-m,3,penalty_torques_mean,8293.5068359375
g1_lafan,4728,4728,9600000,move-arms-0-0.7-l-m,3,penalty_torques_active_fraction,1.0
g1_lafan,4728,4728,9600000,move-arms-0-0.7-l-m,3,penalty_action_rate_mean,1.7473480701446533
g1_lafan,4728,4728,9600000,move-arms-0-0.7-l-m,3,penalty_action_rate_active_fraction,1.0
g1_lafan,4728,4728,9600000,move-arms-0-0.7-l-m,3,limits_dof_pos_mean,0.02584771253168583
g1_lafan,4728,4728,9600000,move-arms-0-0.7-l-m,3,limits_dof_pos_active_fraction,1.0
g1_lafan,4728,4728,9600000,move-arms-0-0.7-l-m,3,limits_torque_mean,5.146806240081787
g1_lafan,4728,4728,9600000,move-arms-0-0.7-l-m,3,limits_torque_active_fraction,0.9980000257492065
g1_lafan,4728,4728,9600000,move-arms-0-0.7-l-m,3,penalty_undesired_contact_mean,0.0
g1_lafan,4728,4728,9600000,move-arms-0-0.7-l-m,3,penalty_undesired_contact_active_fraction,0.0
g1_lafan,4728,4728,9600000,move-arms-0-0.7-l-m,3,penalty_feet_ori_mean,0.4110651910305023
g1_lafan,4728,4728,9600000,move-arms-0-0.7-l-m,3,penalty_feet_ori_active_fraction,1.0
g1_lafan,4728,4728,9600000,move-arms-0-0.7-l-m,3,penalty_ankle_roll_mean,0.1366816759109497
g1_lafan,4728,4728,9600000,move-arms-0-0.7-l-m,3,penalty_ankle_roll_active_fraction,1.0
g1_lafan,4728,4728,9600000,move-arms-0-0.7-l-m,3,penalty_slippage_mean,0.40405726432800293
g1_lafan,4728,4728,9600000,move-arms-0-0.7-l-m,3,penalty_slippage_active_fraction,1.0
g1_lafan,4728,4728,9600000,move-arms-0-0.7-l-m,4,return,52.77031707763672
g1_lafan,4728,4728,9600000,move-arms-0-0.7-l-m,4,auxiliary_cost,1.7821210622787476
g1_lafan,4728,4728,9600000,move-arms-0-0.7-l-m,4,safety_violation_rate,1.0
g1_lafan,4728,4728,9600000,move-arms-0-0.7-l-m,4,termination_rate,0.0
g1_lafan,4728,4728,9600000,move-arms-0-0.7-l-m,4,action_l2,2.7720696926116943
g1_lafan,4728,4728,9600000,move-arms-0-0.7-l-m,4,penalty_torques_mean,7694.55712890625
g1_lafan,4728,4728,9600000,move-arms-0-0.7-l-m,4,penalty_torques_active_fraction,1.0
g1_lafan,4728,4728,9600000,move-arms-0-0.7-l-m,4,penalty_action_rate_mean,1.8225653171539307
g1_lafan,4728,4728,9600000,move-arms-0-0.7-l-m,4,penalty_action_rate_active_fraction,1.0
g1_lafan,4728,4728,9600000,move-arms-0-0.7-l-m,4,limits_dof_pos_mean,0.024986878037452698
g1_lafan,4728,4728,9600000,move-arms-0-0.7-l-m,4,limits_dof_pos_active_fraction,1.0
g1_lafan,4728,4728,9600000,move-arms-0-0.7-l-m,4,limits_torque_mean,4.852762699127197
g1_lafan,4728,4728,9600000,move-arms-0-0.7-l-m,4,limits_torque_active_fraction,0.9880000352859497
g1_lafan,4728,4728,9600000,move-arms-0-0.7-l-m,4,penalty_undesired_contact_mean,0.0
g1_lafan,4728,4728,9600000,move-arms-0-0.7-l-m,4,penalty_undesired_contact_active_fraction,0.0
g1_lafan,4728,4728,9600000,move-arms-0-0.7-l-m,4,penalty_feet_ori_mean,0.32542386651039124
g1_lafan,4728,4728,9600000,move-arms-0-0.7-l-m,4,penalty_feet_ori_active_fraction,0.9860000610351562
g1_lafan,4728,4728,9600000,move-arms-0-0.7-l-m,4,penalty_ankle_roll_mean,0.13565833866596222
g1_lafan,4728,4728,9600000,move-arms-0-0.7-l-m,4,penalty_ankle_roll_active_fraction,1.0
g1_lafan,4728,4728,9600000,move-arms-0-0.7-l-m,4,penalty_slippage_mean,0.33859625458717346
g1_lafan,4728,4728,9600000,move-arms-0-0.7-l-m,4,penalty_slippage_active_fraction,0.9860000610351562
g1_lafan,4728,4728,9600000,move-arms-0-0.7-l-m,5,return,97.98709869384766
g1_lafan,4728,4728,9600000,move-arms-0-0.7-l-m,5,auxiliary_cost,2.157745838165283
g1_lafan,4728,4728,9600000,move-arms-0-0.7-l-m,5,safety_violation_rate,1.0
g1_lafan,4728,4728,9600000,move-arms-0-0.7-l-m,5,termination_rate,0.0
g1_lafan,4728,4728,9600000,move-arms-0-0.7-l-m,5,action_l2,2.857450246810913
g1_lafan,4728,4728,9600000,move-arms-0-0.7-l-m,5,penalty_torques_mean,9249.220703125
g1_lafan,4728,4728,9600000,move-arms-0-0.7-l-m,5,penalty_torques_active_fraction,1.0
g1_lafan,4728,4728,9600000,move-arms-0-0.7-l-m,5,penalty_action_rate_mean,3.204583168029785
g1_lafan,4728,4728,9600000,move-arms-0-0.7-l-m,5,penalty_action_rate_active_fraction,1.0
g1_lafan,4728,4728,9600000,move-arms-0-0.7-l-m,5,limits_dof_pos_mean,0.029893647879362106
g1_lafan,4728,4728,9600000,move-arms-0-0.7-l-m,5,limits_dof_pos_active_fraction,1.0
g1_lafan,4728,4728,9600000,move-arms-0-0.7-l-m,5,limits_torque_mean,5.191250324249268
g1_lafan,4728,4728,9600000,move-arms-0-0.7-l-m,5,limits_torque_active_fraction,0.9980000257492065
g1_lafan,4728,4728,9600000,move-arms-0-0.7-l-m,5,penalty_undesired_contact_mean,0.014000000432133675
g1_lafan,4728,4728,9600000,move-arms-0-0.7-l-m,5,penalty_undesired_contact_active_fraction,0.014000000432133675
g1_lafan,4728,4728,9600000,move-arms-0-0.7-l-m,5,penalty_feet_ori_mean,0.36183568835258484
g1_lafan,4728,4728,9600000,move-arms-0-0.7-l-m,5,penalty_feet_ori_active_fraction,0.9720000624656677
g1_lafan,4728,4728,9600000,move-arms-0-0.7-l-m,5,penalty_ankle_roll_mean,0.13646724820137024
g1_lafan,4728,4728,9600000,move-arms-0-0.7-l-m,5,penalty_ankle_roll_active_fraction,1.0
g1_lafan,4728,4728,9600000,move-arms-0-0.7-l-m,5,penalty_slippage_mean,0.4168737232685089
g1_lafan,4728,4728,9600000,move-arms-0-0.7-l-m,5,penalty_slippage_active_fraction,0.9720000624656677
g1_lafan,4728,4728,9600000,move-arms-0-0.7-l-m,6,return,63.03840637207031
g1_lafan,4728,4728,9600000,move-arms-0-0.7-l-m,6,auxiliary_cost,2.16033673286438
g1_lafan,4728,4728,9600000,move-arms-0-0.7-l-m,6,safety_violation_rate,1.0
g1_lafan,4728,4728,9600000,move-arms-0-0.7-l-m,6,termination_rate,0.0
g1_lafan,4728,4728,9600000,move-arms-0-0.7-l-m,6,action_l2,2.8278818130493164
g1_lafan,4728,4728,9600000,move-arms-0-0.7-l-m,6,penalty_torques_mean,9332.134765625
g1_lafan,4728,4728,9600000,move-arms-0-0.7-l-m,6,penalty_torques_active_fraction,1.0
g1_lafan,4728,4728,9600000,move-arms-0-0.7-l-m,6,penalty_action_rate_mean,2.731978178024292
g1_lafan,4728,4728,9600000,move-arms-0-0.7-l-m,6,penalty_action_rate_active_fraction,1.0
g1_lafan,4728,4728,9600000,move-arms-0-0.7-l-m,6,limits_dof_pos_mean,0.027051130309700966
g1_lafan,4728,4728,9600000,move-arms-0-0.7-l-m,6,limits_dof_pos_active_fraction,1.0
g1_lafan,4728,4728,9600000,move-arms-0-0.7-l-m,6,limits_torque_mean,5.415427207946777
g1_lafan,4728,4728,9600000,move-arms-0-0.7-l-m,6,limits_torque_active_fraction,1.0
g1_lafan,4728,4728,9600000,move-arms-0-0.7-l-m,6,penalty_undesired_contact_mean,0.036000002175569534
g1_lafan,4728,4728,9600000,move-arms-0-0.7-l-m,6,penalty_undesired_contact_active_fraction,0.036000002175569534
g1_lafan,4728,4728,9600000,move-arms-0-0.7-l-m,6,penalty_feet_ori_mean,0.3863808810710907
g1_lafan,4728,4728,9600000,move-arms-0-0.7-l-m,6,penalty_feet_ori_active_fraction,0.9800000190734863
g1_lafan,4728,4728,9600000,move-arms-0-0.7-l-m,6,penalty_ankle_roll_mean,0.13663515448570251
g1_lafan,4728,4728,9600000,move-arms-0-0.7-l-m,6,penalty_ankle_roll_active_fraction,1.0
g1_lafan,4728,4728,9600000,move-arms-0-0.7-l-m,6,penalty_slippage_mean,0.43976712226867676
g1_lafan,4728,4728,9600000,move-arms-0-0.7-l-m,6,penalty_slippage_active_fraction,0.9800000190734863
g1_lafan,4728,4728,9600000,move-arms-0-0.7-l-m,7,return,73.80979919433594
g1_lafan,4728,4728,9600000,move-arms-0-0.7-l-m,7,auxiliary_cost,2.122653007507324
g1_lafan,4728,4728,9600000,move-arms-0-0.7-l-m,7,safety_violation_rate,1.0
g1_lafan,4728,4728,9600000,move-arms-0-0.7-l-m,7,termination_rate,0.0
g1_lafan,4728,4728,9600000,move-arms-0-0.7-l-m,7,action_l2,2.811018943786621
g1_lafan,4728,4728,9600000,move-arms-0-0.7-l-m,7,penalty_torques_mean,8735.689453125
g1_lafan,4728,4728,9600000,move-arms-0-0.7-l-m,7,penalty_torques_active_fraction,1.0
g1_lafan,4728,4728,9600000,move-arms-0-0.7-l-m,7,penalty_action_rate_mean,2.717815399169922
g1_lafan,4728,4728,9600000,move-arms-0-0.7-l-m,7,penalty_action_rate_active_fraction,1.0
g1_lafan,4728,4728,9600000,move-arms-0-0.7-l-m,7,limits_dof_pos_mean,0.028480347245931625
g1_lafan,4728,4728,9600000,move-arms-0-0.7-l-m,7,limits_dof_pos_active_fraction,1.0
g1_lafan,4728,4728,9600000,move-arms-0-0.7-l-m,7,limits_torque_mean,5.194632530212402
g1_lafan,4728,4728,9600000,move-arms-0-0.7-l-m,7,limits_torque_active_fraction,1.0
g1_lafan,4728,4728,9600000,move-arms-0-0.7-l-m,7,penalty_undesired_contact_mean,0.04200000315904617
g1_lafan,4728,4728,9600000,move-arms-0-0.7-l-m,7,penalty_undesired_contact_active_fraction,0.04200000315904617
g1_lafan,4728,4728,9600000,move-arms-0-0.7-l-m,7,penalty_feet_ori_mean,0.36447352170944214
g1_lafan,4728,4728,9600000,move-arms-0-0.7-l-m,7,penalty_feet_ori_active_fraction,0.9460000395774841
g1_lafan,4728,4728,9600000,move-arms-0-0.7-l-m,7,penalty_ankle_roll_mean,0.13658860325813293
g1_lafan,4728,4728,9600000,move-arms-0-0.7-l-m,7,penalty_ankle_roll_active_fraction,1.0
g1_lafan,4728,4728,9600000,move-arms-0-0.7-l-m,7,penalty_slippage_mean,0.41596102714538574
g1_lafan,4728,4728,9600000,move-arms-0-0.7-l-m,7,penalty_slippage_active_fraction,0.9460000395774841
g1_lafan,4728,4728,9600000,move-arms-0-0.7-l-m,8,return,97.03746795654297
g1_lafan,4728,4728,9600000,move-arms-0-0.7-l-m,8,auxiliary_cost,1.7274411916732788
g1_lafan,4728,4728,9600000,move-arms-0-0.7-l-m,8,safety_violation_rate,0.9980000257492065
g1_lafan,4728,4728,9600000,move-arms-0-0.7-l-m,8,termination_rate,0.0
g1_lafan,4728,4728,9600000,move-arms-0-0.7-l-m,8,action_l2,2.8067429065704346
g1_lafan,4728,4728,9600000,move-arms-0-0.7-l-m,8,penalty_torques_mean,7749.0185546875
g1_lafan,4728,4728,9600000,move-arms-0-0.7-l-m,8,penalty_torques_active_fraction,1.0
g1_lafan,4728,4728,9600000,move-arms-0-0.7-l-m,8,penalty_action_rate_mean,1.6772338151931763
g1_lafan,4728,4728,9600000,move-arms-0-0.7-l-m,8,penalty_action_rate_active_fraction,1.0
g1_lafan,4728,4728,9600000,move-arms-0-0.7-l-m,8,limits_dof_pos_mean,0.025289442390203476
g1_lafan,4728,4728,9600000,move-arms-0-0.7-l-m,8,limits_dof_pos_active_fraction,0.9980000257492065
g1_lafan,4728,4728,9600000,move-arms-0-0.7-l-m,8,limits_torque_mean,4.9656829833984375
g1_lafan,4728,4728,9600000,move-arms-0-0.7-l-m,8,limits_torque_active_fraction,0.9960000514984131
g1_lafan,4728,4728,9600000,move-arms-0-0.7-l-m,8,penalty_undesired_contact_mean,0.0
g1_lafan,4728,4728,9600000,move-arms-0-0.7-l-m,8,penalty_undesired_contact_active_fraction,0.0
g1_lafan,4728,4728,9600000,move-arms-0-0.7-l-m,8,penalty_feet_ori_mean,0.3379068970680237
g1_lafan,4728,4728,9600000,move-arms-0-0.7-l-m,8,penalty_feet_ori_active_fraction,0.9960000514984131
g1_lafan,4728,4728,9600000,move-arms-0-0.7-l-m,8,penalty_ankle_roll_mean,0.1364695131778717
g1_lafan,4728,4728,9600000,move-arms-0-0.7-l-m,8,penalty_ankle_roll_active_fraction,1.0
g1_lafan,4728,4728,9600000,move-arms-0-0.7-l-m,8,penalty_slippage_mean,0.3128911554813385
g1_lafan,4728,4728,9600000,move-arms-0-0.7-l-m,8,penalty_slippage_active_fraction,0.9960000514984131
g1_lafan,4728,4728,9600000,move-arms-0-0.7-l-m,9,return,75.86572265625
g1_lafan,4728,4728,9600000,move-arms-0-0.7-l-m,9,auxiliary_cost,1.8422971963882446
g1_lafan,4728,4728,9600000,move-arms-0-0.7-l-m,9,safety_violation_rate,0.9980000257492065
g1_lafan,4728,4728,9600000,move-arms-0-0.7-l-m,9,termination_rate,0.0
g1_lafan,4728,4728,9600000,move-arms-0-0.7-l-m,9,action_l2,2.81917667388916
g1_lafan,4728,4728,9600000,move-arms-0-0.7-l-m,9,penalty_torques_mean,7959.88671875
g1_lafan,4728,4728,9600000,move-arms-0-0.7-l-m,9,penalty_torques_active_fraction,1.0
g1_lafan,4728,4728,9600000,move-arms-0-0.7-l-m,9,penalty_action_rate_mean,1.7140452861785889
g1_lafan,4728,4728,9600000,move-arms-0-0.7-l-m,9,penalty_action_rate_active_fraction,1.0
g1_lafan,4728,4728,9600000,move-arms-0-0.7-l-m,9,limits_dof_pos_mean,0.025348151102662086
g1_lafan,4728,4728,9600000,move-arms-0-0.7-l-m,9,limits_dof_pos_active_fraction,0.9980000257492065
g1_lafan,4728,4728,9600000,move-arms-0-0.7-l-m,9,limits_torque_mean,5.05624532699585
g1_lafan,4728,4728,9600000,move-arms-0-0.7-l-m,9,limits_torque_active_fraction,0.9980000257492065
g1_lafan,4728,4728,9600000,move-arms-0-0.7-l-m,9,penalty_undesired_contact_mean,0.0
g1_lafan,4728,4728,9600000,move-arms-0-0.7-l-m,9,penalty_undesired_contact_active_fraction,0.0
g1_lafan,4728,4728,9600000,move-arms-0-0.7-l-m,9,penalty_feet_ori_mean,0.36544039845466614
g1_lafan,4728,4728,9600000,move-arms-0-0.7-l-m,9,penalty_feet_ori_active_fraction,0.9940000176429749
g1_lafan,4728,4728,9600000,move-arms-0-0.7-l-m,9,penalty_ankle_roll_mean,0.13640539348125458
g1_lafan,4728,4728,9600000,move-arms-0-0.7-l-m,9,penalty_ankle_roll_active_fraction,1.0
g1_lafan,4728,4728,9600000,move-arms-0-0.7-l-m,9,penalty_slippage_mean,0.36280736327171326
g1_lafan,4728,4728,9600000,move-arms-0-0.7-l-m,9,penalty_slippage_active_fraction,0.9940000176429749
g1_lafan,4728,4728,9600000,move-arms-90-0.7-l-m,0,return,56.98405456542969
g1_lafan,4728,4728,9600000,move-arms-90-0.7-l-m,0,auxiliary_cost,2.5347466468811035
g1_lafan,4728,4728,9600000,move-arms-90-0.7-l-m,0,safety_violation_rate,1.0
g1_lafan,4728,4728,9600000,move-arms-90-0.7-l-m,0,termination_rate,0.0
g1_lafan,4728,4728,9600000,move-arms-90-0.7-l-m,0,action_l2,2.778731107711792
g1_lafan,4728,4728,9600000,move-arms-90-0.7-l-m,0,penalty_torques_mean,8764.84765625
g1_lafan,4728,4728,9600000,move-arms-90-0.7-l-m,0,penalty_torques_active_fraction,1.0
g1_lafan,4728,4728,9600000,move-arms-90-0.7-l-m,0,penalty_action_rate_mean,3.0580437183380127
g1_lafan,4728,4728,9600000,move-arms-90-0.7-l-m,0,penalty_action_rate_active_fraction,1.0
g1_lafan,4728,4728,9600000,move-arms-90-0.7-l-m,0,limits_dof_pos_mean,0.027793506160378456
g1_lafan,4728,4728,9600000,move-arms-90-0.7-l-m,0,limits_dof_pos_active_fraction,1.0
g1_lafan,4728,4728,9600000,move-arms-90-0.7-l-m,0,limits_torque_mean,5.386411190032959
g1_lafan,4728,4728,9600000,move-arms-90-0.7-l-m,0,limits_torque_active_fraction,0.9980000257492065
g1_lafan,4728,4728,9600000,move-arms-90-0.7-l-m,0,penalty_undesired_contact_mean,0.03400000184774399
g1_lafan,4728,4728,9600000,move-arms-90-0.7-l-m,0,penalty_undesired_contact_active_fraction,0.03400000184774399
g1_lafan,4728,4728,9600000,move-arms-90-0.7-l-m,0,penalty_feet_ori_mean,0.3563345968723297
g1_lafan,4728,4728,9600000,move-arms-90-0.7-l-m,0,penalty_feet_ori_active_fraction,0.968000054359436
g1_lafan,4728,4728,9600000,move-arms-90-0.7-l-m,0,penalty_ankle_roll_mean,0.13711272180080414
g1_lafan,4728,4728,9600000,move-arms-90-0.7-l-m,0,penalty_ankle_roll_active_fraction,1.0
g1_lafan,4728,4728,9600000,move-arms-90-0.7-l-m,0,penalty_slippage_mean,0.613012433052063
g1_lafan,4728,4728,9600000,move-arms-90-0.7-l-m,0,penalty_slippage_active_fraction,0.968000054359436
g1_lafan,4728,4728,9600000,move-arms-90-0.7-l-m,1,return,49.53902053833008
g1_lafan,4728,4728,9600000,move-arms-90-0.7-l-m,1,auxiliary_cost,2.5180444717407227
g1_lafan,4728,4728,9600000,move-arms-90-0.7-l-m,1,safety_violation_rate,0.9980000257492065
g1_lafan,4728,4728,9600000,move-arms-90-0.7-l-m,1,termination_rate,0.0
g1_lafan,4728,4728,9600000,move-arms-90-0.7-l-m,1,action_l2,2.7714614868164062
g1_lafan,4728,4728,9600000,move-arms-90-0.7-l-m,1,penalty_torques_mean,8233.5302734375
g1_lafan,4728,4728,9600000,move-arms-90-0.7-l-m,1,penalty_torques_active_fraction,1.0
g1_lafan,4728,4728,9600000,move-arms-90-0.7-l-m,1,penalty_action_rate_mean,2.210517406463623
g1_lafan,4728,4728,9600000,move-arms-90-0.7-l-m,1,penalty_action_rate_active_fraction,1.0
g1_lafan,4728,4728,9600000,move-arms-90-0.7-l-m,1,limits_dof_pos_mean,0.025805464014410973
g1_lafan,4728,4728,9600000,move-arms-90-0.7-l-m,1,limits_dof_pos_active_fraction,0.9980000257492065
g1_lafan,4728,4728,9600000,move-arms-90-0.7-l-m,1,limits_torque_mean,5.311356544494629
g1_lafan,4728,4728,9600000,move-arms-90-0.7-l-m,1,limits_torque_active_fraction,0.9960000514984131
g1_lafan,4728,4728,9600000,move-arms-90-0.7-l-m,1,penalty_undesired_contact_mean,0.0
g1_lafan,4728,4728,9600000,move-arms-90-0.7-l-m,1,penalty_undesired_contact_active_fraction,0.0
g1_lafan,4728,4728,9600000,move-arms-90-0.7-l-m,1,penalty_feet_ori_mean,0.44414186477661133
g1_lafan,4728,4728,9600000,move-arms-90-0.7-l-m,1,penalty_feet_ori_active_fraction,0.9980000257492065
g1_lafan,4728,4728,9600000,move-arms-90-0.7-l-m,1,penalty_ankle_roll_mean,0.1358279287815094
g1_lafan,4728,4728,9600000,move-arms-90-0.7-l-m,1,penalty_ankle_roll_active_fraction,1.0
g1_lafan,4728,4728,9600000,move-arms-90-0.7-l-m,1,penalty_slippage_mean,0.6589855551719666
g1_lafan,4728,4728,9600000,move-arms-90-0.7-l-m,1,penalty_slippage_active_fraction,0.9980000257492065
g1_lafan,4728,4728,9600000,move-arms-90-0.7-l-m,2,return,112.11420440673828
g1_lafan,4728,4728,9600000,move-arms-90-0.7-l-m,2,auxiliary_cost,2.688392400741577
g1_lafan,4728,4728,9600000,move-arms-90-0.7-l-m,2,safety_violation_rate,1.0
g1_lafan,4728,4728,9600000,move-arms-90-0.7-l-m,2,termination_rate,0.0
g1_lafan,4728,4728,9600000,move-arms-90-0.7-l-m,2,action_l2,2.8601748943328857
g1_lafan,4728,4728,9600000,move-arms-90-0.7-l-m,2,penalty_torques_mean,9806.52734375
g1_lafan,4728,4728,9600000,move-arms-90-0.7-l-m,2,penalty_torques_active_fraction,1.0
g1_lafan,4728,4728,9600000,move-arms-90-0.7-l-m,2,penalty_action_rate_mean,3.410200595855713
g1_lafan,4728,4728,9600000,move-arms-90-0.7-l-m,2,penalty_action_rate_active_fraction,1.0
g1_lafan,4728,4728,9600000,move-arms-90-0.7-l-m,2,limits_dof_pos_mean,0.02803405560553074
g1_lafan,4728,4728,9600000,move-arms-90-0.7-l-m,2,limits_dof_pos_active_fraction,0.9980000257492065
g1_lafan,4728,4728,9600000,move-arms-90-0.7-l-m,2,limits_torque_mean,5.488656520843506
g1_lafan,4728,4728,9600000,move-arms-90-0.7-l-m,2,limits_torque_active_fraction,1.0
g1_lafan,4728,4728,9600000,move-arms-90-0.7-l-m,2,penalty_undesired_contact_mean,0.010000000707805157
g1_lafan,4728,4728,9600000,move-arms-90-0.7-l-m,2,penalty_undesired_contact_active_fraction,0.010000000707805157
g1_lafan,4728,4728,9600000,move-arms-90-0.7-l-m,2,penalty_feet_ori_mean,0.4224258065223694
g1_lafan,4728,4728,9600000,move-arms-90-0.7-l-m,2,penalty_feet_ori_active_fraction,0.9800000190734863
g1_lafan,4728,4728,9600000,move-arms-90-0.7-l-m,2,penalty_ankle_roll_mean,0.13669393956661224
g1_lafan,4728,4728,9600000,move-arms-90-0.7-l-m,2,penalty_ankle_roll_active_fraction,1.0
g1_lafan,4728,4728,9600000,move-arms-90-0.7-l-m,2,penalty_slippage_mean,0.6706430315971375
g1_lafan,4728,4728,9600000,move-arms-90-0.7-l-m,2,penalty_slippage_active_fraction,0.9800000190734863
g1_lafan,4728,4728,9600000,move-arms-90-0.7-l-m,3,return,102.85346984863281
g1_lafan,4728,4728,9600000,move-arms-90-0.7-l-m,3,auxiliary_cost,2.2534937858581543
g1_lafan,4728,4728,9600000,move-arms-90-0.7-l-m,3,safety_violation_rate,1.0
g1_lafan,4728,4728,9600000,move-arms-90-0.7-l-m,3,termination_rate,0.0
g1_lafan,4728,4728,9600000,move-arms-90-0.7-l-m,3,action_l2,2.8094289302825928
g1_lafan,4728,4728,9600000,move-arms-90-0.7-l-m,3,penalty_torques_mean,8795.5576171875
g1_lafan,4728,4728,9600000,move-arms-90-0.7-l-m,3,penalty_torques_active_fraction,1.0
g1_lafan,4728,4728,9600000,move-arms-90-0.7-l-m,3,penalty_action_rate_mean,2.7280702590942383
g1_lafan,4728,4728,9600000,move-arms-90-0.7-l-m,3,penalty_action_rate_active_fraction,1.0
g1_lafan,4728,4728,9600000,move-arms-90-0.7-l-m,3,limits_dof_pos_mean,0.02931579202413559
g1_lafan,4728,4728,9600000,move-arms-90-0.7-l-m,3,limits_dof_pos_active_fraction,0.9980000257492065
g1_lafan,4728,4728,9600000,move-arms-90-0.7-l-m,3,limits_torque_mean,5.390124320983887
g1_lafan,4728,4728,9600000,move-arms-90-0.7-l-m,3,limits_torque_active_fraction,0.9980000257492065
g1_lafan,4728,4728,9600000,move-arms-90-0.7-l-m,3,penalty_undesired_contact_mean,0.0020000000949949026
g1_lafan,4728,4728,9600000,move-arms-90-0.7-l-m,3,penalty_undesired_contact_active_fraction,0.0020000000949949026
g1_lafan,4728,4728,9600000,move-arms-90-0.7-l-m,3,penalty_feet_ori_mean,0.3573525846004486
g1_lafan,4728,4728,9600000,move-arms-90-0.7-l-m,3,penalty_feet_ori_active_fraction,0.984000027179718
g1_lafan,4728,4728,9600000,move-arms-90-0.7-l-m,3,penalty_ankle_roll_mean,0.13680647313594818
g1_lafan,4728,4728,9600000,move-arms-90-0.7-l-m,3,penalty_ankle_roll_active_fraction,1.0
g1_lafan,4728,4728,9600000,move-arms-90-0.7-l-m,3,penalty_slippage_mean,0.4976811408996582
g1_lafan,4728,4728,9600000,move-arms-90-0.7-l-m,3,penalty_slippage_active_fraction,0.984000027179718
g1_lafan,4728,4728,9600000,move-arms-90-0.7-l-m,4,return,108.90866088867188
g1_lafan,4728,4728,9600000,move-arms-90-0.7-l-m,4,auxiliary_cost,2.5701992511749268
g1_lafan,4728,4728,9600000,move-arms-90-0.7-l-m,4,safety_violation_rate,1.0
g1_lafan,4728,4728,9600000,move-arms-90-0.7-l-m,4,termination_rate,0.0
g1_lafan,4728,4728,9600000,move-arms-90-0.7-l-m,4,action_l2,2.894282817840576
g1_lafan,4728,4728,9600000,move-arms-90-0.7-l-m,4,penalty_torques_mean,9653.3701171875
g1_lafan,4728,4728,9600000,move-arms-90-0.7-l-m,4,penalty_torques_active_fraction,1.0
g1_lafan,4728,4728,9600000,move-arms-90-0.7-l-m,4,penalty_action_rate_mean,3.591801404953003
g1_lafan,4728,4728,9600000,move-arms-90-0.7-l-m,4,penalty_action_rate_active_fraction,1.0
g1_lafan,4728,4728,9600000,move-arms-90-0.7-l-m,4,limits_dof_pos_mean,0.0424211211502552
g1_lafan,4728,4728,9600000,move-arms-90-0.7-l-m,4,limits_dof_pos_active_fraction,1.0
g1_lafan,4728,4728,9600000,move-arms-90-0.7-l-m,4,limits_torque_mean,5.559136390686035
g1_lafan,4728,4728,9600000,move-arms-90-0.7-l-m,4,limits_torque_active_fraction,1.0
g1_lafan,4728,4728,9600000,move-arms-90-0.7-l-m,4,penalty_undesired_contact_mean,0.03400000184774399
g1_lafan,4728,4728,9600000,move-arms-90-0.7-l-m,4,penalty_undesired_contact_active_fraction,0.03400000184774399
g1_lafan,4728,4728,9600000,move-arms-90-0.7-l-m,4,penalty_feet_ori_mean,0.3610069751739502
g1_lafan,4728,4728,9600000,move-arms-90-0.7-l-m,4,penalty_feet_ori_active_fraction,0.9700000286102295
g1_lafan,4728,4728,9600000,move-arms-90-0.7-l-m,4,penalty_ankle_roll_mean,0.13681137561798096
g1_lafan,4728,4728,9600000,move-arms-90-0.7-l-m,4,penalty_ankle_roll_active_fraction,1.0
g1_lafan,4728,4728,9600000,move-arms-90-0.7-l-m,4,penalty_slippage_mean,0.530580461025238
g1_lafan,4728,4728,9600000,move-arms-90-0.7-l-m,4,penalty_slippage_active_fraction,0.9700000286102295
g1_lafan,4728,4728,9600000,move-arms-90-0.7-l-m,5,return,109.84220886230469
g1_lafan,4728,4728,9600000,move-arms-90-0.7-l-m,5,auxiliary_cost,2.5072245597839355
g1_lafan,4728,4728,9600000,move-arms-90-0.7-l-m,5,safety_violation_rate,1.0
g1_lafan,4728,4728,9600000,move-arms-90-0.7-l-m,5,termination_rate,0.0
g1_lafan,4728,4728,9600000,move-arms-90-0.7-l-m,5,action_l2,2.7358007431030273
g1_lafan,4728,4728,9600000,move-arms-90-0.7-l-m,5,penalty_torques_mean,8066.46923828125
g1_lafan,4728,4728,9600000,move-arms-90-0.7-l-m,5,penalty_torques_active_fraction,1.0
g1_lafan,4728,4728,9600000,move-arms-90-0.7-l-m,5,penalty_action_rate_mean,2.2656614780426025
g1_lafan,4728,4728,9600000,move-arms-90-0.7-l-m,5,penalty_action_rate_active_fraction,1.0
g1_lafan,4728,4728,9600000,move-arms-90-0.7-l-m,5,limits_dof_pos_mean,0.026043711230158806
g1_lafan,4728,4728,9600000,move-arms-90-0.7-l-m,5,limits_dof_pos_active_fraction,0.9980000257492065
g1_lafan,4728,4728,9600000,move-arms-90-0.7-l-m,5,limits_torque_mean,5.368105888366699
g1_lafan,4728,4728,9600000,move-arms-90-0.7-l-m,5,limits_torque_active_fraction,0.9980000257492065
g1_lafan,4728,4728,9600000,move-arms-90-0.7-l-m,5,penalty_undesired_contact_mean,0.0
g1_lafan,4728,4728,9600000,move-arms-90-0.7-l-m,5,penalty_undesired_contact_active_fraction,0.0
g1_lafan,4728,4728,9600000,move-arms-90-0.7-l-m,5,penalty_feet_ori_mean,0.38801249861717224
g1_lafan,4728,4728,9600000,move-arms-90-0.7-l-m,5,penalty_feet_ori_active_fraction,1.0
g1_lafan,4728,4728,9600000,move-arms-90-0.7-l-m,5,penalty_ankle_roll_mean,0.1368265151977539
g1_lafan,4728,4728,9600000,move-arms-90-0.7-l-m,5,penalty_ankle_roll_active_fraction,1.0
g1_lafan,4728,4728,9600000,move-arms-90-0.7-l-m,5,penalty_slippage_mean,0.6588552594184875
g1_lafan,4728,4728,9600000,move-arms-90-0.7-l-m,5,penalty_slippage_active_fraction,1.0
g1_lafan,4728,4728,9600000,move-arms-90-0.7-l-m,6,return,58.01359939575195
g1_lafan,4728,4728,9600000,move-arms-90-0.7-l-m,6,auxiliary_cost,2.4620697498321533
g1_lafan,4728,4728,9600000,move-arms-90-0.7-l-m,6,safety_violation_rate,1.0
g1_lafan,4728,4728,9600000,move-arms-90-0.7-l-m,6,termination_rate,0.0
g1_lafan,4728,4728,9600000,move-arms-90-0.7-l-m,6,action_l2,2.7739779949188232
g1_lafan,4728,4728,9600000,move-arms-90-0.7-l-m,6,penalty_torques_mean,8166.314453125
g1_lafan,4728,4728,9600000,move-arms-90-0.7-l-m,6,penalty_torques_active_fraction,1.0
g1_lafan,4728,4728,9600000,move-arms-90-0.7-l-m,6,penalty_action_rate_mean,2.1313579082489014
g1_lafan,4728,4728,9600000,move-arms-90-0.7-l-m,6,penalty_action_rate_active_fraction,1.0
g1_lafan,4728,4728,9600000,move-arms-90-0.7-l-m,6,limits_dof_pos_mean,0.02632319927215576
g1_lafan,4728,4728,9600000,move-arms-90-0.7-l-m,6,limits_dof_pos_active_fraction,1.0
g1_lafan,4728,4728,9600000,move-arms-90-0.7-l-m,6,limits_torque_mean,5.272433280944824
g1_lafan,4728,4728,9600000,move-arms-90-0.7-l-m,6,limits_torque_active_fraction,0.9960000514984131
g1_lafan,4728,4728,9600000,move-arms-90-0.7-l-m,6,penalty_undesired_contact_mean,0.0
g1_lafan,4728,4728,9600000,move-arms-90-0.7-l-m,6,penalty_undesired_contact_active_fraction,0.0
g1_lafan,4728,4728,9600000,move-arms-90-0.7-l-m,6,penalty_feet_ori_mean,0.36392447352409363
g1_lafan,4728,4728,9600000,move-arms-90-0.7-l-m,6,penalty_feet_ori_active_fraction,1.0
g1_lafan,4728,4728,9600000,move-arms-90-0.7-l-m,6,penalty_ankle_roll_mean,0.13698554039001465
g1_lafan,4728,4728,9600000,move-arms-90-0.7-l-m,6,penalty_ankle_roll_active_fraction,1.0
g1_lafan,4728,4728,9600000,move-arms-90-0.7-l-m,6,penalty_slippage_mean,0.6460944414138794
g1_lafan,4728,4728,9600000,move-arms-90-0.7-l-m,6,penalty_slippage_active_fraction,1.0
g1_lafan,4728,4728,9600000,move-arms-90-0.7-l-m,7,return,94.8162841796875
g1_lafan,4728,4728,9600000,move-arms-90-0.7-l-m,7,auxiliary_cost,2.556835889816284
g1_lafan,4728,4728,9600000,move-arms-90-0.7-l-m,7,safety_violation_rate,1.0
g1_lafan,4728,4728,9600000,move-arms-90-0.7-l-m,7,termination_rate,0.0
g1_lafan,4728,4728,9600000,move-arms-90-0.7-l-m,7,action_l2,2.828453302383423
g1_lafan,4728,4728,9600000,move-arms-90-0.7-l-m,7,penalty_torques_mean,9005.119140625
g1_lafan,4728,4728,9600000,move-arms-90-0.7-l-m,7,penalty_torques_active_fraction,1.0
g1_lafan,4728,4728,9600000,move-arms-90-0.7-l-m,7,penalty_action_rate_mean,3.6837565898895264
g1_lafan,4728,4728,9600000,move-arms-90-0.7-l-m,7,penalty_action_rate_active_fraction,1.0
g1_lafan,4728,4728,9600000,move-arms-90-0.7-l-m,7,limits_dof_pos_mean,0.03341839089989662
g1_lafan,4728,4728,9600000,move-arms-90-0.7-l-m,7,limits_dof_pos_active_fraction,1.0
g1_lafan,4728,4728,9600000,move-arms-90-0.7-l-m,7,limits_torque_mean,5.604509353637695
g1_lafan,4728,4728,9600000,move-arms-90-0.7-l-m,7,limits_torque_active_fraction,1.0
g1_lafan,4728,4728,9600000,move-arms-90-0.7-l-m,7,penalty_undesired_contact_mean,0.01600000075995922
g1_lafan,4728,4728,9600000,move-arms-90-0.7-l-m,7,penalty_undesired_contact_active_fraction,0.01600000075995922
g1_lafan,4728,4728,9600000,move-arms-90-0.7-l-m,7,penalty_feet_ori_mean,0.3626052439212799
g1_lafan,4728,4728,9600000,move-arms-90-0.7-l-m,7,penalty_feet_ori_active_fraction,0.9620000720024109
g1_lafan,4728,4728,9600000,move-arms-90-0.7-l-m,7,penalty_ankle_roll_mean,0.13716836273670197
g1_lafan,4728,4728,9600000,move-arms-90-0.7-l-m,7,penalty_ankle_roll_active_fraction,1.0
g1_lafan,4728,4728,9600000,move-arms-90-0.7-l-m,7,penalty_slippage_mean,0.5722803473472595
g1_lafan,4728,4728,9600000,move-arms-90-0.7-l-m,7,penalty_slippage_active_fraction,0.9620000720024109
g1_lafan,4728,4728,9600000,move-arms-90-0.7-l-m,8,return,73.96309661865234
g1_lafan,4728,4728,9600000,move-arms-90-0.7-l-m,8,auxiliary_cost,2.027245044708252
g1_lafan,4728,4728,9600000,move-arms-90-0.7-l-m,8,safety_violation_rate,0.9960000514984131
g1_lafan,4728,4728,9600000,move-arms-90-0.7-l-m,8,termination_rate,0.0
g1_lafan,4728,4728,9600000,move-arms-90-0.7-l-m,8,action_l2,2.7447547912597656
g1_lafan,4728,4728,9600000,move-arms-90-0.7-l-m,8,penalty_torques_mean,7959.09619140625
g1_lafan,4728,4728,9600000,move-arms-90-0.7-l-m,8,penalty_torques_active_fraction,1.0
g1_lafan,4728,4728,9600000,move-arms-90-0.7-l-m,8,penalty_action_rate_mean,1.9485212564468384
g1_lafan,4728,4728,9600000,move-arms-90-0.7-l-m,8,penalty_action_rate_active_fraction,1.0
g1_lafan,4728,4728,9600000,move-arms-90-0.7-l-m,8,limits_dof_pos_mean,0.025940198451280594
g1_lafan,4728,4728,9600000,move-arms-90-0.7-l-m,8,limits_dof_pos_active_fraction,0.9960000514984131
g1_lafan,4728,4728,9600000,move-arms-90-0.7-l-m,8,limits_torque_mean,5.192497730255127
g1_lafan,4728,4728,9600000,move-arms-90-0.7-l-m,8,limits_torque_active_fraction,0.9940000176429749
g1_lafan,4728,4728,9600000,move-arms-90-0.7-l-m,8,penalty_undesired_contact_mean,0.0
g1_lafan,4728,4728,9600000,move-arms-90-0.7-l-m,8,penalty_undesired_contact_active_fraction,0.0
g1_lafan,4728,4728,9600000,move-arms-90-0.7-l-m,8,penalty_feet_ori_mean,0.34375420212745667
g1_lafan,4728,4728,9600000,move-arms-90-0.7-l-m,8,penalty_feet_ori_active_fraction,1.0
g1_lafan,4728,4728,9600000,move-arms-90-0.7-l-m,8,penalty_ankle_roll_mean,0.13654489815235138
g1_lafan,4728,4728,9600000,move-arms-90-0.7-l-m,8,penalty_ankle_roll_active_fraction,1.0
g1_lafan,4728,4728,9600000,move-arms-90-0.7-l-m,8,penalty_slippage_mean,0.44465529918670654
g1_lafan,4728,4728,9600000,move-arms-90-0.7-l-m,8,penalty_slippage_active_fraction,1.0
g1_lafan,4728,4728,9600000,move-arms-90-0.7-l-m,9,return,98.09749603271484
g1_lafan,4728,4728,9600000,move-arms-90-0.7-l-m,9,auxiliary_cost,2.3794195652008057
g1_lafan,4728,4728,9600000,move-arms-90-0.7-l-m,9,safety_violation_rate,1.0
g1_lafan,4728,4728,9600000,move-arms-90-0.7-l-m,9,termination_rate,0.0
g1_lafan,4728,4728,9600000,move-arms-90-0.7-l-m,9,action_l2,2.849191188812256
g1_lafan,4728,4728,9600000,move-arms-90-0.7-l-m,9,penalty_torques_mean,8816.8662109375
g1_lafan,4728,4728,9600000,move-arms-90-0.7-l-m,9,penalty_torques_active_fraction,1.0
g1_lafan,4728,4728,9600000,move-arms-90-0.7-l-m,9,penalty_action_rate_mean,2.797957420349121
g1_lafan,4728,4728,9600000,move-arms-90-0.7-l-m,9,penalty_action_rate_active_fraction,1.0
g1_lafan,4728,4728,9600000,move-arms-90-0.7-l-m,9,limits_dof_pos_mean,0.027554430067539215
g1_lafan,4728,4728,9600000,move-arms-90-0.7-l-m,9,limits_dof_pos_active_fraction,1.0
g1_lafan,4728,4728,9600000,move-arms-90-0.7-l-m,9,limits_torque_mean,5.531779766082764
g1_lafan,4728,4728,9600000,move-arms-90-0.7-l-m,9,limits_torque_active_fraction,1.0
g1_lafan,4728,4728,9600000,move-arms-90-0.7-l-m,9,penalty_undesired_contact_mean,0.00800000037997961
g1_lafan,4728,4728,9600000,move-arms-90-0.7-l-m,9,penalty_undesired_contact_active_fraction,0.00800000037997961
g1_lafan,4728,4728,9600000,move-arms-90-0.7-l-m,9,penalty_feet_ori_mean,0.3861471712589264
g1_lafan,4728,4728,9600000,move-arms-90-0.7-l-m,9,penalty_feet_ori_active_fraction,0.9820000529289246
g1_lafan,4728,4728,9600000,move-arms-90-0.7-l-m,9,penalty_ankle_roll_mean,0.13693556189537048
g1_lafan,4728,4728,9600000,move-arms-90-0.7-l-m,9,penalty_ankle_roll_active_fraction,1.0
g1_lafan,4728,4728,9600000,move-arms-90-0.7-l-m,9,penalty_slippage_mean,0.5569385290145874
g1_lafan,4728,4728,9600000,move-arms-90-0.7-l-m,9,penalty_slippage_active_fraction,0.9820000529289246
g1_lafan,4728,4728,9600000,move-arms-180-0.4-l-m,0,return,230.55604553222656
g1_lafan,4728,4728,9600000,move-arms-180-0.4-l-m,0,auxiliary_cost,1.6472595930099487
g1_lafan,4728,4728,9600000,move-arms-180-0.4-l-m,0,safety_violation_rate,1.0
g1_lafan,4728,4728,9600000,move-arms-180-0.4-l-m,0,termination_rate,0.0
g1_lafan,4728,4728,9600000,move-arms-180-0.4-l-m,0,action_l2,2.531254768371582
g1_lafan,4728,4728,9600000,move-arms-180-0.4-l-m,0,penalty_torques_mean,5773.97265625
g1_lafan,4728,4728,9600000,move-arms-180-0.4-l-m,0,penalty_torques_active_fraction,1.0
g1_lafan,4728,4728,9600000,move-arms-180-0.4-l-m,0,penalty_action_rate_mean,2.109361410140991
g1_lafan,4728,4728,9600000,move-arms-180-0.4-l-m,0,penalty_action_rate_active_fraction,1.0
g1_lafan,4728,4728,9600000,move-arms-180-0.4-l-m,0,limits_dof_pos_mean,0.022344855591654778
g1_lafan,4728,4728,9600000,move-arms-180-0.4-l-m,0,limits_dof_pos_active_fraction,0.9980000257492065
g1_lafan,4728,4728,9600000,move-arms-180-0.4-l-m,0,limits_torque_mean,1.1669565439224243
g1_lafan,4728,4728,9600000,move-arms-180-0.4-l-m,0,limits_torque_active_fraction,0.4240000247955322
g1_lafan,4728,4728,9600000,move-arms-180-0.4-l-m,0,penalty_undesired_contact_mean,0.0
g1_lafan,4728,4728,9600000,move-arms-180-0.4-l-m,0,penalty_undesired_contact_active_fraction,0.0
g1_lafan,4728,4728,9600000,move-arms-180-0.4-l-m,0,penalty_feet_ori_mean,0.30170300602912903
g1_lafan,4728,4728,9600000,move-arms-180-0.4-l-m,0,penalty_feet_ori_active_fraction,0.9760000705718994
g1_lafan,4728,4728,9600000,move-arms-180-0.4-l-m,0,penalty_ankle_roll_mean,0.12709538638591766
g1_lafan,4728,4728,9600000,move-arms-180-0.4-l-m,0,penalty_ankle_roll_active_fraction,1.0
g1_lafan,4728,4728,9600000,move-arms-180-0.4-l-m,0,penalty_slippage_mean,0.29190564155578613
g1_lafan,4728,4728,9600000,move-arms-180-0.4-l-m,0,penalty_slippage_active_fraction,0.9760000705718994
g1_lafan,4728,4728,9600000,move-arms-180-0.4-l-m,1,return,112.87297821044922
g1_lafan,4728,4728,9600000,move-arms-180-0.4-l-m,1,auxiliary_cost,1.6846154928207397
g1_lafan,4728,4728,9600000,move-arms-180-0.4-l-m,1,safety_violation_rate,1.0
g1_lafan,4728,4728,9600000,move-arms-180-0.4-l-m,1,termination_rate,0.0
g1_lafan,4728,4728,9600000,move-arms-180-0.4-l-m,1,action_l2,2.5377371311187744
g1_lafan,4728,4728,9600000,move-arms-180-0.4-l-m,1,penalty_torques_mean,5517.80419921875
g1_lafan,4728,4728,9600000,move-arms-180-0.4-l-m,1,penalty_torques_active_fraction,1.0
g1_lafan,4728,4728,9600000,move-arms-180-0.4-l-m,1,penalty_action_rate_mean,1.903883934020996
g1_lafan,4728,4728,9600000,move-arms-180-0.4-l-m,1,penalty_action_rate_active_fraction,1.0
g1_lafan,4728,4728,9600000,move-arms-180-0.4-l-m,1,limits_dof_pos_mean,0.022333670407533646
g1_lafan,4728,4728,9600000,move-arms-180-0.4-l-m,1,limits_dof_pos_active_fraction,1.0
g1_lafan,4728,4728,9600000,move-arms-180-0.4-l-m,1,limits_torque_mean,1.200647234916687
g1_lafan,4728,4728,9600000,move-arms-180-0.4-l-m,1,limits_torque_active_fraction,0.47600001096725464
g1_lafan,4728,4728,9600000,move-arms-180-0.4-l-m,1,penalty_undesired_contact_mean,0.0
g1_lafan,4728,4728,9600000,move-arms-180-0.4-l-m,1,penalty_undesired_contact_active_fraction,0.0
g1_lafan,4728,4728,9600000,move-arms-180-0.4-l-m,1,penalty_feet_ori_mean,0.4051424264907837
g1_lafan,4728,4728,9600000,move-arms-180-0.4-l-m,1,penalty_feet_ori_active_fraction,0.9980000257492065
g1_lafan,4728,4728,9600000,move-arms-180-0.4-l-m,1,penalty_ankle_roll_mean,0.12762518227100372
g1_lafan,4728,4728,9600000,move-arms-180-0.4-l-m,1,penalty_ankle_roll_active_fraction,1.0
g1_lafan,4728,4728,9600000,move-arms-180-0.4-l-m,1,penalty_slippage_mean,0.2991660237312317
g1_lafan,4728,4728,9600000,move-arms-180-0.4-l-m,1,penalty_slippage_active_fraction,0.9980000257492065
g1_lafan,4728,4728,9600000,move-arms-180-0.4-l-m,2,return,116.78117370605469
g1_lafan,4728,4728,9600000,move-arms-180-0.4-l-m,2,auxiliary_cost,1.5608900785446167
g1_lafan,4728,4728,9600000,move-arms-180-0.4-l-m,2,safety_violation_rate,0.9980000257492065
g1_lafan,4728,4728,9600000,move-arms-180-0.4-l-m,2,termination_rate,0.0
g1_lafan,4728,4728,9600000,move-arms-180-0.4-l-m,2,action_l2,2.6096065044403076
g1_lafan,4728,4728,9600000,move-arms-180-0.4-l-m,2,penalty_torques_mean,6499.9052734375
g1_lafan,4728,4728,9600000,move-arms-180-0.4-l-m,2,penalty_torques_active_fraction,1.0
g1_lafan,4728,4728,9600000,move-arms-180-0.4-l-m,2,penalty_action_rate_mean,1.6191190481185913
g1_lafan,4728,4728,9600000,move-arms-180-0.4-l-m,2,penalty_action_rate_active_fraction,1.0
g1_lafan,4728,4728,9600000,move-arms-180-0.4-l-m,2,limits_dof_pos_mean,0.023744145408272743
g1_lafan,4728,4728,9600000,move-arms-180-0.4-l-m,2,limits_dof_pos_active_fraction,0.9960000514984131
g1_lafan,4728,4728,9600000,move-arms-180-0.4-l-m,2,limits_torque_mean,3.778263807296753
g1_lafan,4728,4728,9600000,move-arms-180-0.4-l-m,2,limits_torque_active_fraction,0.9780000448226929
g1_lafan,4728,4728,9600000,move-arms-180-0.4-l-m,2,penalty_undesired_contact_mean,0.0
g1_lafan,4728,4728,9600000,move-arms-180-0.4-l-m,2,penalty_undesired_contact_active_fraction,0.0
g1_lafan,4728,4728,9600000,move-arms-180-0.4-l-m,2,penalty_feet_ori_mean,0.4768790006637573
g1_lafan,4728,4728,9600000,move-arms-180-0.4-l-m,2,penalty_feet_ori_active_fraction,0.9960000514984131
g1_lafan,4728,4728,9600000,move-arms-180-0.4-l-m,2,penalty_ankle_roll_mean,0.13215021789073944
g1_lafan,4728,4728,9600000,move-arms-180-0.4-l-m,2,penalty_ankle_roll_active_fraction,1.0
g1_lafan,4728,4728,9600000,move-arms-180-0.4-l-m,2,penalty_slippage_mean,0.2210925966501236
g1_lafan,4728,4728,9600000,move-arms-180-0.4-l-m,2,penalty_slippage_active_fraction,0.9960000514984131
g1_lafan,4728,4728,9600000,move-arms-180-0.4-l-m,3,return,46.4166374206543
g1_lafan,4728,4728,9600000,move-arms-180-0.4-l-m,3,auxiliary_cost,1.6849288940429688
g1_lafan,4728,4728,9600000,move-arms-180-0.4-l-m,3,safety_violation_rate,0.9980000257492065
g1_lafan,4728,4728,9600000,move-arms-180-0.4-l-m,3,termination_rate,0.0
g1_lafan,4728,4728,9600000,move-arms-180-0.4-l-m,3,action_l2,2.5896732807159424
g1_lafan,4728,4728,9600000,move-arms-180-0.4-l-m,3,penalty_torques_mean,6269.798828125
g1_lafan,4728,4728,9600000,move-arms-180-0.4-l-m,3,penalty_torques_active_fraction,1.0
g1_lafan,4728,4728,9600000,move-arms-180-0.4-l-m,3,penalty_action_rate_mean,2.272944211959839
g1_lafan,4728,4728,9600000,move-arms-180-0.4-l-m,3,penalty_action_rate_active_fraction,1.0
g1_lafan,4728,4728,9600000,move-arms-180-0.4-l-m,3,limits_dof_pos_mean,0.02265501581132412
g1_lafan,4728,4728,9600000,move-arms-180-0.4-l-m,3,limits_dof_pos_active_fraction,0.9980000257492065
g1_lafan,4728,4728,9600000,move-arms-180-0.4-l-m,3,limits_torque_mean,2.9141271114349365
g1_lafan,4728,4728,9600000,move-arms-180-0.4-l-m,3,limits_torque_active_fraction,0.8760000467300415
g1_lafan,4728,4728,9600000,move-arms-180-0.4-l-m,3,penalty_undesired_contact_mean,0.0
g1_lafan,4728,4728,9600000,move-arms-180-0.4-l-m,3,penalty_undesired_contact_active_fraction,0.0
g1_lafan,4728,4728,9600000,move-arms-180-0.4-l-m,3,penalty_feet_ori_mean,0.431301474571228
g1_lafan,4728,4728,9600000,move-arms-180-0.4-l-m,3,penalty_feet_ori_active_fraction,0.9980000257492065
g1_lafan,4728,4728,9600000,move-arms-180-0.4-l-m,3,penalty_ankle_roll_mean,0.12765854597091675
g1_lafan,4728,4728,9600000,move-arms-180-0.4-l-m,3,penalty_ankle_roll_active_fraction,1.0
g1_lafan,4728,4728,9600000,move-arms-180-0.4-l-m,3,penalty_slippage_mean,0.27396509051322937
g1_lafan,4728,4728,9600000,move-arms-180-0.4-l-m,3,penalty_slippage_active_fraction,0.9980000257492065
g1_lafan,4728,4728,9600000,move-arms-180-0.4-l-m,4,return,0.40954405069351196
g1_lafan,4728,4728,9600000,move-arms-180-0.4-l-m,4,auxiliary_cost,1.7996814250946045
g1_lafan,4728,4728,9600000,move-arms-180-0.4-l-m,4,safety_violation_rate,1.0
g1_lafan,4728,4728,9600000,move-arms-180-0.4-l-m,4,termination_rate,0.0
g1_lafan,4728,4728,9600000,move-arms-180-0.4-l-m,4,action_l2,2.6889257431030273
g1_lafan,4728,4728,9600000,move-arms-180-0.4-l-m,4,penalty_torques_mean,7686.1376953125
g1_lafan,4728,4728,9600000,move-arms-180-0.4-l-m,4,penalty_torques_active_fraction,1.0
g1_lafan,4728,4728,9600000,move-arms-180-0.4-l-m,4,penalty_action_rate_mean,3.0280544757843018
g1_lafan,4728,4728,9600000,move-arms-180-0.4-l-m,4,penalty_action_rate_active_fraction,1.0
g1_lafan,4728,4728,9600000,move-arms-180-0.4-l-m,4,limits_dof_pos_mean,0.025831354781985283
g1_lafan,4728,4728,9600000,move-arms-180-0.4-l-m,4,limits_dof_pos_active_fraction,1.0
g1_lafan,4728,4728,9600000,move-arms-180-0.4-l-m,4,limits_torque_mean,4.602082252502441
g1_lafan,4728,4728,9600000,move-arms-180-0.4-l-m,4,limits_torque_active_fraction,0.9920000433921814
g1_lafan,4728,4728,9600000,move-arms-180-0.4-l-m,4,penalty_undesired_contact_mean,0.026000000536441803
g1_lafan,4728,4728,9600000,move-arms-180-0.4-l-m,4,penalty_undesired_contact_active_fraction,0.026000000536441803
g1_lafan,4728,4728,9600000,move-arms-180-0.4-l-m,4,penalty_feet_ori_mean,0.45176005363464355
g1_lafan,4728,4728,9600000,move-arms-180-0.4-l-m,4,penalty_feet_ori_active_fraction,0.9540000557899475
g1_lafan,4728,4728,9600000,move-arms-180-0.4-l-m,4,penalty_ankle_roll_mean,0.13242793083190918
g1_lafan,4728,4728,9600000,move-arms-180-0.4-l-m,4,penalty_ankle_roll_active_fraction,1.0
g1_lafan,4728,4728,9600000,move-arms-180-0.4-l-m,4,penalty_slippage_mean,0.25107285380363464
g1_lafan,4728,4728,9600000,move-arms-180-0.4-l-m,4,penalty_slippage_active_fraction,0.9540000557899475
g1_lafan,4728,4728,9600000,move-arms-180-0.4-l-m,5,return,98.84561920166016
g1_lafan,4728,4728,9600000,move-arms-180-0.4-l-m,5,auxiliary_cost,1.7125242948532104
g1_lafan,4728,4728,9600000,move-arms-180-0.4-l-m,5,safety_violation_rate,0.9980000257492065
g1_lafan,4728,4728,9600000,move-arms-180-0.4-l-m,5,termination_rate,0.0
g1_lafan,4728,4728,9600000,move-arms-180-0.4-l-m,5,action_l2,2.5962531566619873
g1_lafan,4728,4728,9600000,move-arms-180-0.4-l-m,5,penalty_torques_mean,6347.0078125
g1_lafan,4728,4728,9600000,move-arms-180-0.4-l-m,5,penalty_torques_active_fraction,1.0
g1_lafan,4728,4728,9600000,move-arms-180-0.4-l-m,5,penalty_action_rate_mean,1.934373140335083
g1_lafan,4728,4728,9600000,move-arms-180-0.4-l-m,5,penalty_action_rate_active_fraction,1.0
g1_lafan,4728,4728,9600000,move-arms-180-0.4-l-m,5,limits_dof_pos_mean,0.02308162860572338
g1_lafan,4728,4728,9600000,move-arms-180-0.4-l-m,5,limits_dof_pos_active_fraction,0.9980000257492065
g1_lafan,4728,4728,9600000,move-arms-180-0.4-l-m,5,limits_torque_mean,3.527940273284912
g1_lafan,4728,4728,9600000,move-arms-180-0.4-l-m,5,limits_torque_active_fraction,0.9740000367164612
g1_lafan,4728,4728,9600000,move-arms-180-0.4-l-m,5,penalty_undesired_contact_mean,0.0
g1_lafan,4728,4728,9600000,move-arms-180-0.4-l-m,5,penalty_undesired_contact_active_fraction,0.0
g1_lafan,4728,4728,9600000,move-arms-180-0.4-l-m,5,penalty_feet_ori_mean,0.44007250666618347
g1_lafan,4728,4728,9600000,move-arms-180-0.4-l-m,5,penalty_feet_ori_active_fraction,0.9980000257492065
g1_lafan,4728,4728,9600000,move-arms-180-0.4-l-m,5,penalty_ankle_roll_mean,0.13019900023937225
g1_lafan,4728,4728,9600000,move-arms-180-0.4-l-m,5,penalty_ankle_roll_active_fraction,1.0
g1_lafan,4728,4728,9600000,move-arms-180-0.4-l-m,5,penalty_slippage_mean,0.29572299122810364
g1_lafan,4728,4728,9600000,move-arms-180-0.4-l-m,5,penalty_slippage_active_fraction,0.9980000257492065
g1_lafan,4728,4728,9600000,move-arms-180-0.4-l-m,6,return,4.155368328094482
g1_lafan,4728,4728,9600000,move-arms-180-0.4-l-m,6,auxiliary_cost,1.8335273265838623
g1_lafan,4728,4728,9600000,move-arms-180-0.4-l-m,6,safety_violation_rate,0.9940000176429749
g1_lafan,4728,4728,9600000,move-arms-180-0.4-l-m,6,termination_rate,0.0
g1_lafan,4728,4728,9600000,move-arms-180-0.4-l-m,6,action_l2,2.5924227237701416
g1_lafan,4728,4728,9600000,move-arms-180-0.4-l-m,6,penalty_torques_mean,6348.40771484375
g1_lafan,4728,4728,9600000,move-arms-180-0.4-l-m,6,penalty_torques_active_fraction,1.0
g1_lafan,4728,4728,9600000,move-arms-180-0.4-l-m,6,penalty_action_rate_mean,2.834751605987549
g1_lafan,4728,4728,9600000,move-arms-180-0.4-l-m,6,penalty_action_rate_active_fraction,1.0
g1_lafan,4728,4728,9600000,move-arms-180-0.4-l-m,6,limits_dof_pos_mean,0.021570371463894844
g1_lafan,4728,4728,9600000,move-arms-180-0.4-l-m,6,limits_dof_pos_active_fraction,0.9860000610351562
g1_lafan,4728,4728,9600000,move-arms-180-0.4-l-m,6,limits_torque_mean,2.5455005168914795
g1_lafan,4728,4728,9600000,move-arms-180-0.4-l-m,6,limits_torque_active_fraction,0.7640000581741333
g1_lafan,4728,4728,9600000,move-arms-180-0.4-l-m,6,penalty_undesired_contact_mean,0.0020000000949949026
g1_lafan,4728,4728,9600000,move-arms-180-0.4-l-m,6,penalty_undesired_contact_active_fraction,0.0020000000949949026
g1_lafan,4728,4728,9600000,move-arms-180-0.4-l-m,6,penalty_feet_ori_mean,0.34714436531066895
g1_lafan,4728,4728,9600000,move-arms-180-0.4-l-m,6,penalty_feet_ori_active_fraction,0.9800000190734863
g1_lafan,4728,4728,9600000,move-arms-180-0.4-l-m,6,penalty_ankle_roll_mean,0.12316220998764038
g1_lafan,4728,4728,9600000,move-arms-180-0.4-l-m,6,penalty_ankle_roll_active_fraction,1.0
g1_lafan,4728,4728,9600000,move-arms-180-0.4-l-m,6,penalty_slippage_mean,0.35042130947113037
g1_lafan,4728,4728,9600000,move-arms-180-0.4-l-m,6,penalty_slippage_active_fraction,0.9800000190734863
g1_lafan,4728,4728,9600000,move-arms-180-0.4-l-m,7,return,0.07513295114040375
g1_lafan,4728,4728,9600000,move-arms-180-0.4-l-m,7,auxiliary_cost,1.5836304426193237
g1_lafan,4728,4728,9600000,move-arms-180-0.4-l-m,7,safety_violation_rate,1.0
g1_lafan,4728,4728,9600000,move-arms-180-0.4-l-m,7,termination_rate,0.0
g1_lafan,4728,4728,9600000,move-arms-180-0.4-l-m,7,action_l2,2.60896372795105
g1_lafan,4728,4728,9600000,move-arms-180-0.4-l-m,7,penalty_torques_mean,6395.11572265625
g1_lafan,4728,4728,9600000,move-arms-180-0.4-l-m,7,penalty_torques_active_fraction,1.0
g1_lafan,4728,4728,9600000,move-arms-180-0.4-l-m,7,penalty_action_rate_mean,1.7026066780090332
g1_lafan,4728,4728,9600000,move-arms-180-0.4-l-m,7,penalty_action_rate_active_fraction,1.0
g1_lafan,4728,4728,9600000,move-arms-180-0.4-l-m,7,limits_dof_pos_mean,0.024028951302170753
g1_lafan,4728,4728,9600000,move-arms-180-0.4-l-m,7,limits_dof_pos_active_fraction,1.0
g1_lafan,4728,4728,9600000,move-arms-180-0.4-l-m,7,limits_torque_mean,3.905078887939453
g1_lafan,4728,4728,9600000,move-arms-180-0.4-l-m,7,limits_torque_active_fraction,0.9320000410079956
g1_lafan,4728,4728,9600000,move-arms-180-0.4-l-m,7,penalty_undesired_contact_mean,0.0
g1_lafan,4728,4728,9600000,move-arms-180-0.4-l-m,7,penalty_undesired_contact_active_fraction,0.0
g1_lafan,4728,4728,9600000,move-arms-180-0.4-l-m,7,penalty_feet_ori_mean,0.4664892852306366
g1_lafan,4728,4728,9600000,move-arms-180-0.4-l-m,7,penalty_feet_ori_active_fraction,0.9980000257492065
g1_lafan,4728,4728,9600000,move-arms-180-0.4-l-m,7,penalty_ankle_roll_mean,0.13125728070735931
g1_lafan,4728,4728,9600000,move-arms-180-0.4-l-m,7,penalty_ankle_roll_active_fraction,1.0
g1_lafan,4728,4728,9600000,move-arms-180-0.4-l-m,7,penalty_slippage_mean,0.23072752356529236
g1_lafan,4728,4728,9600000,move-arms-180-0.4-l-m,7,penalty_slippage_active_fraction,0.9980000257492065
g1_lafan,4728,4728,9600000,move-arms-180-0.4-l-m,8,return,30.875141143798828
g1_lafan,4728,4728,9600000,move-arms-180-0.4-l-m,8,auxiliary_cost,1.914147973060608
g1_lafan,4728,4728,9600000,move-arms-180-0.4-l-m,8,safety_violation_rate,1.0
g1_lafan,4728,4728,9600000,move-arms-180-0.4-l-m,8,termination_rate,0.0
g1_lafan,4728,4728,9600000,move-arms-180-0.4-l-m,8,action_l2,2.554835796356201
g1_lafan,4728,4728,9600000,move-arms-180-0.4-l-m,8,penalty_torques_mean,5907.6455078125
g1_lafan,4728,4728,9600000,move-arms-180-0.4-l-m,8,penalty_torques_active_fraction,1.0
g1_lafan,4728,4728,9600000,move-arms-180-0.4-l-m,8,penalty_action_rate_mean,2.021848201751709
g1_lafan,4728,4728,9600000,move-arms-180-0.4-l-m,8,penalty_action_rate_active_fraction,1.0
g1_lafan,4728,4728,9600000,move-arms-180-0.4-l-m,8,limits_dof_pos_mean,0.02313210815191269
g1_lafan,4728,4728,9600000,move-arms-180-0.4-l-m,8,limits_dof_pos_active_fraction,1.0
g1_lafan,4728,4728,9600000,move-arms-180-0.4-l-m,8,limits_torque_mean,1.421708583831787
g1_lafan,4728,4728,9600000,move-arms-180-0.4-l-m,8,limits_torque_active_fraction,0.47200003266334534
g1_lafan,4728,4728,9600000,move-arms-180-0.4-l-m,8,penalty_undesired_contact_mean,0.004000000189989805
g1_lafan,4728,4728,9600000,move-arms-180-0.4-l-m,8,penalty_undesired_contact_active_fraction,0.004000000189989805
g1_lafan,4728,4728,9600000,move-arms-180-0.4-l-m,8,penalty_feet_ori_mean,0.4347416162490845
g1_lafan,4728,4728,9600000,move-arms-180-0.4-l-m,8,penalty_feet_ori_active_fraction,0.9940000176429749
g1_lafan,4728,4728,9600000,move-arms-180-0.4-l-m,8,penalty_ankle_roll_mean,0.1301284283399582
g1_lafan,4728,4728,9600000,move-arms-180-0.4-l-m,8,penalty_ankle_roll_active_fraction,1.0
g1_lafan,4728,4728,9600000,move-arms-180-0.4-l-m,8,penalty_slippage_mean,0.39111560583114624
g1_lafan,4728,4728,9600000,move-arms-180-0.4-l-m,8,penalty_slippage_active_fraction,0.9940000176429749
g1_lafan,4728,4728,9600000,move-arms-180-0.4-l-m,9,return,0.24726328253746033
g1_lafan,4728,4728,9600000,move-arms-180-0.4-l-m,9,auxiliary_cost,1.7236807346343994
g1_lafan,4728,4728,9600000,move-arms-180-0.4-l-m,9,safety_violation_rate,1.0
g1_lafan,4728,4728,9600000,move-arms-180-0.4-l-m,9,termination_rate,0.0
g1_lafan,4728,4728,9600000,move-arms-180-0.4-l-m,9,action_l2,2.6759824752807617
g1_lafan,4728,4728,9600000,move-arms-180-0.4-l-m,9,penalty_torques_mean,7459.34912109375
g1_lafan,4728,4728,9600000,move-arms-180-0.4-l-m,9,penalty_torques_active_fraction,1.0
g1_lafan,4728,4728,9600000,move-arms-180-0.4-l-m,9,penalty_action_rate_mean,2.739191770553589
g1_lafan,4728,4728,9600000,move-arms-180-0.4-l-m,9,penalty_action_rate_active_fraction,1.0
g1_lafan,4728,4728,9600000,move-arms-180-0.4-l-m,9,limits_dof_pos_mean,0.027862168848514557
g1_lafan,4728,4728,9600000,move-arms-180-0.4-l-m,9,limits_dof_pos_active_fraction,1.0
g1_lafan,4728,4728,9600000,move-arms-180-0.4-l-m,9,limits_torque_mean,4.586343765258789
g1_lafan,4728,4728,9600000,move-arms-180-0.4-l-m,9,limits_torque_active_fraction,0.9800000190734863
g1_lafan,4728,4728,9600000,move-arms-180-0.4-l-m,9,penalty_undesired_contact_mean,0.0
g1_lafan,4728,4728,9600000,move-arms-180-0.4-l-m,9,penalty_undesired_contact_active_fraction,0.0
g1_lafan,4728,4728,9600000,move-arms-180-0.4-l-m,9,penalty_feet_ori_mean,0.4903438091278076
g1_lafan,4728,4728,9600000,move-arms-180-0.4-l-m,9,penalty_feet_ori_active_fraction,0.9800000190734863
g1_lafan,4728,4728,9600000,move-arms-180-0.4-l-m,9,penalty_ankle_roll_mean,0.13505078852176666
g1_lafan,4728,4728,9600000,move-arms-180-0.4-l-m,9,penalty_ankle_roll_active_fraction,1.0
g1_lafan,4728,4728,9600000,move-arms-180-0.4-l-m,9,penalty_slippage_mean,0.21739953756332397
g1_lafan,4728,4728,9600000,move-arms-180-0.4-l-m,9,penalty_slippage_active_fraction,0.9800000190734863
g1_lafan,4728,4728,9600000,move-arms--90-0.7-l-m,0,return,121.92433166503906
g1_lafan,4728,4728,9600000,move-arms--90-0.7-l-m,0,auxiliary_cost,1.5538321733474731
g1_lafan,4728,4728,9600000,move-arms--90-0.7-l-m,0,safety_violation_rate,0.9980000257492065
g1_lafan,4728,4728,9600000,move-arms--90-0.7-l-m,0,termination_rate,0.0
g1_lafan,4728,4728,9600000,move-arms--90-0.7-l-m,0,action_l2,2.798715591430664
g1_lafan,4728,4728,9600000,move-arms--90-0.7-l-m,0,penalty_torques_mean,7224.33349609375
g1_lafan,4728,4728,9600000,move-arms--90-0.7-l-m,0,penalty_torques_active_fraction,1.0
g1_lafan,4728,4728,9600000,move-arms--90-0.7-l-m,0,penalty_action_rate_mean,1.2520371675491333
g1_lafan,4728,4728,9600000,move-arms--90-0.7-l-m,0,penalty_action_rate_active_fraction,1.0
g1_lafan,4728,4728,9600000,move-arms--90-0.7-l-m,0,limits_dof_pos_mean,0.02510860748589039
g1_lafan,4728,4728,9600000,move-arms--90-0.7-l-m,0,limits_dof_pos_active_fraction,0.9940000176429749
g1_lafan,4728,4728,9600000,move-arms--90-0.7-l-m,0,limits_torque_mean,5.015139102935791
g1_lafan,4728,4728,9600000,move-arms--90-0.7-l-m,0,limits_torque_active_fraction,0.9960000514984131
g1_lafan,4728,4728,9600000,move-arms--90-0.7-l-m,0,penalty_undesired_contact_mean,0.0
g1_lafan,4728,4728,9600000,move-arms--90-0.7-l-m,0,penalty_undesired_contact_active_fraction,0.0
g1_lafan,4728,4728,9600000,move-arms--90-0.7-l-m,0,penalty_feet_ori_mean,0.4618472456932068
g1_lafan,4728,4728,9600000,move-arms--90-0.7-l-m,0,penalty_feet_ori_active_fraction,1.0
g1_lafan,4728,4728,9600000,move-arms--90-0.7-l-m,0,penalty_ankle_roll_mean,0.13580338656902313
g1_lafan,4728,4728,9600000,move-arms--90-0.7-l-m,0,penalty_ankle_roll_active_fraction,1.0
g1_lafan,4728,4728,9600000,move-arms--90-0.7-l-m,0,penalty_slippage_mean,0.22479534149169922
g1_lafan,4728,4728,9600000,move-arms--90-0.7-l-m,0,penalty_slippage_active_fraction,1.0
g1_lafan,4728,4728,9600000,move-arms--90-0.7-l-m,1,return,1.951163411140442
g1_lafan,4728,4728,9600000,move-arms--90-0.7-l-m,1,auxiliary_cost,1.6060597896575928
g1_lafan,4728,4728,9600000,move-arms--90-0.7-l-m,1,safety_violation_rate,0.9960000514984131
g1_lafan,4728,4728,9600000,move-arms--90-0.7-l-m,1,termination_rate,0.0
g1_lafan,4728,4728,9600000,move-arms--90-0.7-l-m,1,action_l2,2.787761688232422
g1_lafan,4728,4728,9600000,move-arms--90-0.7-l-m,1,penalty_torques_mean,7869.78466796875
g1_lafan,4728,4728,9600000,move-arms--90-0.7-l-m,1,penalty_torques_active_fraction,1.0
g1_lafan,4728,4728,9600000,move-arms--90-0.7-l-m,1,penalty_action_rate_mean,2.0384128093719482
g1_lafan,4728,4728,9600000,move-arms--90-0.7-l-m,1,penalty_action_rate_active_fraction,1.0
g1_lafan,4728,4728,9600000,move-arms--90-0.7-l-m,1,limits_dof_pos_mean,0.02515539340674877
g1_lafan,4728,4728,9600000,move-arms--90-0.7-l-m,1,limits_dof_pos_active_fraction,0.9960000514984131
g1_lafan,4728,4728,9600000,move-arms--90-0.7-l-m,1,limits_torque_mean,5.0622782707214355
g1_lafan,4728,4728,9600000,move-arms--90-0.7-l-m,1,limits_torque_active_fraction,0.9940000176429749
g1_lafan,4728,4728,9600000,move-arms--90-0.7-l-m,1,penalty_undesired_contact_mean,0.0
g1_lafan,4728,4728,9600000,move-arms--90-0.7-l-m,1,penalty_undesired_contact_active_fraction,0.0
g1_lafan,4728,4728,9600000,move-arms--90-0.7-l-m,1,penalty_feet_ori_mean,0.4030928611755371
g1_lafan,4728,4728,9600000,move-arms--90-0.7-l-m,1,penalty_feet_ori_active_fraction,1.0
g1_lafan,4728,4728,9600000,move-arms--90-0.7-l-m,1,penalty_ankle_roll_mean,0.13619501888751984
g1_lafan,4728,4728,9600000,move-arms--90-0.7-l-m,1,penalty_ankle_roll_active_fraction,1.0
g1_lafan,4728,4728,9600000,move-arms--90-0.7-l-m,1,penalty_slippage_mean,0.22232377529144287
g1_lafan,4728,4728,9600000,move-arms--90-0.7-l-m,1,penalty_slippage_active_fraction,1.0
g1_lafan,4728,4728,9600000,move-arms--90-0.7-l-m,2,return,1.6256144046783447
g1_lafan,4728,4728,9600000,move-arms--90-0.7-l-m,2,auxiliary_cost,1.4519180059432983
g1_lafan,4728,4728,9600000,move-arms--90-0.7-l-m,2,safety_violation_rate,0.9980000257492065
g1_lafan,4728,4728,9600000,move-arms--90-0.7-l-m,2,termination_rate,0.0
g1_lafan,4728,4728,9600000,move-arms--90-0.7-l-m,2,action_l2,2.760465383529663
g1_lafan,4728,4728,9600000,move-arms--90-0.7-l-m,2,penalty_torques_mean,7064.21142578125
g1_lafan,4728,4728,9600000,move-arms--90-0.7-l-m,2,penalty_torques_active_fraction,1.0
g1_lafan,4728,4728,9600000,move-arms--90-0.7-l-m,2,penalty_action_rate_mean,1.462515950202942
g1_lafan,4728,4728,9600000,move-arms--90-0.7-l-m,2,penalty_action_rate_active_fraction,1.0
g1_lafan,4728,4728,9600000,move-arms--90-0.7-l-m,2,limits_dof_pos_mean,0.025270795449614525
g1_lafan,4728,4728,9600000,move-arms--90-0.7-l-m,2,limits_dof_pos_active_fraction,0.9980000257492065
g1_lafan,4728,4728,9600000,move-arms--90-0.7-l-m,2,limits_torque_mean,4.995950222015381
g1_lafan,4728,4728,9600000,move-arms--90-0.7-l-m,2,limits_torque_active_fraction,0.9960000514984131
g1_lafan,4728,4728,9600000,move-arms--90-0.7-l-m,2,penalty_undesired_contact_mean,0.0
g1_lafan,4728,4728,9600000,move-arms--90-0.7-l-m,2,penalty_undesired_contact_active_fraction,0.0
g1_lafan,4728,4728,9600000,move-arms--90-0.7-l-m,2,penalty_feet_ori_mean,0.4359419047832489
g1_lafan,4728,4728,9600000,move-arms--90-0.7-l-m,2,penalty_feet_ori_active_fraction,0.9980000257492065
g1_lafan,4728,4728,9600000,move-arms--90-0.7-l-m,2,penalty_ankle_roll_mean,0.13648918271064758
g1_lafan,4728,4728,9600000,move-arms--90-0.7-l-m,2,penalty_ankle_roll_active_fraction,1.0
g1_lafan,4728,4728,9600000,move-arms--90-0.7-l-m,2,penalty_slippage_mean,0.16631270945072174
g1_lafan,4728,4728,9600000,move-arms--90-0.7-l-m,2,penalty_slippage_active_fraction,0.9980000257492065
g1_lafan,4728,4728,9600000,move-arms--90-0.7-l-m,3,return,0.1714000701904297
g1_lafan,4728,4728,9600000,move-arms--90-0.7-l-m,3,auxiliary_cost,1.6529260873794556
g1_lafan,4728,4728,9600000,move-arms--90-0.7-l-m,3,safety_violation_rate,0.9980000257492065
g1_lafan,4728,4728,9600000,move-arms--90-0.7-l-m,3,termination_rate,0.0
g1_lafan,4728,4728,9600000,move-arms--90-0.7-l-m,3,action_l2,2.7897515296936035
g1_lafan,4728,4728,9600000,move-arms--90-0.7-l-m,3,penalty_torques_mean,7874.986328125
g1_lafan,4728,4728,9600000,move-arms--90-0.7-l-m,3,penalty_torques_active_fraction,1.0
g1_lafan,4728,4728,9600000,move-arms--90-0.7-l-m,3,penalty_action_rate_mean,1.9818693399429321
g1_lafan,4728,4728,9600000,move-arms--90-0.7-l-m,3,penalty_action_rate_active_fraction,1.0
g1_lafan,4728,4728,9600000,move-arms--90-0.7-l-m,3,limits_dof_pos_mean,0.02441803552210331
g1_lafan,4728,4728,9600000,move-arms--90-0.7-l-m,3,limits_dof_pos_active_fraction,0.9980000257492065
g1_lafan,4728,4728,9600000,move-arms--90-0.7-l-m,3,limits_torque_mean,5.086597919464111
g1_lafan,4728,4728,9600000,move-arms--90-0.7-l-m,3,limits_torque_active_fraction,0.9960000514984131
g1_lafan,4728,4728,9600000,move-arms--90-0.7-l-m,3,penalty_undesired_contact_mean,0.0
g1_lafan,4728,4728,9600000,move-arms--90-0.7-l-m,3,penalty_undesired_contact_active_fraction,0.0
g1_lafan,4728,4728,9600000,move-arms--90-0.7-l-m,3,penalty_feet_ori_mean,0.40901312232017517
g1_lafan,4728,4728,9600000,move-arms--90-0.7-l-m,3,penalty_feet_ori_active_fraction,1.0
g1_lafan,4728,4728,9600000,move-arms--90-0.7-l-m,3,penalty_ankle_roll_mean,0.13263347744941711
g1_lafan,4728,4728,9600000,move-arms--90-0.7-l-m,3,penalty_ankle_roll_active_fraction,1.0
g1_lafan,4728,4728,9600000,move-arms--90-0.7-l-m,3,penalty_slippage_mean,0.2582100033760071
g1_lafan,4728,4728,9600000,move-arms--90-0.7-l-m,3,penalty_slippage_active_fraction,1.0
g1_lafan,4728,4728,9600000,move-arms--90-0.7-l-m,4,return,7.695455074310303
g1_lafan,4728,4728,9600000,move-arms--90-0.7-l-m,4,auxiliary_cost,1.8836250305175781
g1_lafan,4728,4728,9600000,move-arms--90-0.7-l-m,4,safety_violation_rate,1.0
g1_lafan,4728,4728,9600000,move-arms--90-0.7-l-m,4,termination_rate,0.0
g1_lafan,4728,4728,9600000,move-arms--90-0.7-l-m,4,action_l2,2.867478370666504
g1_lafan,4728,4728,9600000,move-arms--90-0.7-l-m,4,penalty_torques_mean,8487.08984375
g1_lafan,4728,4728,9600000,move-arms--90-0.7-l-m,4,penalty_torques_active_fraction,1.0
g1_lafan,4728,4728,9600000,move-arms--90-0.7-l-m,4,penalty_action_rate_mean,2.438283920288086
g1_lafan,4728,4728,9600000,move-arms--90-0.7-l-m,4,penalty_action_rate_active_fraction,1.0
g1_lafan,4728,4728,9600000,move-arms--90-0.7-l-m,4,limits_dof_pos_mean,0.027602288872003555
g1_lafan,4728,4728,9600000,move-arms--90-0.7-l-m,4,limits_dof_pos_active_fraction,0.9980000257492065
g1_lafan,4728,4728,9600000,move-arms--90-0.7-l-m,4,limits_torque_mean,5.2519659996032715
g1_lafan,4728,4728,9600000,move-arms--90-0.7-l-m,4,limits_torque_active_fraction,1.0
g1_lafan,4728,4728,9600000,move-arms--90-0.7-l-m,4,penalty_undesired_contact_mean,0.01600000075995922
g1_lafan,4728,4728,9600000,move-arms--90-0.7-l-m,4,penalty_undesired_contact_active_fraction,0.01600000075995922
g1_lafan,4728,4728,9600000,move-arms--90-0.7-l-m,4,penalty_feet_ori_mean,0.4977448582649231
g1_lafan,4728,4728,9600000,move-arms--90-0.7-l-m,4,penalty_feet_ori_active_fraction,0.9820000529289246
g1_lafan,4728,4728,9600000,move-arms--90-0.7-l-m,4,penalty_ankle_roll_mean,0.13635016977787018
g1_lafan,4728,4728,9600000,move-arms--90-0.7-l-m,4,penalty_ankle_roll_active_fraction,1.0
g1_lafan,4728,4728,9600000,move-arms--90-0.7-l-m,4,penalty_slippage_mean,0.30163806676864624
g1_lafan,4728,4728,9600000,move-arms--90-0.7-l-m,4,penalty_slippage_active_fraction,0.984000027179718
g1_lafan,4728,4728,9600000,move-arms--90-0.7-l-m,5,return,2.4138541221618652
g1_lafan,4728,4728,9600000,move-arms--90-0.7-l-m,5,auxiliary_cost,1.6554628610610962
g1_lafan,4728,4728,9600000,move-arms--90-0.7-l-m,5,safety_violation_rate,0.9980000257492065
g1_lafan,4728,4728,9600000,move-arms--90-0.7-l-m,5,termination_rate,0.0
g1_lafan,4728,4728,9600000,move-arms--90-0.7-l-m,5,action_l2,2.780982494354248
g1_lafan,4728,4728,9600000,move-arms--90-0.7-l-m,5,penalty_torques_mean,7776.34228515625
g1_lafan,4728,4728,9600000,move-arms--90-0.7-l-m,5,penalty_torques_active_fraction,1.0
g1_lafan,4728,4728,9600000,move-arms--90-0.7-l-m,5,penalty_action_rate_mean,1.9040935039520264
g1_lafan,4728,4728,9600000,move-arms--90-0.7-l-m,5,penalty_action_rate_active_fraction,1.0
g1_lafan,4728,4728,9600000,move-arms--90-0.7-l-m,5,limits_dof_pos_mean,0.025186650454998016
g1_lafan,4728,4728,9600000,move-arms--90-0.7-l-m,5,limits_dof_pos_active_fraction,0.9980000257492065
g1_lafan,4728,4728,9600000,move-arms--90-0.7-l-m,5,limits_torque_mean,5.009562015533447
g1_lafan,4728,4728,9600000,move-arms--90-0.7-l-m,5,limits_torque_active_fraction,0.9960000514984131
g1_lafan,4728,4728,9600000,move-arms--90-0.7-l-m,5,penalty_undesired_contact_mean,0.0
g1_lafan,4728,4728,9600000,move-arms--90-0.7-l-m,5,penalty_undesired_contact_active_fraction,0.0
g1_lafan,4728,4728,9600000,move-arms--90-0.7-l-m,5,penalty_feet_ori_mean,0.4035768210887909
g1_lafan,4728,4728,9600000,move-arms--90-0.7-l-m,5,penalty_feet_ori_active_fraction,0.9960000514984131
g1_lafan,4728,4728,9600000,move-arms--90-0.7-l-m,5,penalty_ankle_roll_mean,0.13641072809696198
g1_lafan,4728,4728,9600000,move-arms--90-0.7-l-m,5,penalty_ankle_roll_active_fraction,1.0
g1_lafan,4728,4728,9600000,move-arms--90-0.7-l-m,5,penalty_slippage_mean,0.25305622816085815
g1_lafan,4728,4728,9600000,move-arms--90-0.7-l-m,5,penalty_slippage_active_fraction,0.9960000514984131
g1_lafan,4728,4728,9600000,move-arms--90-0.7-l-m,6,return,14.376972198486328
g1_lafan,4728,4728,9600000,move-arms--90-0.7-l-m,6,auxiliary_cost,1.9946515560150146
g1_lafan,4728,4728,9600000,move-arms--90-0.7-l-m,6,safety_violation_rate,1.0
g1_lafan,4728,4728,9600000,move-arms--90-0.7-l-m,6,termination_rate,0.0
g1_lafan,4728,4728,9600000,move-arms--90-0.7-l-m,6,action_l2,2.8674581050872803
g1_lafan,4728,4728,9600000,move-arms--90-0.7-l-m,6,penalty_torques_mean,9108.439453125
g1_lafan,4728,4728,9600000,move-arms--90-0.7-l-m,6,penalty_torques_active_fraction,1.0
g1_lafan,4728,4728,9600000,move-arms--90-0.7-l-m,6,penalty_action_rate_mean,3.484877824783325
g1_lafan,4728,4728,9600000,move-arms--90-0.7-l-m,6,penalty_action_rate_active_fraction,1.0
g1_lafan,4728,4728,9600000,move-arms--90-0.7-l-m,6,limits_dof_pos_mean,0.027496082708239555
g1_lafan,4728,4728,9600000,move-arms--90-0.7-l-m,6,limits_dof_pos_active_fraction,1.0
g1_lafan,4728,4728,9600000,move-arms--90-0.7-l-m,6,limits_torque_mean,5.501995086669922
g1_lafan,4728,4728,9600000,move-arms--90-0.7-l-m,6,limits_torque_active_fraction,1.0
g1_lafan,4728,4728,9600000,move-arms--90-0.7-l-m,6,penalty_undesired_contact_mean,0.00800000037997961
g1_lafan,4728,4728,9600000,move-arms--90-0.7-l-m,6,penalty_undesired_contact_active_fraction,0.00800000037997961
g1_lafan,4728,4728,9600000,move-arms--90-0.7-l-m,6,penalty_feet_ori_mean,0.4676000773906708
g1_lafan,4728,4728,9600000,move-arms--90-0.7-l-m,6,penalty_feet_ori_active_fraction,0.9860000610351562
g1_lafan,4728,4728,9600000,move-arms--90-0.7-l-m,6,penalty_ankle_roll_mean,0.13650692999362946
g1_lafan,4728,4728,9600000,move-arms--90-0.7-l-m,6,penalty_ankle_roll_active_fraction,1.0
g1_lafan,4728,4728,9600000,move-arms--90-0.7-l-m,6,penalty_slippage_mean,0.3150675594806671
g1_lafan,4728,4728,9600000,move-arms--90-0.7-l-m,6,penalty_slippage_active_fraction,0.9860000610351562
g1_lafan,4728,4728,9600000,move-arms--90-0.7-l-m,7,return,34.3514518737793
g1_lafan,4728,4728,9600000,move-arms--90-0.7-l-m,7,auxiliary_cost,1.8396716117858887
g1_lafan,4728,4728,9600000,move-arms--90-0.7-l-m,7,safety_violation_rate,1.0
g1_lafan,4728,4728,9600000,move-arms--90-0.7-l-m,7,termination_rate,0.0
g1_lafan,4728,4728,9600000,move-arms--90-0.7-l-m,7,action_l2,2.8142755031585693
g1_lafan,4728,4728,9600000,move-arms--90-0.7-l-m,7,penalty_torques_mean,8620.2099609375
g1_lafan,4728,4728,9600000,move-arms--90-0.7-l-m,7,penalty_torques_active_fraction,1.0
g1_lafan,4728,4728,9600000,move-arms--90-0.7-l-m,7,penalty_action_rate_mean,2.635838508605957
g1_lafan,4728,4728,9600000,move-arms--90-0.7-l-m,7,penalty_action_rate_active_fraction,1.0
g1_lafan,4728,4728,9600000,move-arms--90-0.7-l-m,7,limits_dof_pos_mean,0.027424121275544167
g1_lafan,4728,4728,9600000,move-arms--90-0.7-l-m,7,limits_dof_pos_active_fraction,1.0
g1_lafan,4728,4728,9600000,move-arms--90-0.7-l-m,7,limits_torque_mean,5.2590436935424805
g1_lafan,4728,4728,9600000,move-arms--90-0.7-l-m,7,limits_torque_active_fraction,0.9980000257492065
g1_lafan,4728,4728,9600000,move-arms--90-0.7-l-m,7,penalty_undesired_contact_mean,0.02200000174343586
g1_lafan,4728,4728,9600000,move-arms--90-0.7-l-m,7,penalty_undesired_contact_active_fraction,0.02200000174343586
g1_lafan,4728,4728,9600000,move-arms--90-0.7-l-m,7,penalty_feet_ori_mean,0.4249432384967804
g1_lafan,4728,4728,9600000,move-arms--90-0.7-l-m,7,penalty_feet_ori_active_fraction,0.9800000190734863
g1_lafan,4728,4728,9600000,move-arms--90-0.7-l-m,7,penalty_ankle_roll_mean,0.13639317452907562
g1_lafan,4728,4728,9600000,move-arms--90-0.7-l-m,7,penalty_ankle_roll_active_fraction,1.0
g1_lafan,4728,4728,9600000,move-arms--90-0.7-l-m,7,penalty_slippage_mean,0.28214821219444275
g1_lafan,4728,4728,9600000,move-arms--90-0.7-l-m,7,penalty_slippage_active_fraction,0.9800000190734863
g1_lafan,4728,4728,9600000,move-arms--90-0.7-l-m,8,return,0.7577564120292664
g1_lafan,4728,4728,9600000,move-arms--90-0.7-l-m,8,auxiliary_cost,1.6115881204605103
g1_lafan,4728,4728,9600000,move-arms--90-0.7-l-m,8,safety_violation_rate,0.9960000514984131
g1_lafan,4728,4728,9600000,move-arms--90-0.7-l-m,8,termination_rate,0.0
g1_lafan,4728,4728,9600000,move-arms--90-0.7-l-m,8,action_l2,2.7895519733428955
g1_lafan,4728,4728,9600000,move-arms--90-0.7-l-m,8,penalty_torques_mean,7524.3896484375
g1_lafan,4728,4728,9600000,move-arms--90-0.7-l-m,8,penalty_torques_active_fraction,1.0
g1_lafan,4728,4728,9600000,move-arms--90-0.7-l-m,8,penalty_action_rate_mean,1.6289710998535156
g1_lafan,4728,4728,9600000,move-arms--90-0.7-l-m,8,penalty_action_rate_active_fraction,1.0
g1_lafan,4728,4728,9600000,move-arms--90-0.7-l-m,8,limits_dof_pos_mean,0.02508525922894478
g1_lafan,4728,4728,9600000,move-arms--90-0.7-l-m,8,limits_dof_pos_active_fraction,0.9960000514984131
g1_lafan,4728,4728,9600000,move-arms--90-0.7-l-m,8,limits_torque_mean,5.115325450897217
g1_lafan,4728,4728,9600000,move-arms--90-0.7-l-m,8,limits_torque_active_fraction,0.9960000514984131
g1_lafan,4728,4728,9600000,move-arms--90-0.7-l-m,8,penalty_undesired_contact_mean,0.0
g1_lafan,4728,4728,9600000,move-arms--90-0.7-l-m,8,penalty_undesired_contact_active_fraction,0.0
g1_lafan,4728,4728,9600000,move-arms--90-0.7-l-m,8,penalty_feet_ori_mean,0.45193591713905334
g1_lafan,4728,4728,9600000,move-arms--90-0.7-l-m,8,penalty_feet_ori_active_fraction,0.9980000257492065
g1_lafan,4728,4728,9600000,move-arms--90-0.7-l-m,8,penalty_ankle_roll_mean,0.13603687286376953
g1_lafan,4728,4728,9600000,move-arms--90-0.7-l-m,8,penalty_ankle_roll_active_fraction,1.0
g1_lafan,4728,4728,9600000,move-arms--90-0.7-l-m,8,penalty_slippage_mean,0.236458420753479
g1_lafan,4728,4728,9600000,move-arms--90-0.7-l-m,8,penalty_slippage_active_fraction,0.9980000257492065
g1_lafan,4728,4728,9600000,move-arms--90-0.7-l-m,9,return,2.284778356552124
g1_lafan,4728,4728,9600000,move-arms--90-0.7-l-m,9,auxiliary_cost,2.0882742404937744
g1_lafan,4728,4728,9600000,move-arms--90-0.7-l-m,9,safety_violation_rate,1.0
g1_lafan,4728,4728,9600000,move-arms--90-0.7-l-m,9,termination_rate,0.0
g1_lafan,4728,4728,9600000,move-arms--90-0.7-l-m,9,action_l2,2.8535358905792236
g1_lafan,4728,4728,9600000,move-arms--90-0.7-l-m,9,penalty_torques_mean,9124.7646484375
g1_lafan,4728,4728,9600000,move-arms--90-0.7-l-m,9,penalty_torques_active_fraction,1.0
g1_lafan,4728,4728,9600000,move-arms--90-0.7-l-m,9,penalty_action_rate_mean,3.970160484313965
g1_lafan,4728,4728,9600000,move-arms--90-0.7-l-m,9,penalty_action_rate_active_fraction,1.0
g1_lafan,4728,4728,9600000,move-arms--90-0.7-l-m,9,limits_dof_pos_mean,0.02944452501833439
g1_lafan,4728,4728,9600000,move-arms--90-0.7-l-m,9,limits_dof_pos_active_fraction,1.0
g1_lafan,4728,4728,9600000,move-arms--90-0.7-l-m,9,limits_torque_mean,5.331602096557617
g1_lafan,4728,4728,9600000,move-arms--90-0.7-l-m,9,limits_torque_active_fraction,0.9980000257492065
g1_lafan,4728,4728,9600000,move-arms--90-0.7-l-m,9,penalty_undesired_contact_mean,0.010000000707805157
g1_lafan,4728,4728,9600000,move-arms--90-0.7-l-m,9,penalty_undesired_contact_active_fraction,0.010000000707805157
g1_lafan,4728,4728,9600000,move-arms--90-0.7-l-m,9,penalty_feet_ori_mean,0.4481039345264435
g1_lafan,4728,4728,9600000,move-arms--90-0.7-l-m,9,penalty_feet_ori_active_fraction,0.9880000352859497
g1_lafan,4728,4728,9600000,move-arms--90-0.7-l-m,9,penalty_ankle_roll_mean,0.13614602386951447
g1_lafan,4728,4728,9600000,move-arms--90-0.7-l-m,9,penalty_ankle_roll_active_fraction,1.0
g1_lafan,4728,4728,9600000,move-arms--90-0.7-l-m,9,penalty_slippage_mean,0.3314944803714752
g1_lafan,4728,4728,9600000,move-arms--90-0.7-l-m,9,penalty_slippage_active_fraction,0.9880000352859497
g1_lafan,4728,4728,9600000,move-arms-0-0.7-m-l,0,return,92.85045623779297
g1_lafan,4728,4728,9600000,move-arms-0-0.7-m-l,0,auxiliary_cost,2.432356119155884
g1_lafan,4728,4728,9600000,move-arms-0-0.7-m-l,0,safety_violation_rate,0.9960000514984131
g1_lafan,4728,4728,9600000,move-arms-0-0.7-m-l,0,termination_rate,0.0
g1_lafan,4728,4728,9600000,move-arms-0-0.7-m-l,0,action_l2,2.6144652366638184
g1_lafan,4728,4728,9600000,move-arms-0-0.7-m-l,0,penalty_torques_mean,7907.04052734375
g1_lafan,4728,4728,9600000,move-arms-0-0.7-m-l,0,penalty_torques_active_fraction,1.0
g1_lafan,4728,4728,9600000,move-arms-0-0.7-m-l,0,penalty_action_rate_mean,2.1037468910217285
g1_lafan,4728,4728,9600000,move-arms-0-0.7-m-l,0,penalty_action_rate_active_fraction,1.0
g1_lafan,4728,4728,9600000,move-arms-0-0.7-m-l,0,limits_dof_pos_mean,0.02493029460310936
g1_lafan,4728,4728,9600000,move-arms-0-0.7-m-l,0,limits_dof_pos_active_fraction,0.9960000514984131
g1_lafan,4728,4728,9600000,move-arms-0-0.7-m-l,0,limits_torque_mean,5.1139750480651855
g1_lafan,4728,4728,9600000,move-arms-0-0.7-m-l,0,limits_torque_active_fraction,0.9940000176429749
g1_lafan,4728,4728,9600000,move-arms-0-0.7-m-l,0,penalty_undesired_contact_mean,0.6640000343322754
g1_lafan,4728,4728,9600000,move-arms-0-0.7-m-l,0,penalty_undesired_contact_active_fraction,0.6640000343322754
g1_lafan,4728,4728,9600000,move-arms-0-0.7-m-l,0,penalty_feet_ori_mean,0.4618035554885864
g1_lafan,4728,4728,9600000,move-arms-0-0.7-m-l,0,penalty_feet_ori_active_fraction,0.9980000257492065
g1_lafan,4728,4728,9600000,move-arms-0-0.7-m-l,0,penalty_ankle_roll_mean,0.1353447288274765
g1_lafan,4728,4728,9600000,move-arms-0-0.7-m-l,0,penalty_ankle_roll_active_fraction,1.0
g1_lafan,4728,4728,9600000,move-arms-0-0.7-m-l,0,penalty_slippage_mean,0.29128849506378174
g1_lafan,4728,4728,9600000,move-arms-0-0.7-m-l,0,penalty_slippage_active_fraction,0.9980000257492065
g1_lafan,4728,4728,9600000,move-arms-0-0.7-m-l,1,return,64.45782470703125
g1_lafan,4728,4728,9600000,move-arms-0-0.7-m-l,1,auxiliary_cost,2.9921417236328125
g1_lafan,4728,4728,9600000,move-arms-0-0.7-m-l,1,safety_violation_rate,1.0
g1_lafan,4728,4728,9600000,move-arms-0-0.7-m-l,1,termination_rate,0.0
g1_lafan,4728,4728,9600000,move-arms-0-0.7-m-l,1,action_l2,2.6614532470703125
g1_lafan,4728,4728,9600000,move-arms-0-0.7-m-l,1,penalty_torques_mean,7929.3525390625
g1_lafan,4728,4728,9600000,move-arms-0-0.7-m-l,1,penalty_torques_active_fraction,1.0
g1_lafan,4728,4728,9600000,move-arms-0-0.7-m-l,1,penalty_action_rate_mean,2.412003993988037
g1_lafan,4728,4728,9600000,move-arms-0-0.7-m-l,1,penalty_action_rate_active_fraction,1.0
g1_lafan,4728,4728,9600000,move-arms-0-0.7-m-l,1,limits_dof_pos_mean,0.025013037025928497
g1_lafan,4728,4728,9600000,move-arms-0-0.7-m-l,1,limits_dof_pos_active_fraction,0.9940000176429749
g1_lafan,4728,4728,9600000,move-arms-0-0.7-m-l,1,limits_torque_mean,4.533452987670898
g1_lafan,4728,4728,9600000,move-arms-0-0.7-m-l,1,limits_torque_active_fraction,0.9340000152587891
g1_lafan,4728,4728,9600000,move-arms-0-0.7-m-l,1,penalty_undesired_contact_mean,0.8340000510215759
g1_lafan,4728,4728,9600000,move-arms-0-0.7-m-l,1,penalty_undesired_contact_active_fraction,0.8340000510215759
g1_lafan,4728,4728,9600000,move-arms-0-0.7-m-l,1,penalty_feet_ori_mean,0.4978983998298645
g1_lafan,4728,4728,9600000,move-arms-0-0.7-m-l,1,penalty_feet_ori_active_fraction,1.0
g1_lafan,4728,4728,9600000,move-arms-0-0.7-m-l,1,penalty_ankle_roll_mean,0.13529488444328308
g1_lafan,4728,4728,9600000,move-arms-0-0.7-m-l,1,penalty_ankle_roll_active_fraction,1.0
g1_lafan,4728,4728,9600000,move-arms-0-0.7-m-l,1,penalty_slippage_mean,0.4632357358932495
g1_lafan,4728,4728,9600000,move-arms-0-0.7-m-l,1,penalty_slippage_active_fraction,1.0
g1_lafan,4728,4728,9600000,move-arms-0-0.7-m-l,2,return,107.81131744384766
g1_lafan,4728,4728,9600000,move-arms-0-0.7-m-l,2,auxiliary_cost,2.601747989654541
g1_lafan,4728,4728,9600000,move-arms-0-0.7-m-l,2,safety_violation_rate,1.0
g1_lafan,4728,4728,9600000,move-arms-0-0.7-m-l,2,termination_rate,0.0
g1_lafan,4728,4728,9600000,move-arms-0-0.7-m-l,2,action_l2,2.6343801021575928
g1_lafan,4728,4728,9600000,move-arms-0-0.7-m-l,2,penalty_torques_mean,8027.27880859375
g1_lafan,4728,4728,9600000,move-arms-0-0.7-m-l,2,penalty_torques_active_fraction,1.0
g1_lafan,4728,4728,9600000,move-arms-0-0.7-m-l,2,penalty_action_rate_mean,2.2312116622924805
g1_lafan,4728,4728,9600000,move-arms-0-0.7-m-l,2,penalty_action_rate_active_fraction,1.0
g1_lafan,4728,4728,9600000,move-arms-0-0.7-m-l,2,limits_dof_pos_mean,0.02481902204453945
g1_lafan,4728,4728,9600000,move-arms-0-0.7-m-l,2,limits_dof_pos_active_fraction,1.0
g1_lafan,4728,4728,9600000,move-arms-0-0.7-m-l,2,limits_torque_mean,4.926260948181152
g1_lafan,4728,4728,9600000,move-arms-0-0.7-m-l,2,limits_torque_active_fraction,1.0
g1_lafan,4728,4728,9600000,move-arms-0-0.7-m-l,2,penalty_undesired_contact_mean,0.6840000152587891
g1_lafan,4728,4728,9600000,move-arms-0-0.7-m-l,2,penalty_undesired_contact_active_fraction,0.6840000152587891
g1_lafan,4728,4728,9600000,move-arms-0-0.7-m-l,2,penalty_feet_ori_mean,0.40154916048049927
g1_lafan,4728,4728,9600000,move-arms-0-0.7-m-l,2,penalty_feet_ori_active_fraction,0.9960000514984131
g1_lafan,4728,4728,9600000,move-arms-0-0.7-m-l,2,penalty_ankle_roll_mean,0.13502737879753113
g1_lafan,4728,4728,9600000,move-arms-0-0.7-m-l,2,penalty_ankle_roll_active_fraction,1.0
g1_lafan,4728,4728,9600000,move-arms-0-0.7-m-l,2,penalty_slippage_mean,0.37285327911376953
g1_lafan,4728,4728,9600000,move-arms-0-0.7-m-l,2,penalty_slippage_active_fraction,0.9960000514984131
g1_lafan,4728,4728,9600000,move-arms-0-0.7-m-l,3,return,107.53874969482422
g1_lafan,4728,4728,9600000,move-arms-0-0.7-m-l,3,auxiliary_cost,3.0199010372161865
g1_lafan,4728,4728,9600000,move-arms-0-0.7-m-l,3,safety_violation_rate,0.9980000257492065
g1_lafan,4728,4728,9600000,move-arms-0-0.7-m-l,3,termination_rate,0.0
g1_lafan,4728,4728,9600000,move-arms-0-0.7-m-l,3,action_l2,2.6371920108795166
g1_lafan,4728,4728,9600000,move-arms-0-0.7-m-l,3,penalty_torques_mean,8963.6591796875
g1_lafan,4728,4728,9600000,move-arms-0-0.7-m-l,3,penalty_torques_active_fraction,1.0
g1_lafan,4728,4728,9600000,move-arms-0-0.7-m-l,3,penalty_action_rate_mean,3.366506338119507
g1_lafan,4728,4728,9600000,move-arms-0-0.7-m-l,3,penalty_action_rate_active_fraction,1.0
g1_lafan,4728,4728,9600000,move-arms-0-0.7-m-l,3,limits_dof_pos_mean,0.028012322261929512
g1_lafan,4728,4728,9600000,move-arms-0-0.7-m-l,3,limits_dof_pos_active_fraction,0.9980000257492065
g1_lafan,4728,4728,9600000,move-arms-0-0.7-m-l,3,limits_torque_mean,5.208168029785156
g1_lafan,4728,4728,9600000,move-arms-0-0.7-m-l,3,limits_torque_active_fraction,0.9940000176429749
g1_lafan,4728,4728,9600000,move-arms-0-0.7-m-l,3,penalty_undesired_contact_mean,0.8300000429153442
g1_lafan,4728,4728,9600000,move-arms-0-0.7-m-l,3,penalty_undesired_contact_active_fraction,0.8300000429153442
g1_lafan,4728,4728,9600000,move-arms-0-0.7-m-l,3,penalty_feet_ori_mean,0.41100361943244934
g1_lafan,4728,4728,9600000,move-arms-0-0.7-m-l,3,penalty_feet_ori_active_fraction,0.9720000624656677
g1_lafan,4728,4728,9600000,move-arms-0-0.7-m-l,3,penalty_ankle_roll_mean,0.1365778148174286
g1_lafan,4728,4728,9600000,move-arms-0-0.7-m-l,3,penalty_ankle_roll_active_fraction,1.0
g1_lafan,4728,4728,9600000,move-arms-0-0.7-m-l,3,penalty_slippage_mean,0.4312063753604889
g1_lafan,4728,4728,9600000,move-arms-0-0.7-m-l,3,penalty_slippage_active_fraction,0.9720000624656677
g1_lafan,4728,4728,9600000,move-arms-0-0.7-m-l,4,return,89.47425842285156
g1_lafan,4728,4728,9600000,move-arms-0-0.7-m-l,4,auxiliary_cost,2.5758728981018066
g1_lafan,4728,4728,9600000,move-arms-0-0.7-m-l,4,safety_violation_rate,1.0
g1_lafan,4728,4728,9600000,move-arms-0-0.7-m-l,4,termination_rate,0.0
g1_lafan,4728,4728,9600000,move-arms-0-0.7-m-l,4,action_l2,2.587965488433838
g1_lafan,4728,4728,9600000,move-arms-0-0.7-m-l,4,penalty_torques_mean,8036.787109375
g1_lafan,4728,4728,9600000,move-arms-0-0.7-m-l,4,penalty_torques_active_fraction,1.0
g1_lafan,4728,4728,9600000,move-arms-0-0.7-m-l,4,penalty_action_rate_mean,2.533754587173462
g1_lafan,4728,4728,9600000,move-arms-0-0.7-m-l,4,penalty_action_rate_active_fraction,1.0
g1_lafan,4728,4728,9600000,move-arms-0-0.7-m-l,4,limits_dof_pos_mean,0.02576109580695629
g1_lafan,4728,4728,9600000,move-arms-0-0.7-m-l,4,limits_dof_pos_active_fraction,1.0
g1_lafan,4728,4728,9600000,move-arms-0-0.7-m-l,4,limits_torque_mean,5.066296577453613
g1_lafan,4728,4728,9600000,move-arms-0-0.7-m-l,4,limits_torque_active_fraction,0.9960000514984131
g1_lafan,4728,4728,9600000,move-arms-0-0.7-m-l,4,penalty_undesired_contact_mean,0.5940000414848328
g1_lafan,4728,4728,9600000,move-arms-0-0.7-m-l,4,penalty_undesired_contact_active_fraction,0.5940000414848328
g1_lafan,4728,4728,9600000,move-arms-0-0.7-m-l,4,penalty_feet_ori_mean,0.4711152911186218
g1_lafan,4728,4728,9600000,move-arms-0-0.7-m-l,4,penalty_feet_ori_active_fraction,1.0
g1_lafan,4728,4728,9600000,move-arms-0-0.7-m-l,4,penalty_ankle_roll_mean,0.1360953003168106
g1_lafan,4728,4728,9600000,move-arms-0-0.7-m-l,4,penalty_ankle_roll_active_fraction,1.0
g1_lafan,4728,4728,9600000,move-arms-0-0.7-m-l,4,penalty_slippage_mean,0.36902865767478943
g1_lafan,4728,4728,9600000,move-arms-0-0.7-m-l,4,penalty_slippage_active_fraction,1.0
g1_lafan,4728,4728,9600000,move-arms-0-0.7-m-l,5,return,96.1265869140625
g1_lafan,4728,4728,9600000,move-arms-0-0.7-m-l,5,auxiliary_cost,2.7723309993743896
g1_lafan,4728,4728,9600000,move-arms-0-0.7-m-l,5,safety_violation_rate,0.9980000257492065
g1_lafan,4728,4728,9600000,move-arms-0-0.7-m-l,5,termination_rate,0.0
g1_lafan,4728,4728,9600000,move-arms-0-0.7-m-l,5,action_l2,2.6783041954040527
g1_lafan,4728,4728,9600000,move-arms-0-0.7-m-l,5,penalty_torques_mean,9363.8388671875
g1_lafan,4728,4728,9600000,move-arms-0-0.7-m-l,5,penalty_torques_active_fraction,1.0
g1_lafan,4728,4728,9600000,move-arms-0-0.7-m-l,5,penalty_action_rate_mean,3.4676525592803955
g1_lafan,4728,4728,9600000,move-arms-0-0.7-m-l,5,penalty_action_rate_active_fraction,1.0
g1_lafan,4728,4728,9600000,move-arms-0-0.7-m-l,5,limits_dof_pos_mean,0.02892363630235195
g1_lafan,4728,4728,9600000,move-arms-0-0.7-m-l,5,limits_dof_pos_active_fraction,0.9980000257492065
g1_lafan,4728,4728,9600000,move-arms-0-0.7-m-l,5,limits_torque_mean,5.190963268280029
g1_lafan,4728,4728,9600000,move-arms-0-0.7-m-l,5,limits_torque_active_fraction,0.9940000176429749
g1_lafan,4728,4728,9600000,move-arms-0-0.7-m-l,5,penalty_undesired_contact_mean,0.5940000414848328
g1_lafan,4728,4728,9600000,move-arms-0-0.7-m-l,5,penalty_undesired_contact_active_fraction,0.5940000414848328
g1_lafan,4728,4728,9600000,move-arms-0-0.7-m-l,5,penalty_feet_ori_mean,0.4622173607349396
g1_lafan,4728,4728,9600000,move-arms-0-0.7-m-l,5,penalty_feet_ori_active_fraction,0.9820000529289246
g1_lafan,4728,4728,9600000,move-arms-0-0.7-m-l,5,penalty_ankle_roll_mean,0.1361904889345169
g1_lafan,4728,4728,9600000,move-arms-0-0.7-m-l,5,penalty_ankle_roll_active_fraction,1.0
g1_lafan,4728,4728,9600000,move-arms-0-0.7-m-l,5,penalty_slippage_mean,0.40633997321128845
g1_lafan,4728,4728,9600000,move-arms-0-0.7-m-l,5,penalty_slippage_active_fraction,0.9820000529289246
g1_lafan,4728,4728,9600000,move-arms-0-0.7-m-l,6,return,82.93004608154297
g1_lafan,4728,4728,9600000,move-arms-0-0.7-m-l,6,auxiliary_cost,2.8480732440948486
g1_lafan,4728,4728,9600000,move-arms-0-0.7-m-l,6,safety_violation_rate,1.0
g1_lafan,4728,4728,9600000,move-arms-0-0.7-m-l,6,termination_rate,0.0
g1_lafan,4728,4728,9600000,move-arms-0-0.7-m-l,6,action_l2,2.676016330718994
g1_lafan,4728,4728,9600000,move-arms-0-0.7-m-l,6,penalty_torques_mean,9446.0771484375
g1_lafan,4728,4728,9600000,move-arms-0-0.7-m-l,6,penalty_torques_active_fraction,1.0
g1_lafan,4728,4728,9600000,move-arms-0-0.7-m-l,6,penalty_action_rate_mean,3.9921908378601074
g1_lafan,4728,4728,9600000,move-arms-0-0.7-m-l,6,penalty_action_rate_active_fraction,1.0
g1_lafan,4728,4728,9600000,move-arms-0-0.7-m-l,6,limits_dof_pos_mean,0.02856609784066677
g1_lafan,4728,4728,9600000,move-arms-0-0.7-m-l,6,limits_dof_pos_active_fraction,1.0
g1_lafan,4728,4728,9600000,move-arms-0-0.7-m-l,6,limits_torque_mean,5.251092910766602
g1_lafan,4728,4728,9600000,move-arms-0-0.7-m-l,6,limits_torque_active_fraction,0.9980000257492065
g1_lafan,4728,4728,9600000,move-arms-0-0.7-m-l,6,penalty_undesired_contact_mean,0.5040000081062317
g1_lafan,4728,4728,9600000,move-arms-0-0.7-m-l,6,penalty_undesired_contact_active_fraction,0.5040000081062317
g1_lafan,4728,4728,9600000,move-arms-0-0.7-m-l,6,penalty_feet_ori_mean,0.4909413158893585
g1_lafan,4728,4728,9600000,move-arms-0-0.7-m-l,6,penalty_feet_ori_active_fraction,0.9820000529289246
g1_lafan,4728,4728,9600000,move-arms-0-0.7-m-l,6,penalty_ankle_roll_mean,0.13626457750797272
g1_lafan,4728,4728,9600000,move-arms-0-0.7-m-l,6,penalty_ankle_roll_active_fraction,1.0
g1_lafan,4728,4728,9600000,move-arms-0-0.7-m-l,6,penalty_slippage_mean,0.4588790535926819
g1_lafan,4728,4728,9600000,move-arms-0-0.7-m-l,6,penalty_slippage_active_fraction,0.9820000529289246
g1_lafan,4728,4728,9600000,move-arms-0-0.7-m-l,7,return,73.80730438232422
g1_lafan,4728,4728,9600000,move-arms-0-0.7-m-l,7,auxiliary_cost,3.189105272293091
g1_lafan,4728,4728,9600000,move-arms-0-0.7-m-l,7,safety_violation_rate,1.0
g1_lafan,4728,4728,9600000,move-arms-0-0.7-m-l,7,termination_rate,0.0
g1_lafan,4728,4728,9600000,move-arms-0-0.7-m-l,7,action_l2,2.6307456493377686
g1_lafan,4728,4728,9600000,move-arms-0-0.7-m-l,7,penalty_torques_mean,9141.6484375
g1_lafan,4728,4728,9600000,move-arms-0-0.7-m-l,7,penalty_torques_active_fraction,1.0
g1_lafan,4728,4728,9600000,move-arms-0-0.7-m-l,7,penalty_action_rate_mean,3.9715726375579834
g1_lafan,4728,4728,9600000,move-arms-0-0.7-m-l,7,penalty_action_rate_active_fraction,1.0
g1_lafan,4728,4728,9600000,move-arms-0-0.7-m-l,7,limits_dof_pos_mean,0.027338838204741478
g1_lafan,4728,4728,9600000,move-arms-0-0.7-m-l,7,limits_dof_pos_active_fraction,1.0
g1_lafan,4728,4728,9600000,move-arms-0-0.7-m-l,7,limits_torque_mean,5.311210632324219
g1_lafan,4728,4728,9600000,move-arms-0-0.7-m-l,7,limits_torque_active_fraction,0.9980000257492065
g1_lafan,4728,4728,9600000,move-arms-0-0.7-m-l,7,penalty_undesired_contact_mean,0.7920000553131104
g1_lafan,4728,4728,9600000,move-arms-0-0.7-m-l,7,penalty_undesired_contact_active_fraction,0.7920000553131104
g1_lafan,4728,4728,9600000,move-arms-0-0.7-m-l,7,penalty_feet_ori_mean,0.5236703753471375
g1_lafan,4728,4728,9600000,move-arms-0-0.7-m-l,7,penalty_feet_ori_active_fraction,0.9780000448226929
g1_lafan,4728,4728,9600000,move-arms-0-0.7-m-l,7,penalty_ankle_roll_mean,0.13666275143623352
g1_lafan,4728,4728,9600000,move-arms-0-0.7-m-l,7,penalty_ankle_roll_active_fraction,1.0
g1_lafan,4728,4728,9600000,move-arms-0-0.7-m-l,7,penalty_slippage_mean,0.485220342874527
g1_lafan,4728,4728,9600000,move-arms-0-0.7-m-l,7,penalty_slippage_active_fraction,0.9780000448226929
g1_lafan,4728,4728,9600000,move-arms-0-0.7-m-l,8,return,119.87277221679688
g1_lafan,4728,4728,9600000,move-arms-0-0.7-m-l,8,auxiliary_cost,2.941972255706787
g1_lafan,4728,4728,9600000,move-arms-0-0.7-m-l,8,safety_violation_rate,1.0
g1_lafan,4728,4728,9600000,move-arms-0-0.7-m-l,8,termination_rate,0.0
g1_lafan,4728,4728,9600000,move-arms-0-0.7-m-l,8,action_l2,2.52138352394104
g1_lafan,4728,4728,9600000,move-arms-0-0.7-m-l,8,penalty_torques_mean,8151.7900390625
g1_lafan,4728,4728,9600000,move-arms-0-0.7-m-l,8,penalty_torques_active_fraction,1.0
g1_lafan,4728,4728,9600000,move-arms-0-0.7-m-l,8,penalty_action_rate_mean,2.850762128829956
g1_lafan,4728,4728,9600000,move-arms-0-0.7-m-l,8,penalty_action_rate_active_fraction,1.0
g1_lafan,4728,4728,9600000,move-arms-0-0.7-m-l,8,limits_dof_pos_mean,0.025321613997220993
g1_lafan,4728,4728,9600000,move-arms-0-0.7-m-l,8,limits_dof_pos_active_fraction,0.9960000514984131
g1_lafan,4728,4728,9600000,move-arms-0-0.7-m-l,8,limits_torque_mean,4.805540084838867
g1_lafan,4728,4728,9600000,move-arms-0-0.7-m-l,8,limits_torque_active_fraction,0.9920000433921814
g1_lafan,4728,4728,9600000,move-arms-0-0.7-m-l,8,penalty_undesired_contact_mean,0.5920000076293945
g1_lafan,4728,4728,9600000,move-arms-0-0.7-m-l,8,penalty_undesired_contact_active_fraction,0.5920000076293945
g1_lafan,4728,4728,9600000,move-arms-0-0.7-m-l,8,penalty_feet_ori_mean,0.4052788317203522
g1_lafan,4728,4728,9600000,move-arms-0-0.7-m-l,8,penalty_feet_ori_active_fraction,0.9960000514984131
g1_lafan,4728,4728,9600000,move-arms-0-0.7-m-l,8,penalty_ankle_roll_mean,0.13558490574359894
g1_lafan,4728,4728,9600000,move-arms-0-0.7-m-l,8,penalty_ankle_roll_active_fraction,1.0
g1_lafan,4728,4728,9600000,move-arms-0-0.7-m-l,8,penalty_slippage_mean,0.5536134243011475
g1_lafan,4728,4728,9600000,move-arms-0-0.7-m-l,8,penalty_slippage_active_fraction,0.9960000514984131
g1_lafan,4728,4728,9600000,move-arms-0-0.7-m-l,9,return,83.8956069946289
g1_lafan,4728,4728,9600000,move-arms-0-0.7-m-l,9,auxiliary_cost,2.6233601570129395
g1_lafan,4728,4728,9600000,move-arms-0-0.7-m-l,9,safety_violation_rate,1.0
g1_lafan,4728,4728,9600000,move-arms-0-0.7-m-l,9,termination_rate,0.0
g1_lafan,4728,4728,9600000,move-arms-0-0.7-m-l,9,action_l2,2.6561875343322754
g1_lafan,4728,4728,9600000,move-arms-0-0.7-m-l,9,penalty_torques_mean,8779.240234375
g1_lafan,4728,4728,9600000,move-arms-0-0.7-m-l,9,penalty_torques_active_fraction,1.0
g1_lafan,4728,4728,9600000,move-arms-0-0.7-m-l,9,penalty_action_rate_mean,3.4340856075286865
g1_lafan,4728,4728,9600000,move-arms-0-0.7-m-l,9,penalty_action_rate_active_fraction,1.0
g1_lafan,4728,4728,9600000,move-arms-0-0.7-m-l,9,limits_dof_pos_mean,0.027047282084822655
g1_lafan,4728,4728,9600000,move-arms-0-0.7-m-l,9,limits_dof_pos_active_fraction,1.0
g1_lafan,4728,4728,9600000,move-arms-0-0.7-m-l,9,limits_torque_mean,5.181037902832031
g1_lafan,4728,4728,9600000,move-arms-0-0.7-m-l,9,limits_torque_active_fraction,1.0
g1_lafan,4728,4728,9600000,move-arms-0-0.7-m-l,9,penalty_undesired_contact_mean,0.5
g1_lafan,4728,4728,9600000,move-arms-0-0.7-m-l,9,penalty_undesired_contact_active_fraction,0.5
g1_lafan,4728,4728,9600000,move-arms-0-0.7-m-l,9,penalty_feet_ori_mean,0.4823162853717804
g1_lafan,4728,4728,9600000,move-arms-0-0.7-m-l,9,penalty_feet_ori_active_fraction,0.9860000610351562
g1_lafan,4728,4728,9600000,move-arms-0-0.7-m-l,9,penalty_ankle_roll_mean,0.136125385761261
g1_lafan,4728,4728,9600000,move-arms-0-0.7-m-l,9,penalty_ankle_roll_active_fraction,1.0
g1_lafan,4728,4728,9600000,move-arms-0-0.7-m-l,9,penalty_slippage_mean,0.38602468371391296
g1_lafan,4728,4728,9600000,move-arms-0-0.7-m-l,9,penalty_slippage_active_fraction,0.9860000610351562
g1_lafan,4728,4728,9600000,move-arms-90-0.7-m-l,0,return,76.26654052734375
g1_lafan,4728,4728,9600000,move-arms-90-0.7-m-l,0,auxiliary_cost,2.332602024078369
g1_lafan,4728,4728,9600000,move-arms-90-0.7-m-l,0,safety_violation_rate,0.9980000257492065
g1_lafan,4728,4728,9600000,move-arms-90-0.7-m-l,0,termination_rate,0.0
g1_lafan,4728,4728,9600000,move-arms-90-0.7-m-l,0,action_l2,2.7198281288146973
g1_lafan,4728,4728,9600000,move-arms-90-0.7-m-l,0,penalty_torques_mean,7644.15966796875
g1_lafan,4728,4728,9600000,move-arms-90-0.7-m-l,0,penalty_torques_active_fraction,1.0
g1_lafan,4728,4728,9600000,move-arms-90-0.7-m-l,0,penalty_action_rate_mean,1.9766560792922974
g1_lafan,4728,4728,9600000,move-arms-90-0.7-m-l,0,penalty_action_rate_active_fraction,1.0
g1_lafan,4728,4728,9600000,move-arms-90-0.7-m-l,0,limits_dof_pos_mean,0.0599563792347908
g1_lafan,4728,4728,9600000,move-arms-90-0.7-m-l,0,limits_dof_pos_active_fraction,0.9980000257492065
g1_lafan,4728,4728,9600000,move-arms-90-0.7-m-l,0,limits_torque_mean,5.222466945648193
g1_lafan,4728,4728,9600000,move-arms-90-0.7-m-l,0,limits_torque_active_fraction,0.9960000514984131
g1_lafan,4728,4728,9600000,move-arms-90-0.7-m-l,0,penalty_undesired_contact_mean,0.0
g1_lafan,4728,4728,9600000,move-arms-90-0.7-m-l,0,penalty_undesired_contact_active_fraction,0.0
g1_lafan,4728,4728,9600000,move-arms-90-0.7-m-l,0,penalty_feet_ori_mean,0.3121182918548584
g1_lafan,4728,4728,9600000,move-arms-90-0.7-m-l,0,penalty_feet_ori_active_fraction,1.0
g1_lafan,4728,4728,9600000,move-arms-90-0.7-m-l,0,penalty_ankle_roll_mean,0.1364348828792572
g1_lafan,4728,4728,9600000,move-arms-90-0.7-m-l,0,penalty_ankle_roll_active_fraction,1.0
g1_lafan,4728,4728,9600000,move-arms-90-0.7-m-l,0,penalty_slippage_mean,0.43239206075668335
g1_lafan,4728,4728,9600000,move-arms-90-0.7-m-l,0,penalty_slippage_active_fraction,1.0
g1_lafan,4728,4728,9600000,move-arms-90-0.7-m-l,1,return,24.416683197021484
g1_lafan,4728,4728,9600000,move-arms-90-0.7-m-l,1,auxiliary_cost,2.1262619495391846
g1_lafan,4728,4728,9600000,move-arms-90-0.7-m-l,1,safety_violation_rate,1.0
g1_lafan,4728,4728,9600000,move-arms-90-0.7-m-l,1,termination_rate,0.0
g1_lafan,4728,4728,9600000,move-arms-90-0.7-m-l,1,action_l2,2.725053071975708
g1_lafan,4728,4728,9600000,move-arms-90-0.7-m-l,1,penalty_torques_mean,8003.76611328125
g1_lafan,4728,4728,9600000,move-arms-90-0.7-m-l,1,penalty_torques_active_fraction,1.0
g1_lafan,4728,4728,9600000,move-arms-90-0.7-m-l,1,penalty_action_rate_mean,2.137432813644409
g1_lafan,4728,4728,9600000,move-arms-90-0.7-m-l,1,penalty_action_rate_active_fraction,1.0
g1_lafan,4728,4728,9600000,move-arms-90-0.7-m-l,1,limits_dof_pos_mean,0.056375548243522644
g1_lafan,4728,4728,9600000,move-arms-90-0.7-m-l,1,limits_dof_pos_active_fraction,0.9980000257492065
g1_lafan,4728,4728,9600000,move-arms-90-0.7-m-l,1,limits_torque_mean,4.934378147125244
g1_lafan,4728,4728,9600000,move-arms-90-0.7-m-l,1,limits_torque_active_fraction,1.0
g1_lafan,4728,4728,9600000,move-arms-90-0.7-m-l,1,penalty_undesired_contact_mean,0.02200000174343586
g1_lafan,4728,4728,9600000,move-arms-90-0.7-m-l,1,penalty_undesired_contact_active_fraction,0.02200000174343586
g1_lafan,4728,4728,9600000,move-arms-90-0.7-m-l,1,penalty_feet_ori_mean,0.3430802524089813
g1_lafan,4728,4728,9600000,move-arms-90-0.7-m-l,1,penalty_feet_ori_active_fraction,1.0
g1_lafan,4728,4728,9600000,move-arms-90-0.7-m-l,1,penalty_ankle_roll_mean,0.13502581417560577
g1_lafan,4728,4728,9600000,move-arms-90-0.7-m-l,1,penalty_ankle_roll_active_fraction,1.0
g1_lafan,4728,4728,9600000,move-arms-90-0.7-m-l,1,penalty_slippage_mean,0.32471364736557007
g1_lafan,4728,4728,9600000,move-arms-90-0.7-m-l,1,penalty_slippage_active_fraction,1.0
g1_lafan,4728,4728,9600000,move-arms-90-0.7-m-l,2,return,84.66492462158203
g1_lafan,4728,4728,9600000,move-arms-90-0.7-m-l,2,auxiliary_cost,2.4110398292541504
g1_lafan,4728,4728,9600000,move-arms-90-0.7-m-l,2,safety_violation_rate,0.9980000257492065
g1_lafan,4728,4728,9600000,move-arms-90-0.7-m-l,2,termination_rate,0.0
g1_lafan,4728,4728,9600000,move-arms-90-0.7-m-l,2,action_l2,2.783944606781006
g1_lafan,4728,4728,9600000,move-arms-90-0.7-m-l,2,penalty_torques_mean,8788.7919921875
g1_lafan,4728,4728,9600000,move-arms-90-0.7-m-l,2,penalty_torques_active_fraction,1.0
g1_lafan,4728,4728,9600000,move-arms-90-0.7-m-l,2,penalty_action_rate_mean,3.1963393688201904
g1_lafan,4728,4728,9600000,move-arms-90-0.7-m-l,2,penalty_action_rate_active_fraction,1.0
g1_lafan,4728,4728,9600000,move-arms-90-0.7-m-l,2,limits_dof_pos_mean,0.05712661147117615
g1_lafan,4728,4728,9600000,move-arms-90-0.7-m-l,2,limits_dof_pos_active_fraction,0.9980000257492065
g1_lafan,4728,4728,9600000,move-arms-90-0.7-m-l,2,limits_torque_mean,5.34502649307251
g1_lafan,4728,4728,9600000,move-arms-90-0.7-m-l,2,limits_torque_active_fraction,0.9980000257492065
g1_lafan,4728,4728,9600000,move-arms-90-0.7-m-l,2,penalty_undesired_contact_mean,0.0
g1_lafan,4728,4728,9600000,move-arms-90-0.7-m-l,2,penalty_undesired_contact_active_fraction,0.0
g1_lafan,4728,4728,9600000,move-arms-90-0.7-m-l,2,penalty_feet_ori_mean,0.31064170598983765
g1_lafan,4728,4728,9600000,move-arms-90-0.7-m-l,2,penalty_feet_ori_active_fraction,0.9780000448226929
g1_lafan,4728,4728,9600000,move-arms-90-0.7-m-l,2,penalty_ankle_roll_mean,0.13664177060127258
g1_lafan,4728,4728,9600000,move-arms-90-0.7-m-l,2,penalty_ankle_roll_active_fraction,1.0
g1_lafan,4728,4728,9600000,move-arms-90-0.7-m-l,2,penalty_slippage_mean,0.4246579706668854
g1_lafan,4728,4728,9600000,move-arms-90-0.7-m-l,2,penalty_slippage_active_fraction,0.9780000448226929
g1_lafan,4728,4728,9600000,move-arms-90-0.7-m-l,3,return,85.49340057373047
g1_lafan,4728,4728,9600000,move-arms-90-0.7-m-l,3,auxiliary_cost,2.5632059574127197
g1_lafan,4728,4728,9600000,move-arms-90-0.7-m-l,3,safety_violation_rate,1.0
g1_lafan,4728,4728,9600000,move-arms-90-0.7-m-l,3,termination_rate,0.0
g1_lafan,4728,4728,9600000,move-arms-90-0.7-m-l,3,action_l2,2.8090600967407227
g1_lafan,4728,4728,9600000,move-arms-90-0.7-m-l,3,penalty_torques_mean,9074.2890625
g1_lafan,4728,4728,9600000,move-arms-90-0.7-m-l,3,penalty_torques_active_fraction,1.0
g1_lafan,4728,4728,9600000,move-arms-90-0.7-m-l,3,penalty_action_rate_mean,3.5512783527374268
g1_lafan,4728,4728,9600000,move-arms-90-0.7-m-l,3,penalty_action_rate_active_fraction,1.0
g1_lafan,4728,4728,9600000,move-arms-90-0.7-m-l,3,limits_dof_pos_mean,0.05434722080826759
g1_lafan,4728,4728,9600000,move-arms-90-0.7-m-l,3,limits_dof_pos_active_fraction,1.0
g1_lafan,4728,4728,9600000,move-arms-90-0.7-m-l,3,limits_torque_mean,5.452445983886719
g1_lafan,4728,4728,9600000,move-arms-90-0.7-m-l,3,limits_torque_active_fraction,0.9980000257492065
g1_lafan,4728,4728,9600000,move-arms-90-0.7-m-l,3,penalty_undesired_contact_mean,0.0860000029206276
g1_lafan,4728,4728,9600000,move-arms-90-0.7-m-l,3,penalty_undesired_contact_active_fraction,0.0860000029206276
g1_lafan,4728,4728,9600000,move-arms-90-0.7-m-l,3,penalty_feet_ori_mean,0.3461652398109436
g1_lafan,4728,4728,9600000,move-arms-90-0.7-m-l,3,penalty_feet_ori_active_fraction,0.9120000600814819
g1_lafan,4728,4728,9600000,move-arms-90-0.7-m-l,3,penalty_ankle_roll_mean,0.13671272993087769
g1_lafan,4728,4728,9600000,move-arms-90-0.7-m-l,3,penalty_ankle_roll_active_fraction,1.0
g1_lafan,4728,4728,9600000,move-arms-90-0.7-m-l,3,penalty_slippage_mean,0.44664421677589417
g1_lafan,4728,4728,9600000,move-arms-90-0.7-m-l,3,penalty_slippage_active_fraction,0.9120000600814819
g1_lafan,4728,4728,9600000,move-arms-90-0.7-m-l,4,return,103.06465911865234
g1_lafan,4728,4728,9600000,move-arms-90-0.7-m-l,4,auxiliary_cost,2.423316240310669
g1_lafan,4728,4728,9600000,move-arms-90-0.7-m-l,4,safety_violation_rate,1.0
g1_lafan,4728,4728,9600000,move-arms-90-0.7-m-l,4,termination_rate,0.0
g1_lafan,4728,4728,9600000,move-arms-90-0.7-m-l,4,action_l2,2.8148741722106934
g1_lafan,4728,4728,9600000,move-arms-90-0.7-m-l,4,penalty_torques_mean,9260.439453125
g1_lafan,4728,4728,9600000,move-arms-90-0.7-m-l,4,penalty_torques_active_fraction,1.0
g1_lafan,4728,4728,9600000,move-arms-90-0.7-m-l,4,penalty_action_rate_mean,3.811664581298828
g1_lafan,4728,4728,9600000,move-arms-90-0.7-m-l,4,penalty_action_rate_active_fraction,1.0
g1_lafan,4728,4728,9600000,move-arms-90-0.7-m-l,4,limits_dof_pos_mean,0.05931023135781288
g1_lafan,4728,4728,9600000,move-arms-90-0.7-m-l,4,limits_dof_pos_active_fraction,1.0
g1_lafan,4728,4728,9600000,move-arms-90-0.7-m-l,4,limits_torque_mean,5.291162490844727
g1_lafan,4728,4728,9600000,move-arms-90-0.7-m-l,4,limits_torque_active_fraction,1.0
g1_lafan,4728,4728,9600000,move-arms-90-0.7-m-l,4,penalty_undesired_contact_mean,0.004000000189989805
g1_lafan,4728,4728,9600000,move-arms-90-0.7-m-l,4,penalty_undesired_contact_active_fraction,0.004000000189989805
g1_lafan,4728,4728,9600000,move-arms-90-0.7-m-l,4,penalty_feet_ori_mean,0.2872474193572998
g1_lafan,4728,4728,9600000,move-arms-90-0.7-m-l,4,penalty_feet_ori_active_fraction,0.9720000624656677
g1_lafan,4728,4728,9600000,move-arms-90-0.7-m-l,4,penalty_ankle_roll_mean,0.13622307777404785
g1_lafan,4728,4728,9600000,move-arms-90-0.7-m-l,4,penalty_ankle_roll_active_fraction,1.0
g1_lafan,4728,4728,9600000,move-arms-90-0.7-m-l,4,penalty_slippage_mean,0.39262813329696655
g1_lafan,4728,4728,9600000,move-arms-90-0.7-m-l,4,penalty_slippage_active_fraction,0.9720000624656677
g1_lafan,4728,4728,9600000,move-arms-90-0.7-m-l,5,return,94.33130645751953
g1_lafan,4728,4728,9600000,move-arms-90-0.7-m-l,5,auxiliary_cost,2.2448158264160156
g1_lafan,4728,4728,9600000,move-arms-90-0.7-m-l,5,safety_violation_rate,0.9980000257492065
g1_lafan,4728,4728,9600000,move-arms-90-0.7-m-l,5,termination_rate,0.0
g1_lafan,4728,4728,9600000,move-arms-90-0.7-m-l,5,action_l2,2.717195987701416
g1_lafan,4728,4728,9600000,move-arms-90-0.7-m-l,5,penalty_torques_mean,8548.845703125
g1_lafan,4728,4728,9600000,move-arms-90-0.7-m-l,5,penalty_torques_active_fraction,1.0
g1_lafan,4728,4728,9600000,move-arms-90-0.7-m-l,5,penalty_action_rate_mean,2.571396827697754
g1_lafan,4728,4728,9600000,move-arms-90-0.7-m-l,5,penalty_action_rate_active_fraction,1.0
g1_lafan,4728,4728,9600000,move-arms-90-0.7-m-l,5,limits_dof_pos_mean,0.04885450005531311
g1_lafan,4728,4728,9600000,move-arms-90-0.7-m-l,5,limits_dof_pos_active_fraction,0.9940000176429749
g1_lafan,4728,4728,9600000,move-arms-90-0.7-m-l,5,limits_torque_mean,4.922579765319824
g1_lafan,4728,4728,9600000,move-arms-90-0.7-m-l,5,limits_torque_active_fraction,0.9940000176429749
g1_lafan,4728,4728,9600000,move-arms-90-0.7-m-l,5,penalty_undesired_contact_mean,0.0
g1_lafan,4728,4728,9600000,move-arms-90-0.7-m-l,5,penalty_undesired_contact_active_fraction,0.0
g1_lafan,4728,4728,9600000,move-arms-90-0.7-m-l,5,penalty_feet_ori_mean,0.37231290340423584
g1_lafan,4728,4728,9600000,move-arms-90-0.7-m-l,5,penalty_feet_ori_active_fraction,0.9960000514984131
g1_lafan,4728,4728,9600000,move-arms-90-0.7-m-l,5,penalty_ankle_roll_mean,0.13524891436100006
g1_lafan,4728,4728,9600000,move-arms-90-0.7-m-l,5,penalty_ankle_roll_active_fraction,1.0
g1_lafan,4728,4728,9600000,move-arms-90-0.7-m-l,5,penalty_slippage_mean,0.40460485219955444
g1_lafan,4728,4728,9600000,move-arms-90-0.7-m-l,5,penalty_slippage_active_fraction,0.9960000514984131
g1_lafan,4728,4728,9600000,move-arms-90-0.7-m-l,6,return,101.94004821777344
g1_lafan,4728,4728,9600000,move-arms-90-0.7-m-l,6,auxiliary_cost,2.3175857067108154
g1_lafan,4728,4728,9600000,move-arms-90-0.7-m-l,6,safety_violation_rate,1.0
g1_lafan,4728,4728,9600000,move-arms-90-0.7-m-l,6,termination_rate,0.0
g1_lafan,4728,4728,9600000,move-arms-90-0.7-m-l,6,action_l2,2.7691197395324707
g1_lafan,4728,4728,9600000,move-arms-90-0.7-m-l,6,penalty_torques_mean,9821.82421875
g1_lafan,4728,4728,9600000,move-arms-90-0.7-m-l,6,penalty_torques_active_fraction,1.0
g1_lafan,4728,4728,9600000,move-arms-90-0.7-m-l,6,penalty_action_rate_mean,3.9206061363220215
g1_lafan,4728,4728,9600000,move-arms-90-0.7-m-l,6,penalty_action_rate_active_fraction,1.0
g1_lafan,4728,4728,9600000,move-arms-90-0.7-m-l,6,limits_dof_pos_mean,0.04543204978108406
g1_lafan,4728,4728,9600000,move-arms-90-0.7-m-l,6,limits_dof_pos_active_fraction,1.0
g1_lafan,4728,4728,9600000,move-arms-90-0.7-m-l,6,limits_torque_mean,5.274051666259766
g1_lafan,4728,4728,9600000,move-arms-90-0.7-m-l,6,limits_torque_active_fraction,1.0
g1_lafan,4728,4728,9600000,move-arms-90-0.7-m-l,6,penalty_undesired_contact_mean,0.02200000174343586
g1_lafan,4728,4728,9600000,move-arms-90-0.7-m-l,6,penalty_undesired_contact_active_fraction,0.02200000174343586
g1_lafan,4728,4728,9600000,move-arms-90-0.7-m-l,6,penalty_feet_ori_mean,0.28634876012802124
g1_lafan,4728,4728,9600000,move-arms-90-0.7-m-l,6,penalty_feet_ori_active_fraction,0.9720000624656677
g1_lafan,4728,4728,9600000,move-arms-90-0.7-m-l,6,penalty_ankle_roll_mean,0.13664744794368744
g1_lafan,4728,4728,9600000,move-arms-90-0.7-m-l,6,penalty_ankle_roll_active_fraction,1.0
g1_lafan,4728,4728,9600000,move-arms-90-0.7-m-l,6,penalty_slippage_mean,0.3940369486808777
g1_lafan,4728,4728,9600000,move-arms-90-0.7-m-l,6,penalty_slippage_active_fraction,0.9720000624656677
g1_lafan,4728,4728,9600000,move-arms-90-0.7-m-l,7,return,85.09747314453125
g1_lafan,4728,4728,9600000,move-arms-90-0.7-m-l,7,auxiliary_cost,2.3954856395721436
g1_lafan,4728,4728,9600000,move-arms-90-0.7-m-l,7,safety_violation_rate,1.0
g1_lafan,4728,4728,9600000,move-arms-90-0.7-m-l,7,termination_rate,0.0
g1_lafan,4728,4728,9600000,move-arms-90-0.7-m-l,7,action_l2,2.7756283283233643
g1_lafan,4728,4728,9600000,move-arms-90-0.7-m-l,7,penalty_torques_mean,9072.80859375
g1_lafan,4728,4728,9600000,move-arms-90-0.7-m-l,7,penalty_torques_active_fraction,1.0
g1_lafan,4728,4728,9600000,move-arms-90-0.7-m-l,7,penalty_action_rate_mean,3.811751127243042
g1_lafan,4728,4728,9600000,move-arms-90-0.7-m-l,7,penalty_action_rate_active_fraction,1.0
g1_lafan,4728,4728,9600000,move-arms-90-0.7-m-l,7,limits_dof_pos_mean,0.050909679383039474
g1_lafan,4728,4728,9600000,move-arms-90-0.7-m-l,7,limits_dof_pos_active_fraction,1.0
g1_lafan,4728,4728,9600000,move-arms-90-0.7-m-l,7,limits_torque_mean,5.209826469421387
g1_lafan,4728,4728,9600000,move-arms-90-0.7-m-l,7,limits_torque_active_fraction,1.0
g1_lafan,4728,4728,9600000,move-arms-90-0.7-m-l,7,penalty_undesired_contact_mean,0.026000000536441803
g1_lafan,4728,4728,9600000,move-arms-90-0.7-m-l,7,penalty_undesired_contact_active_fraction,0.026000000536441803
g1_lafan,4728,4728,9600000,move-arms-90-0.7-m-l,7,penalty_feet_ori_mean,0.3107394576072693
g1_lafan,4728,4728,9600000,move-arms-90-0.7-m-l,7,penalty_feet_ori_active_fraction,0.956000030040741
g1_lafan,4728,4728,9600000,move-arms-90-0.7-m-l,7,penalty_ankle_roll_mean,0.13632147014141083
g1_lafan,4728,4728,9600000,move-arms-90-0.7-m-l,7,penalty_ankle_roll_active_fraction,1.0
g1_lafan,4728,4728,9600000,move-arms-90-0.7-m-l,7,penalty_slippage_mean,0.40481528639793396
g1_lafan,4728,4728,9600000,move-arms-90-0.7-m-l,7,penalty_slippage_active_fraction,0.956000030040741
g1_lafan,4728,4728,9600000,move-arms-90-0.7-m-l,8,return,19.0313663482666
g1_lafan,4728,4728,9600000,move-arms-90-0.7-m-l,8,auxiliary_cost,2.1395604610443115
g1_lafan,4728,4728,9600000,move-arms-90-0.7-m-l,8,safety_violation_rate,0.9940000176429749
g1_lafan,4728,4728,9600000,move-arms-90-0.7-m-l,8,termination_rate,0.0
g1_lafan,4728,4728,9600000,move-arms-90-0.7-m-l,8,action_l2,2.725847005844116
g1_lafan,4728,4728,9600000,move-arms-90-0.7-m-l,8,penalty_torques_mean,7775.693359375
g1_lafan,4728,4728,9600000,move-arms-90-0.7-m-l,8,penalty_torques_active_fraction,1.0
g1_lafan,4728,4728,9600000,move-arms-90-0.7-m-l,8,penalty_action_rate_mean,1.826433539390564
g1_lafan,4728,4728,9600000,move-arms-90-0.7-m-l,8,penalty_action_rate_active_fraction,1.0
g1_lafan,4728,4728,9600000,move-arms-90-0.7-m-l,8,limits_dof_pos_mean,0.05544791370630264
g1_lafan,4728,4728,9600000,move-arms-90-0.7-m-l,8,limits_dof_pos_active_fraction,0.9940000176429749
g1_lafan,4728,4728,9600000,move-arms-90-0.7-m-l,8,limits_torque_mean,4.9375529289245605
g1_lafan,4728,4728,9600000,move-arms-90-0.7-m-l,8,limits_torque_active_fraction,0.9900000691413879
g1_lafan,4728,4728,9600000,move-arms-90-0.7-m-l,8,penalty_undesired_contact_mean,0.0
g1_lafan,4728,4728,9600000,move-arms-90-0.7-m-l,8,penalty_undesired_contact_active_fraction,0.0
g1_lafan,4728,4728,9600000,move-arms-90-0.7-m-l,8,penalty_feet_ori_mean,0.4100232720375061
g1_lafan,4728,4728,9600000,move-arms-90-0.7-m-l,8,penalty_feet_ori_active_fraction,1.0
g1_lafan,4728,4728,9600000,move-arms-90-0.7-m-l,8,penalty_ankle_roll_mean,0.13506627082824707
g1_lafan,4728,4728,9600000,move-arms-90-0.7-m-l,8,penalty_ankle_roll_active_fraction,1.0
g1_lafan,4728,4728,9600000,move-arms-90-0.7-m-l,8,penalty_slippage_mean,0.3490818440914154
g1_lafan,4728,4728,9600000,move-arms-90-0.7-m-l,8,penalty_slippage_active_fraction,1.0
g1_lafan,4728,4728,9600000,move-arms-90-0.7-m-l,9,return,87.4904556274414
g1_lafan,4728,4728,9600000,move-arms-90-0.7-m-l,9,auxiliary_cost,2.4741733074188232
g1_lafan,4728,4728,9600000,move-arms-90-0.7-m-l,9,safety_violation_rate,1.0
g1_lafan,4728,4728,9600000,move-arms-90-0.7-m-l,9,termination_rate,0.0
g1_lafan,4728,4728,9600000,move-arms-90-0.7-m-l,9,action_l2,2.769348382949829
g1_lafan,4728,4728,9600000,move-arms-90-0.7-m-l,9,penalty_torques_mean,8962.2041015625
g1_lafan,4728,4728,9600000,move-arms-90-0.7-m-l,9,penalty_torques_active_fraction,1.0
g1_lafan,4728,4728,9600000,move-arms-90-0.7-m-l,9,penalty_action_rate_mean,3.471464157104492
g1_lafan,4728,4728,9600000,move-arms-90-0.7-m-l,9,penalty_action_rate_active_fraction,1.0
g1_lafan,4728,4728,9600000,move-arms-90-0.7-m-l,9,limits_dof_pos_mean,0.05611018091440201
g1_lafan,4728,4728,9600000,move-arms-90-0.7-m-l,9,limits_dof_pos_active_fraction,1.0
g1_lafan,4728,4728,9600000,move-arms-90-0.7-m-l,9,limits_torque_mean,5.206467151641846
g1_lafan,4728,4728,9600000,move-arms-90-0.7-m-l,9,limits_torque_active_fraction,1.0
g1_lafan,4728,4728,9600000,move-arms-90-0.7-m-l,9,penalty_undesired_contact_mean,0.09000000357627869
g1_lafan,4728,4728,9600000,move-arms-90-0.7-m-l,9,penalty_undesired_contact_active_fraction,0.09000000357627869
g1_lafan,4728,4728,9600000,move-arms-90-0.7-m-l,9,penalty_feet_ori_mean,0.3377823531627655
g1_lafan,4728,4728,9600000,move-arms-90-0.7-m-l,9,penalty_feet_ori_active_fraction,0.9760000705718994
g1_lafan,4728,4728,9600000,move-arms-90-0.7-m-l,9,penalty_ankle_roll_mean,0.13648714125156403
g1_lafan,4728,4728,9600000,move-arms-90-0.7-m-l,9,penalty_ankle_roll_active_fraction,1.0
g1_lafan,4728,4728,9600000,move-arms-90-0.7-m-l,9,penalty_slippage_mean,0.3974311053752899
g1_lafan,4728,4728,9600000,move-arms-90-0.7-m-l,9,penalty_slippage_active_fraction,0.9760000705718994
g1_lafan,4728,4728,9600000,move-arms-180-0.4-m-l,0,return,106.90716552734375
g1_lafan,4728,4728,9600000,move-arms-180-0.4-m-l,0,auxiliary_cost,1.3678836822509766
g1_lafan,4728,4728,9600000,move-arms-180-0.4-m-l,0,safety_violation_rate,0.9960000514984131
g1_lafan,4728,4728,9600000,move-arms-180-0.4-m-l,0,termination_rate,0.0
g1_lafan,4728,4728,9600000,move-arms-180-0.4-m-l,0,action_l2,2.482004165649414
g1_lafan,4728,4728,9600000,move-arms-180-0.4-m-l,0,penalty_torques_mean,6218.54052734375
g1_lafan,4728,4728,9600000,move-arms-180-0.4-m-l,0,penalty_torques_active_fraction,1.0
g1_lafan,4728,4728,9600000,move-arms-180-0.4-m-l,0,penalty_action_rate_mean,1.3610070943832397
g1_lafan,4728,4728,9600000,move-arms-180-0.4-m-l,0,penalty_action_rate_active_fraction,1.0
g1_lafan,4728,4728,9600000,move-arms-180-0.4-m-l,0,limits_dof_pos_mean,0.024520952254533768
g1_lafan,4728,4728,9600000,move-arms-180-0.4-m-l,0,limits_dof_pos_active_fraction,0.9940000176429749
g1_lafan,4728,4728,9600000,move-arms-180-0.4-m-l,0,limits_torque_mean,4.311230659484863
g1_lafan,4728,4728,9600000,move-arms-180-0.4-m-l,0,limits_torque_active_fraction,0.9960000514984131
g1_lafan,4728,4728,9600000,move-arms-180-0.4-m-l,0,penalty_undesired_contact_mean,0.0
g1_lafan,4728,4728,9600000,move-arms-180-0.4-m-l,0,penalty_undesired_contact_active_fraction,0.0
g1_lafan,4728,4728,9600000,move-arms-180-0.4-m-l,0,penalty_feet_ori_mean,0.5216339230537415
g1_lafan,4728,4728,9600000,move-arms-180-0.4-m-l,0,penalty_feet_ori_active_fraction,1.0
g1_lafan,4728,4728,9600000,move-arms-180-0.4-m-l,0,penalty_ankle_roll_mean,0.134226992726326
g1_lafan,4728,4728,9600000,move-arms-180-0.4-m-l,0,penalty_ankle_roll_active_fraction,1.0
g1_lafan,4728,4728,9600000,move-arms-180-0.4-m-l,0,penalty_slippage_mean,0.12050602585077286
g1_lafan,4728,4728,9600000,move-arms-180-0.4-m-l,0,penalty_slippage_active_fraction,1.0
g1_lafan,4728,4728,9600000,move-arms-180-0.4-m-l,1,return,0.6664721369743347
g1_lafan,4728,4728,9600000,move-arms-180-0.4-m-l,1,auxiliary_cost,4.34468936920166
g1_lafan,4728,4728,9600000,move-arms-180-0.4-m-l,1,safety_violation_rate,1.0
g1_lafan,4728,4728,9600000,move-arms-180-0.4-m-l,1,termination_rate,0.0
g1_lafan,4728,4728,9600000,move-arms-180-0.4-m-l,1,action_l2,4.003940582275391
g1_lafan,4728,4728,9600000,move-arms-180-0.4-m-l,1,penalty_torques_mean,11238.1572265625
g1_lafan,4728,4728,9600000,move-arms-180-0.4-m-l,1,penalty_torques_active_fraction,1.0
g1_lafan,4728,4728,9600000,move-arms-180-0.4-m-l,1,penalty_action_rate_mean,0.8855417370796204
g1_lafan,4728,4728,9600000,move-arms-180-0.4-m-l,1,penalty_action_rate_active_fraction,1.0
g1_lafan,4728,4728,9600000,move-arms-180-0.4-m-l,1,limits_dof_pos_mean,0.17178595066070557
g1_lafan,4728,4728,9600000,move-arms-180-0.4-m-l,1,limits_dof_pos_active_fraction,1.0
g1_lafan,4728,4728,9600000,move-arms-180-0.4-m-l,1,limits_torque_mean,6.042924404144287
g1_lafan,4728,4728,9600000,move-arms-180-0.4-m-l,1,limits_torque_active_fraction,1.0
g1_lafan,4728,4728,9600000,move-arms-180-0.4-m-l,1,penalty_undesired_contact_mean,0.9920000433921814
g1_lafan,4728,4728,9600000,move-arms-180-0.4-m-l,1,penalty_undesired_contact_active_fraction,0.9920000433921814
g1_lafan,4728,4728,9600000,move-arms-180-0.4-m-l,1,penalty_feet_ori_mean,1.7277870178222656
g1_lafan,4728,4728,9600000,move-arms-180-0.4-m-l,1,penalty_feet_ori_active_fraction,0.9920000433921814
g1_lafan,4728,4728,9600000,move-arms-180-0.4-m-l,1,penalty_ankle_roll_mean,0.13689696788787842
g1_lafan,4728,4728,9600000,move-arms-180-0.4-m-l,1,penalty_ankle_roll_active_fraction,1.0
g1_lafan,4728,4728,9600000,move-arms-180-0.4-m-l,1,penalty_slippage_mean,0.15378525853157043
g1_lafan,4728,4728,9600000,move-arms-180-0.4-m-l,1,penalty_slippage_active_fraction,0.9920000433921814
g1_lafan,4728,4728,9600000,move-arms-180-0.4-m-l,2,return,6.362778186798096
g1_lafan,4728,4728,9600000,move-arms-180-0.4-m-l,2,auxiliary_cost,1.7513951063156128
g1_lafan,4728,4728,9600000,move-arms-180-0.4-m-l,2,safety_violation_rate,1.0
g1_lafan,4728,4728,9600000,move-arms-180-0.4-m-l,2,termination_rate,0.0
g1_lafan,4728,4728,9600000,move-arms-180-0.4-m-l,2,action_l2,2.664778232574463
g1_lafan,4728,4728,9600000,move-arms-180-0.4-m-l,2,penalty_torques_mean,8131.8193359375
g1_lafan,4728,4728,9600000,move-arms-180-0.4-m-l,2,penalty_torques_active_fraction,1.0
g1_lafan,4728,4728,9600000,move-arms-180-0.4-m-l,2,penalty_action_rate_mean,2.998159408569336
g1_lafan,4728,4728,9600000,move-arms-180-0.4-m-l,2,penalty_action_rate_active_fraction,1.0
g1_lafan,4728,4728,9600000,move-arms-180-0.4-m-l,2,limits_dof_pos_mean,0.03514742851257324
g1_lafan,4728,4728,9600000,move-arms-180-0.4-m-l,2,limits_dof_pos_active_fraction,1.0
g1_lafan,4728,4728,9600000,move-arms-180-0.4-m-l,2,limits_torque_mean,4.552879810333252
g1_lafan,4728,4728,9600000,move-arms-180-0.4-m-l,2,limits_torque_active_fraction,1.0
g1_lafan,4728,4728,9600000,move-arms-180-0.4-m-l,2,penalty_undesired_contact_mean,0.0
g1_lafan,4728,4728,9600000,move-arms-180-0.4-m-l,2,penalty_undesired_contact_active_fraction,0.0
g1_lafan,4728,4728,9600000,move-arms-180-0.4-m-l,2,penalty_feet_ori_mean,0.31098130345344543
g1_lafan,4728,4728,9600000,move-arms-180-0.4-m-l,2,penalty_feet_ori_active_fraction,0.984000027179718
g1_lafan,4728,4728,9600000,move-arms-180-0.4-m-l,2,penalty_ankle_roll_mean,0.13613414764404297
g1_lafan,4728,4728,9600000,move-arms-180-0.4-m-l,2,penalty_ankle_roll_active_fraction,1.0
g1_lafan,4728,4728,9600000,move-arms-180-0.4-m-l,2,penalty_slippage_mean,0.21558865904808044
g1_lafan,4728,4728,9600000,move-arms-180-0.4-m-l,2,penalty_slippage_active_fraction,0.984000027179718
g1_lafan,4728,4728,9600000,move-arms-180-0.4-m-l,3,return,151.49082946777344
g1_lafan,4728,4728,9600000,move-arms-180-0.4-m-l,3,auxiliary_cost,1.374760627746582
g1_lafan,4728,4728,9600000,move-arms-180-0.4-m-l,3,safety_violation_rate,1.0
g1_lafan,4728,4728,9600000,move-arms-180-0.4-m-l,3,termination_rate,0.0
g1_lafan,4728,4728,9600000,move-arms-180-0.4-m-l,3,action_l2,2.507812023162842
g1_lafan,4728,4728,9600000,move-arms-180-0.4-m-l,3,penalty_torques_mean,5965.86669921875
g1_lafan,4728,4728,9600000,move-arms-180-0.4-m-l,3,penalty_torques_active_fraction,1.0
g1_lafan,4728,4728,9600000,move-arms-180-0.4-m-l,3,penalty_action_rate_mean,1.5503400564193726
g1_lafan,4728,4728,9600000,move-arms-180-0.4-m-l,3,penalty_action_rate_active_fraction,1.0
g1_lafan,4728,4728,9600000,move-arms-180-0.4-m-l,3,limits_dof_pos_mean,0.027155932039022446
g1_lafan,4728,4728,9600000,move-arms-180-0.4-m-l,3,limits_dof_pos_active_fraction,1.0
g1_lafan,4728,4728,9600000,move-arms-180-0.4-m-l,3,limits_torque_mean,3.9600284099578857
g1_lafan,4728,4728,9600000,move-arms-180-0.4-m-l,3,limits_torque_active_fraction,0.9960000514984131
g1_lafan,4728,4728,9600000,move-arms-180-0.4-m-l,3,penalty_undesired_contact_mean,0.0
g1_lafan,4728,4728,9600000,move-arms-180-0.4-m-l,3,penalty_undesired_contact_active_fraction,0.0
g1_lafan,4728,4728,9600000,move-arms-180-0.4-m-l,3,penalty_feet_ori_mean,0.42085593938827515
g1_lafan,4728,4728,9600000,move-arms-180-0.4-m-l,3,penalty_feet_ori_active_fraction,0.9900000691413879
g1_lafan,4728,4728,9600000,move-arms-180-0.4-m-l,3,penalty_ankle_roll_mean,0.1317157745361328
g1_lafan,4728,4728,9600000,move-arms-180-0.4-m-l,3,penalty_ankle_roll_active_fraction,1.0
g1_lafan,4728,4728,9600000,move-arms-180-0.4-m-l,3,penalty_slippage_mean,0.12648147344589233
g1_lafan,4728,4728,9600000,move-arms-180-0.4-m-l,3,penalty_slippage_active_fraction,0.9900000691413879
g1_lafan,4728,4728,9600000,move-arms-180-0.4-m-l,4,return,111.76689910888672
g1_lafan,4728,4728,9600000,move-arms-180-0.4-m-l,4,auxiliary_cost,1.3459079265594482
g1_lafan,4728,4728,9600000,move-arms-180-0.4-m-l,4,safety_violation_rate,0.9960000514984131
g1_lafan,4728,4728,9600000,move-arms-180-0.4-m-l,4,termination_rate,0.0
g1_lafan,4728,4728,9600000,move-arms-180-0.4-m-l,4,action_l2,2.4946672916412354
g1_lafan,4728,4728,9600000,move-arms-180-0.4-m-l,4,penalty_torques_mean,5844.580078125
g1_lafan,4728,4728,9600000,move-arms-180-0.4-m-l,4,penalty_torques_active_fraction,1.0
g1_lafan,4728,4728,9600000,move-arms-180-0.4-m-l,4,penalty_action_rate_mean,1.2379567623138428
g1_lafan,4728,4728,9600000,move-arms-180-0.4-m-l,4,penalty_action_rate_active_fraction,1.0
g1_lafan,4728,4728,9600000,move-arms-180-0.4-m-l,4,limits_dof_pos_mean,0.026454918086528778
g1_lafan,4728,4728,9600000,move-arms-180-0.4-m-l,4,limits_dof_pos_active_fraction,0.9940000176429749
g1_lafan,4728,4728,9600000,move-arms-180-0.4-m-l,4,limits_torque_mean,3.966850519180298
g1_lafan,4728,4728,9600000,move-arms-180-0.4-m-l,4,limits_torque_active_fraction,0.9940000176429749
g1_lafan,4728,4728,9600000,move-arms-180-0.4-m-l,4,penalty_undesired_contact_mean,0.0
g1_lafan,4728,4728,9600000,move-arms-180-0.4-m-l,4,penalty_undesired_contact_active_fraction,0.0
g1_lafan,4728,4728,9600000,move-arms-180-0.4-m-l,4,penalty_feet_ori_mean,0.5575619339942932
g1_lafan,4728,4728,9600000,move-arms-180-0.4-m-l,4,penalty_feet_ori_active_fraction,0.9980000257492065
g1_lafan,4728,4728,9600000,move-arms-180-0.4-m-l,4,penalty_ankle_roll_mean,0.13520663976669312
g1_lafan,4728,4728,9600000,move-arms-180-0.4-m-l,4,penalty_ankle_roll_active_fraction,1.0
g1_lafan,4728,4728,9600000,move-arms-180-0.4-m-l,4,penalty_slippage_mean,0.09685581177473068
g1_lafan,4728,4728,9600000,move-arms-180-0.4-m-l,4,penalty_slippage_active_fraction,0.9980000257492065
g1_lafan,4728,4728,9600000,move-arms-180-0.4-m-l,5,return,52.34406661987305
g1_lafan,4728,4728,9600000,move-arms-180-0.4-m-l,5,auxiliary_cost,1.4193511009216309
g1_lafan,4728,4728,9600000,move-arms-180-0.4-m-l,5,safety_violation_rate,1.0
g1_lafan,4728,4728,9600000,move-arms-180-0.4-m-l,5,termination_rate,0.0
g1_lafan,4728,4728,9600000,move-arms-180-0.4-m-l,5,action_l2,2.535259485244751
g1_lafan,4728,4728,9600000,move-arms-180-0.4-m-l,5,penalty_torques_mean,6773.11669921875
g1_lafan,4728,4728,9600000,move-arms-180-0.4-m-l,5,penalty_torques_active_fraction,1.0
g1_lafan,4728,4728,9600000,move-arms-180-0.4-m-l,5,penalty_action_rate_mean,1.3134247064590454
g1_lafan,4728,4728,9600000,move-arms-180-0.4-m-l,5,penalty_action_rate_active_fraction,1.0
g1_lafan,4728,4728,9600000,move-arms-180-0.4-m-l,5,limits_dof_pos_mean,0.025577491149306297
g1_lafan,4728,4728,9600000,move-arms-180-0.4-m-l,5,limits_dof_pos_active_fraction,0.9980000257492065
g1_lafan,4728,4728,9600000,move-arms-180-0.4-m-l,5,limits_torque_mean,4.522824764251709
g1_lafan,4728,4728,9600000,move-arms-180-0.4-m-l,5,limits_torque_active_fraction,1.0
g1_lafan,4728,4728,9600000,move-arms-180-0.4-m-l,5,penalty_undesired_contact_mean,0.0
g1_lafan,4728,4728,9600000,move-arms-180-0.4-m-l,5,penalty_undesired_contact_active_fraction,0.0
g1_lafan,4728,4728,9600000,move-arms-180-0.4-m-l,5,penalty_feet_ori_mean,0.5494024157524109
g1_lafan,4728,4728,9600000,move-arms-180-0.4-m-l,5,penalty_feet_ori_active_fraction,1.0
g1_lafan,4728,4728,9600000,move-arms-180-0.4-m-l,5,penalty_ankle_roll_mean,0.1360653042793274
g1_lafan,4728,4728,9600000,move-arms-180-0.4-m-l,5,penalty_ankle_roll_active_fraction,1.0
g1_lafan,4728,4728,9600000,move-arms-180-0.4-m-l,5,penalty_slippage_mean,0.13410595059394836
g1_lafan,4728,4728,9600000,move-arms-180-0.4-m-l,5,penalty_slippage_active_fraction,1.0
g1_lafan,4728,4728,9600000,move-arms-180-0.4-m-l,6,return,62.15674591064453
g1_lafan,4728,4728,9600000,move-arms-180-0.4-m-l,6,auxiliary_cost,1.4405736923217773
g1_lafan,4728,4728,9600000,move-arms-180-0.4-m-l,6,safety_violation_rate,1.0
g1_lafan,4728,4728,9600000,move-arms-180-0.4-m-l,6,termination_rate,0.0
g1_lafan,4728,4728,9600000,move-arms-180-0.4-m-l,6,action_l2,2.520167589187622
g1_lafan,4728,4728,9600000,move-arms-180-0.4-m-l,6,penalty_torques_mean,6956.93359375
g1_lafan,4728,4728,9600000,move-arms-180-0.4-m-l,6,penalty_torques_active_fraction,1.0
g1_lafan,4728,4728,9600000,move-arms-180-0.4-m-l,6,penalty_action_rate_mean,1.4734114408493042
g1_lafan,4728,4728,9600000,move-arms-180-0.4-m-l,6,penalty_action_rate_active_fraction,1.0
g1_lafan,4728,4728,9600000,move-arms-180-0.4-m-l,6,limits_dof_pos_mean,0.02812076173722744
g1_lafan,4728,4728,9600000,move-arms-180-0.4-m-l,6,limits_dof_pos_active_fraction,1.0
g1_lafan,4728,4728,9600000,move-arms-180-0.4-m-l,6,limits_torque_mean,4.7032647132873535
g1_lafan,4728,4728,9600000,move-arms-180-0.4-m-l,6,limits_torque_active_fraction,0.9960000514984131
g1_lafan,4728,4728,9600000,move-arms-180-0.4-m-l,6,penalty_undesired_contact_mean,0.0
g1_lafan,4728,4728,9600000,move-arms-180-0.4-m-l,6,penalty_undesired_contact_active_fraction,0.0
g1_lafan,4728,4728,9600000,move-arms-180-0.4-m-l,6,penalty_feet_ori_mean,0.4976428747177124
g1_lafan,4728,4728,9600000,move-arms-180-0.4-m-l,6,penalty_feet_ori_active_fraction,0.9980000257492065
g1_lafan,4728,4728,9600000,move-arms-180-0.4-m-l,6,penalty_ankle_roll_mean,0.13647183775901794
g1_lafan,4728,4728,9600000,move-arms-180-0.4-m-l,6,penalty_ankle_roll_active_fraction,1.0
g1_lafan,4728,4728,9600000,move-arms-180-0.4-m-l,6,penalty_slippage_mean,0.1335395723581314
g1_lafan,4728,4728,9600000,move-arms-180-0.4-m-l,6,penalty_slippage_active_fraction,0.9980000257492065
g1_lafan,4728,4728,9600000,move-arms-180-0.4-m-l,7,return,0.07063614577054977
g1_lafan,4728,4728,9600000,move-arms-180-0.4-m-l,7,auxiliary_cost,1.8482505083084106
g1_lafan,4728,4728,9600000,move-arms-180-0.4-m-l,7,safety_violation_rate,1.0
g1_lafan,4728,4728,9600000,move-arms-180-0.4-m-l,7,termination_rate,0.0
g1_lafan,4728,4728,9600000,move-arms-180-0.4-m-l,7,action_l2,2.6055426597595215
g1_lafan,4728,4728,9600000,move-arms-180-0.4-m-l,7,penalty_torques_mean,8792.7236328125
g1_lafan,4728,4728,9600000,move-arms-180-0.4-m-l,7,penalty_torques_active_fraction,1.0
g1_lafan,4728,4728,9600000,move-arms-180-0.4-m-l,7,penalty_action_rate_mean,4.071475505828857
g1_lafan,4728,4728,9600000,move-arms-180-0.4-m-l,7,penalty_action_rate_active_fraction,1.0
g1_lafan,4728,4728,9600000,move-arms-180-0.4-m-l,7,limits_dof_pos_mean,0.030779249966144562
g1_lafan,4728,4728,9600000,move-arms-180-0.4-m-l,7,limits_dof_pos_active_fraction,0.9980000257492065
g1_lafan,4728,4728,9600000,move-arms-180-0.4-m-l,7,limits_torque_mean,5.017287731170654
g1_lafan,4728,4728,9600000,move-arms-180-0.4-m-l,7,limits_torque_active_fraction,1.0
g1_lafan,4728,4728,9600000,move-arms-180-0.4-m-l,7,penalty_undesired_contact_mean,0.00800000037997961
g1_lafan,4728,4728,9600000,move-arms-180-0.4-m-l,7,penalty_undesired_contact_active_fraction,0.00800000037997961
g1_lafan,4728,4728,9600000,move-arms-180-0.4-m-l,7,penalty_feet_ori_mean,0.4586966931819916
g1_lafan,4728,4728,9600000,move-arms-180-0.4-m-l,7,penalty_feet_ori_active_fraction,0.9660000205039978
g1_lafan,4728,4728,9600000,move-arms-180-0.4-m-l,7,penalty_ankle_roll_mean,0.13615639507770538
g1_lafan,4728,4728,9600000,move-arms-180-0.4-m-l,7,penalty_ankle_roll_active_fraction,1.0
g1_lafan,4728,4728,9600000,move-arms-180-0.4-m-l,7,penalty_slippage_mean,0.19860312342643738
g1_lafan,4728,4728,9600000,move-arms-180-0.4-m-l,7,penalty_slippage_active_fraction,0.9660000205039978
g1_lafan,4728,4728,9600000,move-arms-180-0.4-m-l,8,return,3.5386977195739746
g1_lafan,4728,4728,9600000,move-arms-180-0.4-m-l,8,auxiliary_cost,1.3789626359939575
g1_lafan,4728,4728,9600000,move-arms-180-0.4-m-l,8,safety_violation_rate,0.9940000176429749
g1_lafan,4728,4728,9600000,move-arms-180-0.4-m-l,8,termination_rate,0.0
g1_lafan,4728,4728,9600000,move-arms-180-0.4-m-l,8,action_l2,2.5033557415008545
g1_lafan,4728,4728,9600000,move-arms-180-0.4-m-l,8,penalty_torques_mean,6449.619140625
g1_lafan,4728,4728,9600000,move-arms-180-0.4-m-l,8,penalty_torques_active_fraction,1.0
g1_lafan,4728,4728,9600000,move-arms-180-0.4-m-l,8,penalty_action_rate_mean,1.532932996749878
g1_lafan,4728,4728,9600000,move-arms-180-0.4-m-l,8,penalty_action_rate_active_fraction,1.0
g1_lafan,4728,4728,9600000,move-arms-180-0.4-m-l,8,limits_dof_pos_mean,0.024829568341374397
g1_lafan,4728,4728,9600000,move-arms-180-0.4-m-l,8,limits_dof_pos_active_fraction,0.9940000176429749
g1_lafan,4728,4728,9600000,move-arms-180-0.4-m-l,8,limits_torque_mean,4.500202178955078
g1_lafan,4728,4728,9600000,move-arms-180-0.4-m-l,8,limits_torque_active_fraction,0.9940000176429749
g1_lafan,4728,4728,9600000,move-arms-180-0.4-m-l,8,penalty_undesired_contact_mean,0.0
g1_lafan,4728,4728,9600000,move-arms-180-0.4-m-l,8,penalty_undesired_contact_active_fraction,0.0
g1_lafan,4728,4728,9600000,move-arms-180-0.4-m-l,8,penalty_feet_ori_mean,0.5023526549339294
g1_lafan,4728,4728,9600000,move-arms-180-0.4-m-l,8,penalty_feet_ori_active_fraction,1.0
g1_lafan,4728,4728,9600000,move-arms-180-0.4-m-l,8,penalty_ankle_roll_mean,0.1346675306558609
g1_lafan,4728,4728,9600000,move-arms-180-0.4-m-l,8,penalty_ankle_roll_active_fraction,1.0
g1_lafan,4728,4728,9600000,move-arms-180-0.4-m-l,8,penalty_slippage_mean,0.11888133734464645
g1_lafan,4728,4728,9600000,move-arms-180-0.4-m-l,8,penalty_slippage_active_fraction,1.0
g1_lafan,4728,4728,9600000,move-arms-180-0.4-m-l,9,return,34.27960968017578
g1_lafan,4728,4728,9600000,move-arms-180-0.4-m-l,9,auxiliary_cost,1.7822192907333374
g1_lafan,4728,4728,9600000,move-arms-180-0.4-m-l,9,safety_violation_rate,1.0
g1_lafan,4728,4728,9600000,move-arms-180-0.4-m-l,9,termination_rate,0.0
g1_lafan,4728,4728,9600000,move-arms-180-0.4-m-l,9,action_l2,2.543767213821411
g1_lafan,4728,4728,9600000,move-arms-180-0.4-m-l,9,penalty_torques_mean,7226.4033203125
g1_lafan,4728,4728,9600000,move-arms-180-0.4-m-l,9,penalty_torques_active_fraction,1.0
g1_lafan,4728,4728,9600000,move-arms-180-0.4-m-l,9,penalty_action_rate_mean,2.4391558170318604
g1_lafan,4728,4728,9600000,move-arms-180-0.4-m-l,9,penalty_action_rate_active_fraction,1.0
g1_lafan,4728,4728,9600000,move-arms-180-0.4-m-l,9,limits_dof_pos_mean,0.033936385065317154
g1_lafan,4728,4728,9600000,move-arms-180-0.4-m-l,9,limits_dof_pos_active_fraction,1.0
g1_lafan,4728,4728,9600000,move-arms-180-0.4-m-l,9,limits_torque_mean,4.2685770988464355
g1_lafan,4728,4728,9600000,move-arms-180-0.4-m-l,9,limits_torque_active_fraction,0.9960000514984131
g1_lafan,4728,4728,9600000,move-arms-180-0.4-m-l,9,penalty_undesired_contact_mean,0.10200000554323196
g1_lafan,4728,4728,9600000,move-arms-180-0.4-m-l,9,penalty_undesired_contact_active_fraction,0.10200000554323196
g1_lafan,4728,4728,9600000,move-arms-180-0.4-m-l,9,penalty_feet_ori_mean,0.47821614146232605
g1_lafan,4728,4728,9600000,move-arms-180-0.4-m-l,9,penalty_feet_ori_active_fraction,0.9800000190734863
g1_lafan,4728,4728,9600000,move-arms-180-0.4-m-l,9,penalty_ankle_roll_mean,0.1364404559135437
g1_lafan,4728,4728,9600000,move-arms-180-0.4-m-l,9,penalty_ankle_roll_active_fraction,1.0
g1_lafan,4728,4728,9600000,move-arms-180-0.4-m-l,9,penalty_slippage_mean,0.17994579672813416
g1_lafan,4728,4728,9600000,move-arms-180-0.4-m-l,9,penalty_slippage_active_fraction,0.9800000190734863
g1_lafan,4728,4728,9600000,move-arms--90-0.7-m-l,0,return,61.28669738769531
g1_lafan,4728,4728,9600000,move-arms--90-0.7-m-l,0,auxiliary_cost,1.6998043060302734
g1_lafan,4728,4728,9600000,move-arms--90-0.7-m-l,0,safety_violation_rate,1.0
g1_lafan,4728,4728,9600000,move-arms--90-0.7-m-l,0,termination_rate,0.0
g1_lafan,4728,4728,9600000,move-arms--90-0.7-m-l,0,action_l2,2.595521926879883
g1_lafan,4728,4728,9600000,move-arms--90-0.7-m-l,0,penalty_torques_mean,8312.875
g1_lafan,4728,4728,9600000,move-arms--90-0.7-m-l,0,penalty_torques_active_fraction,1.0
g1_lafan,4728,4728,9600000,move-arms--90-0.7-m-l,0,penalty_action_rate_mean,1.989274024963379
g1_lafan,4728,4728,9600000,move-arms--90-0.7-m-l,0,penalty_action_rate_active_fraction,1.0
g1_lafan,4728,4728,9600000,move-arms--90-0.7-m-l,0,limits_dof_pos_mean,0.025348912924528122
g1_lafan,4728,4728,9600000,move-arms--90-0.7-m-l,0,limits_dof_pos_active_fraction,1.0
g1_lafan,4728,4728,9600000,move-arms--90-0.7-m-l,0,limits_torque_mean,5.003434181213379
g1_lafan,4728,4728,9600000,move-arms--90-0.7-m-l,0,limits_torque_active_fraction,0.9960000514984131
g1_lafan,4728,4728,9600000,move-arms--90-0.7-m-l,0,penalty_undesired_contact_mean,0.0
g1_lafan,4728,4728,9600000,move-arms--90-0.7-m-l,0,penalty_undesired_contact_active_fraction,0.0
g1_lafan,4728,4728,9600000,move-arms--90-0.7-m-l,0,penalty_feet_ori_mean,0.4896757900714874
g1_lafan,4728,4728,9600000,move-arms--90-0.7-m-l,0,penalty_feet_ori_active_fraction,0.9980000257492065
g1_lafan,4728,4728,9600000,move-arms--90-0.7-m-l,0,penalty_ankle_roll_mean,0.13570818305015564
g1_lafan,4728,4728,9600000,move-arms--90-0.7-m-l,0,penalty_ankle_roll_active_fraction,1.0
g1_lafan,4728,4728,9600000,move-arms--90-0.7-m-l,0,penalty_slippage_mean,0.25434207916259766
g1_lafan,4728,4728,9600000,move-arms--90-0.7-m-l,0,penalty_slippage_active_fraction,0.9980000257492065
g1_lafan,4728,4728,9600000,move-arms--90-0.7-m-l,1,return,110.78849792480469
g1_lafan,4728,4728,9600000,move-arms--90-0.7-m-l,1,auxiliary_cost,1.9891996383666992
g1_lafan,4728,4728,9600000,move-arms--90-0.7-m-l,1,safety_violation_rate,1.0
g1_lafan,4728,4728,9600000,move-arms--90-0.7-m-l,1,termination_rate,0.0
g1_lafan,4728,4728,9600000,move-arms--90-0.7-m-l,1,action_l2,2.6235978603363037
g1_lafan,4728,4728,9600000,move-arms--90-0.7-m-l,1,penalty_torques_mean,8745.861328125
g1_lafan,4728,4728,9600000,move-arms--90-0.7-m-l,1,penalty_torques_active_fraction,1.0
g1_lafan,4728,4728,9600000,move-arms--90-0.7-m-l,1,penalty_action_rate_mean,2.7780911922454834
g1_lafan,4728,4728,9600000,move-arms--90-0.7-m-l,1,penalty_action_rate_active_fraction,1.0
g1_lafan,4728,4728,9600000,move-arms--90-0.7-m-l,1,limits_dof_pos_mean,0.027300048619508743
g1_lafan,4728,4728,9600000,move-arms--90-0.7-m-l,1,limits_dof_pos_active_fraction,1.0
g1_lafan,4728,4728,9600000,move-arms--90-0.7-m-l,1,limits_torque_mean,5.121685028076172
g1_lafan,4728,4728,9600000,move-arms--90-0.7-m-l,1,limits_torque_active_fraction,1.0
g1_lafan,4728,4728,9600000,move-arms--90-0.7-m-l,1,penalty_undesired_contact_mean,0.0020000000949949026
g1_lafan,4728,4728,9600000,move-arms--90-0.7-m-l,1,penalty_undesired_contact_active_fraction,0.0020000000949949026
g1_lafan,4728,4728,9600000,move-arms--90-0.7-m-l,1,penalty_feet_ori_mean,0.4613442122936249
g1_lafan,4728,4728,9600000,move-arms--90-0.7-m-l,1,penalty_feet_ori_active_fraction,0.984000027179718
g1_lafan,4728,4728,9600000,move-arms--90-0.7-m-l,1,penalty_ankle_roll_mean,0.13660985231399536
g1_lafan,4728,4728,9600000,move-arms--90-0.7-m-l,1,penalty_ankle_roll_active_fraction,1.0
g1_lafan,4728,4728,9600000,move-arms--90-0.7-m-l,1,penalty_slippage_mean,0.35270631313323975
g1_lafan,4728,4728,9600000,move-arms--90-0.7-m-l,1,penalty_slippage_active_fraction,0.984000027179718
g1_lafan,4728,4728,9600000,move-arms--90-0.7-m-l,2,return,79.84051513671875
g1_lafan,4728,4728,9600000,move-arms--90-0.7-m-l,2,auxiliary_cost,1.9510269165039062
g1_lafan,4728,4728,9600000,move-arms--90-0.7-m-l,2,safety_violation_rate,1.0
g1_lafan,4728,4728,9600000,move-arms--90-0.7-m-l,2,termination_rate,0.0
g1_lafan,4728,4728,9600000,move-arms--90-0.7-m-l,2,action_l2,2.6289074420928955
g1_lafan,4728,4728,9600000,move-arms--90-0.7-m-l,2,penalty_torques_mean,9681.302734375
g1_lafan,4728,4728,9600000,move-arms--90-0.7-m-l,2,penalty_torques_active_fraction,1.0
g1_lafan,4728,4728,9600000,move-arms--90-0.7-m-l,2,penalty_action_rate_mean,4.179414749145508
g1_lafan,4728,4728,9600000,move-arms--90-0.7-m-l,2,penalty_action_rate_active_fraction,1.0
g1_lafan,4728,4728,9600000,move-arms--90-0.7-m-l,2,limits_dof_pos_mean,0.028712015599012375
g1_lafan,4728,4728,9600000,move-arms--90-0.7-m-l,2,limits_dof_pos_active_fraction,1.0
g1_lafan,4728,4728,9600000,move-arms--90-0.7-m-l,2,limits_torque_mean,5.0986008644104
g1_lafan,4728,4728,9600000,move-arms--90-0.7-m-l,2,limits_torque_active_fraction,0.9700000286102295
g1_lafan,4728,4728,9600000,move-arms--90-0.7-m-l,2,penalty_undesired_contact_mean,0.036000002175569534
g1_lafan,4728,4728,9600000,move-arms--90-0.7-m-l,2,penalty_undesired_contact_active_fraction,0.036000002175569534
g1_lafan,4728,4728,9600000,move-arms--90-0.7-m-l,2,penalty_feet_ori_mean,0.39776405692100525
g1_lafan,4728,4728,9600000,move-arms--90-0.7-m-l,2,penalty_feet_ori_active_fraction,0.940000057220459
g1_lafan,4728,4728,9600000,move-arms--90-0.7-m-l,2,penalty_ankle_roll_mean,0.135422021150589
g1_lafan,4728,4728,9600000,move-arms--90-0.7-m-l,2,penalty_ankle_roll_active_fraction,1.0
g1_lafan,4728,4728,9600000,move-arms--90-0.7-m-l,2,penalty_slippage_mean,0.2545861303806305
g1_lafan,4728,4728,9600000,move-arms--90-0.7-m-l,2,penalty_slippage_active_fraction,0.940000057220459
g1_lafan,4728,4728,9600000,move-arms--90-0.7-m-l,3,return,62.86684036254883
g1_lafan,4728,4728,9600000,move-arms--90-0.7-m-l,3,auxiliary_cost,1.595194935798645
g1_lafan,4728,4728,9600000,move-arms--90-0.7-m-l,3,safety_violation_rate,0.9960000514984131
g1_lafan,4728,4728,9600000,move-arms--90-0.7-m-l,3,termination_rate,0.0
g1_lafan,4728,4728,9600000,move-arms--90-0.7-m-l,3,action_l2,2.599055528640747
g1_lafan,4728,4728,9600000,move-arms--90-0.7-m-l,3,penalty_torques_mean,8536.5654296875
g1_lafan,4728,4728,9600000,move-arms--90-0.7-m-l,3,penalty_torques_active_fraction,1.0
g1_lafan,4728,4728,9600000,move-arms--90-0.7-m-l,3,penalty_action_rate_mean,1.8411989212036133
g1_lafan,4728,4728,9600000,move-arms--90-0.7-m-l,3,penalty_action_rate_active_fraction,1.0
g1_lafan,4728,4728,9600000,move-arms--90-0.7-m-l,3,limits_dof_pos_mean,0.025311671197414398
g1_lafan,4728,4728,9600000,move-arms--90-0.7-m-l,3,limits_dof_pos_active_fraction,0.9960000514984131
g1_lafan,4728,4728,9600000,move-arms--90-0.7-m-l,3,limits_torque_mean,4.888979911804199
g1_lafan,4728,4728,9600000,move-arms--90-0.7-m-l,3,limits_torque_active_fraction,0.9960000514984131
g1_lafan,4728,4728,9600000,move-arms--90-0.7-m-l,3,penalty_undesired_contact_mean,0.0
g1_lafan,4728,4728,9600000,move-arms--90-0.7-m-l,3,penalty_undesired_contact_active_fraction,0.0
g1_lafan,4728,4728,9600000,move-arms--90-0.7-m-l,3,penalty_feet_ori_mean,0.37569278478622437
g1_lafan,4728,4728,9600000,move-arms--90-0.7-m-l,3,penalty_feet_ori_active_fraction,1.0
g1_lafan,4728,4728,9600000,move-arms--90-0.7-m-l,3,penalty_ankle_roll_mean,0.13597184419631958
g1_lafan,4728,4728,9600000,move-arms--90-0.7-m-l,3,penalty_ankle_roll_active_fraction,1.0
g1_lafan,4728,4728,9600000,move-arms--90-0.7-m-l,3,penalty_slippage_mean,0.23189713060855865
g1_lafan,4728,4728,9600000,move-arms--90-0.7-m-l,3,penalty_slippage_active_fraction,1.0
g1_lafan,4728,4728,9600000,move-arms--90-0.7-m-l,4,return,135.70245361328125
g1_lafan,4728,4728,9600000,move-arms--90-0.7-m-l,4,auxiliary_cost,1.9584985971450806
g1_lafan,4728,4728,9600000,move-arms--90-0.7-m-l,4,safety_violation_rate,1.0
g1_lafan,4728,4728,9600000,move-arms--90-0.7-m-l,4,termination_rate,0.0
g1_lafan,4728,4728,9600000,move-arms--90-0.7-m-l,4,action_l2,2.6650960445404053
g1_lafan,4728,4728,9600000,move-arms--90-0.7-m-l,4,penalty_torques_mean,9625.6318359375
g1_lafan,4728,4728,9600000,move-arms--90-0.7-m-l,4,penalty_torques_active_fraction,1.0
g1_lafan,4728,4728,9600000,move-arms--90-0.7-m-l,4,penalty_action_rate_mean,3.3734652996063232
g1_lafan,4728,4728,9600000,move-arms--90-0.7-m-l,4,penalty_action_rate_active_fraction,1.0
g1_lafan,4728,4728,9600000,move-arms--90-0.7-m-l,4,limits_dof_pos_mean,0.027725497260689735
g1_lafan,4728,4728,9600000,move-arms--90-0.7-m-l,4,limits_dof_pos_active_fraction,1.0
g1_lafan,4728,4728,9600000,move-arms--90-0.7-m-l,4,limits_torque_mean,5.545929431915283
g1_lafan,4728,4728,9600000,move-arms--90-0.7-m-l,4,limits_torque_active_fraction,1.0
g1_lafan,4728,4728,9600000,move-arms--90-0.7-m-l,4,penalty_undesired_contact_mean,0.030000001192092896
g1_lafan,4728,4728,9600000,move-arms--90-0.7-m-l,4,penalty_undesired_contact_active_fraction,0.030000001192092896
g1_lafan,4728,4728,9600000,move-arms--90-0.7-m-l,4,penalty_feet_ori_mean,0.4227774441242218
g1_lafan,4728,4728,9600000,move-arms--90-0.7-m-l,4,penalty_feet_ori_active_fraction,0.9580000638961792
g1_lafan,4728,4728,9600000,move-arms--90-0.7-m-l,4,penalty_ankle_roll_mean,0.13658148050308228
g1_lafan,4728,4728,9600000,move-arms--90-0.7-m-l,4,penalty_ankle_roll_active_fraction,1.0
g1_lafan,4728,4728,9600000,move-arms--90-0.7-m-l,4,penalty_slippage_mean,0.2992301881313324
g1_lafan,4728,4728,9600000,move-arms--90-0.7-m-l,4,penalty_slippage_active_fraction,0.9580000638961792
g1_lafan,4728,4728,9600000,move-arms--90-0.7-m-l,5,return,115.89331817626953
g1_lafan,4728,4728,9600000,move-arms--90-0.7-m-l,5,auxiliary_cost,2.4123244285583496
g1_lafan,4728,4728,9600000,move-arms--90-0.7-m-l,5,safety_violation_rate,1.0
g1_lafan,4728,4728,9600000,move-arms--90-0.7-m-l,5,termination_rate,0.0
g1_lafan,4728,4728,9600000,move-arms--90-0.7-m-l,5,action_l2,2.710136890411377
g1_lafan,4728,4728,9600000,move-arms--90-0.7-m-l,5,penalty_torques_mean,8972.1572265625
g1_lafan,4728,4728,9600000,move-arms--90-0.7-m-l,5,penalty_torques_active_fraction,1.0
g1_lafan,4728,4728,9600000,move-arms--90-0.7-m-l,5,penalty_action_rate_mean,4.376537799835205
g1_lafan,4728,4728,9600000,move-arms--90-0.7-m-l,5,penalty_action_rate_active_fraction,1.0
g1_lafan,4728,4728,9600000,move-arms--90-0.7-m-l,5,limits_dof_pos_mean,0.03518277779221535
g1_lafan,4728,4728,9600000,move-arms--90-0.7-m-l,5,limits_dof_pos_active_fraction,1.0
g1_lafan,4728,4728,9600000,move-arms--90-0.7-m-l,5,limits_torque_mean,4.7658891677856445
g1_lafan,4728,4728,9600000,move-arms--90-0.7-m-l,5,limits_torque_active_fraction,1.0
g1_lafan,4728,4728,9600000,move-arms--90-0.7-m-l,5,penalty_undesired_contact_mean,0.25
g1_lafan,4728,4728,9600000,move-arms--90-0.7-m-l,5,penalty_undesired_contact_active_fraction,0.25
g1_lafan,4728,4728,9600000,move-arms--90-0.7-m-l,5,penalty_feet_ori_mean,0.39408543705940247
g1_lafan,4728,4728,9600000,move-arms--90-0.7-m-l,5,penalty_feet_ori_active_fraction,0.9340000152587891
g1_lafan,4728,4728,9600000,move-arms--90-0.7-m-l,5,penalty_ankle_roll_mean,0.13657858967781067
g1_lafan,4728,4728,9600000,move-arms--90-0.7-m-l,5,penalty_ankle_roll_active_fraction,1.0
g1_lafan,4728,4728,9600000,move-arms--90-0.7-m-l,5,penalty_slippage_mean,0.33444735407829285
g1_lafan,4728,4728,9600000,move-arms--90-0.7-m-l,5,penalty_slippage_active_fraction,0.9340000152587891
g1_lafan,4728,4728,9600000,move-arms--90-0.7-m-l,6,return,114.22735595703125
g1_lafan,4728,4728,9600000,move-arms--90-0.7-m-l,6,auxiliary_cost,1.665149450302124
g1_lafan,4728,4728,9600000,move-arms--90-0.7-m-l,6,safety_violation_rate,0.9960000514984131
g1_lafan,4728,4728,9600000,move-arms--90-0.7-m-l,6,termination_rate,0.0
g1_lafan,4728,4728,9600000,move-arms--90-0.7-m-l,6,action_l2,2.5800228118896484
g1_lafan,4728,4728,9600000,move-arms--90-0.7-m-l,6,penalty_torques_mean,8029.87060546875
g1_lafan,4728,4728,9600000,move-arms--90-0.7-m-l,6,penalty_torques_active_fraction,1.0
g1_lafan,4728,4728,9600000,move-arms--90-0.7-m-l,6,penalty_action_rate_mean,1.968381404876709
g1_lafan,4728,4728,9600000,move-arms--90-0.7-m-l,6,penalty_action_rate_active_fraction,1.0
g1_lafan,4728,4728,9600000,move-arms--90-0.7-m-l,6,limits_dof_pos_mean,0.025293007493019104
g1_lafan,4728,4728,9600000,move-arms--90-0.7-m-l,6,limits_dof_pos_active_fraction,0.9960000514984131
g1_lafan,4728,4728,9600000,move-arms--90-0.7-m-l,6,limits_torque_mean,4.732210636138916
g1_lafan,4728,4728,9600000,move-arms--90-0.7-m-l,6,limits_torque_active_fraction,0.9740000367164612
g1_lafan,4728,4728,9600000,move-arms--90-0.7-m-l,6,penalty_undesired_contact_mean,0.0
g1_lafan,4728,4728,9600000,move-arms--90-0.7-m-l,6,penalty_undesired_contact_active_fraction,0.0
g1_lafan,4728,4728,9600000,move-arms--90-0.7-m-l,6,penalty_feet_ori_mean,0.46047288179397583
g1_lafan,4728,4728,9600000,move-arms--90-0.7-m-l,6,penalty_feet_ori_active_fraction,0.9980000257492065
g1_lafan,4728,4728,9600000,move-arms--90-0.7-m-l,6,penalty_ankle_roll_mean,0.1352788507938385
g1_lafan,4728,4728,9600000,move-arms--90-0.7-m-l,6,penalty_ankle_roll_active_fraction,1.0
g1_lafan,4728,4728,9600000,move-arms--90-0.7-m-l,6,penalty_slippage_mean,0.24503861367702484
g1_lafan,4728,4728,9600000,move-arms--90-0.7-m-l,6,penalty_slippage_active_fraction,0.9980000257492065
g1_lafan,4728,4728,9600000,move-arms--90-0.7-m-l,7,return,62.227115631103516
g1_lafan,4728,4728,9600000,move-arms--90-0.7-m-l,7,auxiliary_cost,1.5751652717590332
g1_lafan,4728,4728,9600000,move-arms--90-0.7-m-l,7,safety_violation_rate,0.9980000257492065
g1_lafan,4728,4728,9600000,move-arms--90-0.7-m-l,7,termination_rate,0.0
g1_lafan,4728,4728,9600000,move-arms--90-0.7-m-l,7,action_l2,2.559983015060425
g1_lafan,4728,4728,9600000,move-arms--90-0.7-m-l,7,penalty_torques_mean,7642.31298828125
g1_lafan,4728,4728,9600000,move-arms--90-0.7-m-l,7,penalty_torques_active_fraction,1.0
g1_lafan,4728,4728,9600000,move-arms--90-0.7-m-l,7,penalty_action_rate_mean,1.5770237445831299
g1_lafan,4728,4728,9600000,move-arms--90-0.7-m-l,7,penalty_action_rate_active_fraction,1.0
g1_lafan,4728,4728,9600000,move-arms--90-0.7-m-l,7,limits_dof_pos_mean,0.025441894307732582
g1_lafan,4728,4728,9600000,move-arms--90-0.7-m-l,7,limits_dof_pos_active_fraction,0.9980000257492065
g1_lafan,4728,4728,9600000,move-arms--90-0.7-m-l,7,limits_torque_mean,4.864831447601318
g1_lafan,4728,4728,9600000,move-arms--90-0.7-m-l,7,limits_torque_active_fraction,0.9920000433921814
g1_lafan,4728,4728,9600000,move-arms--90-0.7-m-l,7,penalty_undesired_contact_mean,0.0
g1_lafan,4728,4728,9600000,move-arms--90-0.7-m-l,7,penalty_undesired_contact_active_fraction,0.0
g1_lafan,4728,4728,9600000,move-arms--90-0.7-m-l,7,penalty_feet_ori_mean,0.4570617079734802
g1_lafan,4728,4728,9600000,move-arms--90-0.7-m-l,7,penalty_feet_ori_active_fraction,1.0
g1_lafan,4728,4728,9600000,move-arms--90-0.7-m-l,7,penalty_ankle_roll_mean,0.13636669516563416
g1_lafan,4728,4728,9600000,move-arms--90-0.7-m-l,7,penalty_ankle_roll_active_fraction,1.0
g1_lafan,4728,4728,9600000,move-arms--90-0.7-m-l,7,penalty_slippage_mean,0.217376247048378
g1_lafan,4728,4728,9600000,move-arms--90-0.7-m-l,7,penalty_slippage_active_fraction,1.0
g1_lafan,4728,4728,9600000,move-arms--90-0.7-m-l,8,return,106.41486358642578
g1_lafan,4728,4728,9600000,move-arms--90-0.7-m-l,8,auxiliary_cost,1.6939927339553833
g1_lafan,4728,4728,9600000,move-arms--90-0.7-m-l,8,safety_violation_rate,1.0
g1_lafan,4728,4728,9600000,move-arms--90-0.7-m-l,8,termination_rate,0.0
g1_lafan,4728,4728,9600000,move-arms--90-0.7-m-l,8,action_l2,2.5897459983825684
g1_lafan,4728,4728,9600000,move-arms--90-0.7-m-l,8,penalty_torques_mean,8708.6298828125
g1_lafan,4728,4728,9600000,move-arms--90-0.7-m-l,8,penalty_torques_active_fraction,1.0
g1_lafan,4728,4728,9600000,move-arms--90-0.7-m-l,8,penalty_action_rate_mean,2.070007562637329
g1_lafan,4728,4728,9600000,move-arms--90-0.7-m-l,8,penalty_action_rate_active_fraction,1.0
g1_lafan,4728,4728,9600000,move-arms--90-0.7-m-l,8,limits_dof_pos_mean,0.02523980848491192
g1_lafan,4728,4728,9600000,move-arms--90-0.7-m-l,8,limits_dof_pos_active_fraction,1.0
g1_lafan,4728,4728,9600000,move-arms--90-0.7-m-l,8,limits_torque_mean,4.790083408355713
g1_lafan,4728,4728,9600000,move-arms--90-0.7-m-l,8,limits_torque_active_fraction,1.0
g1_lafan,4728,4728,9600000,move-arms--90-0.7-m-l,8,penalty_undesired_contact_mean,0.0
g1_lafan,4728,4728,9600000,move-arms--90-0.7-m-l,8,penalty_undesired_contact_active_fraction,0.0
g1_lafan,4728,4728,9600000,move-arms--90-0.7-m-l,8,penalty_feet_ori_mean,0.41449615359306335
g1_lafan,4728,4728,9600000,move-arms--90-0.7-m-l,8,penalty_feet_ori_active_fraction,0.9960000514984131
g1_lafan,4728,4728,9600000,move-arms--90-0.7-m-l,8,penalty_ankle_roll_mean,0.1348225623369217
g1_lafan,4728,4728,9600000,move-arms--90-0.7-m-l,8,penalty_ankle_roll_active_fraction,1.0
g1_lafan,4728,4728,9600000,move-arms--90-0.7-m-l,8,penalty_slippage_mean,0.26475217938423157
g1_lafan,4728,4728,9600000,move-arms--90-0.7-m-l,8,penalty_slippage_active_fraction,0.9960000514984131
g1_lafan,4728,4728,9600000,move-arms--90-0.7-m-l,9,return,57.60065841674805
g1_lafan,4728,4728,9600000,move-arms--90-0.7-m-l,9,auxiliary_cost,1.894844889640808
g1_lafan,4728,4728,9600000,move-arms--90-0.7-m-l,9,safety_violation_rate,1.0
g1_lafan,4728,4728,9600000,move-arms--90-0.7-m-l,9,termination_rate,0.0
g1_lafan,4728,4728,9600000,move-arms--90-0.7-m-l,9,action_l2,2.6306586265563965
g1_lafan,4728,4728,9600000,move-arms--90-0.7-m-l,9,penalty_torques_mean,8350.619140625
g1_lafan,4728,4728,9600000,move-arms--90-0.7-m-l,9,penalty_torques_active_fraction,1.0
g1_lafan,4728,4728,9600000,move-arms--90-0.7-m-l,9,penalty_action_rate_mean,2.653061628341675
g1_lafan,4728,4728,9600000,move-arms--90-0.7-m-l,9,penalty_action_rate_active_fraction,1.0
g1_lafan,4728,4728,9600000,move-arms--90-0.7-m-l,9,limits_dof_pos_mean,0.028489256277680397
g1_lafan,4728,4728,9600000,move-arms--90-0.7-m-l,9,limits_dof_pos_active_fraction,0.9980000257492065
g1_lafan,4728,4728,9600000,move-arms--90-0.7-m-l,9,limits_torque_mean,4.933152675628662
g1_lafan,4728,4728,9600000,move-arms--90-0.7-m-l,9,limits_torque_active_fraction,0.9980000257492065
g1_lafan,4728,4728,9600000,move-arms--90-0.7-m-l,9,penalty_undesired_contact_mean,0.0
g1_lafan,4728,4728,9600000,move-arms--90-0.7-m-l,9,penalty_undesired_contact_active_fraction,0.0
g1_lafan,4728,4728,9600000,move-arms--90-0.7-m-l,9,penalty_feet_ori_mean,0.41873699426651
g1_lafan,4728,4728,9600000,move-arms--90-0.7-m-l,9,penalty_feet_ori_active_fraction,0.9860000610351562
g1_lafan,4728,4728,9600000,move-arms--90-0.7-m-l,9,penalty_ankle_roll_mean,0.1360761970281601
g1_lafan,4728,4728,9600000,move-arms--90-0.7-m-l,9,penalty_ankle_roll_active_fraction,1.0
g1_lafan,4728,4728,9600000,move-arms--90-0.7-m-l,9,penalty_slippage_mean,0.3164234161376953
g1_lafan,4728,4728,9600000,move-arms--90-0.7-m-l,9,penalty_slippage_active_fraction,0.9860000610351562
g1_lafan,4728,4728,9600000,move-arms-0-0.7-l-l,0,return,42.184532165527344
g1_lafan,4728,4728,9600000,move-arms-0-0.7-l-l,0,auxiliary_cost,2.9322500228881836
g1_lafan,4728,4728,9600000,move-arms-0-0.7-l-l,0,safety_violation_rate,1.0
g1_lafan,4728,4728,9600000,move-arms-0-0.7-l-l,0,termination_rate,0.0
g1_lafan,4728,4728,9600000,move-arms-0-0.7-l-l,0,action_l2,2.377056360244751
g1_lafan,4728,4728,9600000,move-arms-0-0.7-l-l,0,penalty_torques_mean,8408.767578125
g1_lafan,4728,4728,9600000,move-arms-0-0.7-l-l,0,penalty_torques_active_fraction,1.0
g1_lafan,4728,4728,9600000,move-arms-0-0.7-l-l,0,penalty_action_rate_mean,4.079089164733887
g1_lafan,4728,4728,9600000,move-arms-0-0.7-l-l,0,penalty_action_rate_active_fraction,1.0
g1_lafan,4728,4728,9600000,move-arms-0-0.7-l-l,0,limits_dof_pos_mean,0.030683591961860657
g1_lafan,4728,4728,9600000,move-arms-0-0.7-l-l,0,limits_dof_pos_active_fraction,1.0
g1_lafan,4728,4728,9600000,move-arms-0-0.7-l-l,0,limits_torque_mean,4.387117385864258
g1_lafan,4728,4728,9600000,move-arms-0-0.7-l-l,0,limits_torque_active_fraction,1.0
g1_lafan,4728,4728,9600000,move-arms-0-0.7-l-l,0,penalty_undesired_contact_mean,0.656000018119812
g1_lafan,4728,4728,9600000,move-arms-0-0.7-l-l,0,penalty_undesired_contact_active_fraction,0.656000018119812
g1_lafan,4728,4728,9600000,move-arms-0-0.7-l-l,0,penalty_feet_ori_mean,0.4437498450279236
g1_lafan,4728,4728,9600000,move-arms-0-0.7-l-l,0,penalty_feet_ori_active_fraction,0.9760000705718994
g1_lafan,4728,4728,9600000,move-arms-0-0.7-l-l,0,penalty_ankle_roll_mean,0.13369621336460114
g1_lafan,4728,4728,9600000,move-arms-0-0.7-l-l,0,penalty_ankle_roll_active_fraction,1.0
g1_lafan,4728,4728,9600000,move-arms-0-0.7-l-l,0,penalty_slippage_mean,0.424610435962677
g1_lafan,4728,4728,9600000,move-arms-0-0.7-l-l,0,penalty_slippage_active_fraction,0.9760000705718994
g1_lafan,4728,4728,9600000,move-arms-0-0.7-l-l,1,return,77.10869598388672
g1_lafan,4728,4728,9600000,move-arms-0-0.7-l-l,1,auxiliary_cost,2.7471418380737305
g1_lafan,4728,4728,9600000,move-arms-0-0.7-l-l,1,safety_violation_rate,0.9980000257492065
g1_lafan,4728,4728,9600000,move-arms-0-0.7-l-l,1,termination_rate,0.0
g1_lafan,4728,4728,9600000,move-arms-0-0.7-l-l,1,action_l2,2.388394832611084
g1_lafan,4728,4728,9600000,move-arms-0-0.7-l-l,1,penalty_torques_mean,8544.087890625
g1_lafan,4728,4728,9600000,move-arms-0-0.7-l-l,1,penalty_torques_active_fraction,1.0
g1_lafan,4728,4728,9600000,move-arms-0-0.7-l-l,1,penalty_action_rate_mean,2.8702192306518555
g1_lafan,4728,4728,9600000,move-arms-0-0.7-l-l,1,penalty_action_rate_active_fraction,1.0
g1_lafan,4728,4728,9600000,move-arms-0-0.7-l-l,1,limits_dof_pos_mean,0.027802422642707825
g1_lafan,4728,4728,9600000,move-arms-0-0.7-l-l,1,limits_dof_pos_active_fraction,0.9980000257492065
g1_lafan,4728,4728,9600000,move-arms-0-0.7-l-l,1,limits_torque_mean,4.417827129364014
g1_lafan,4728,4728,9600000,move-arms-0-0.7-l-l,1,limits_torque_active_fraction,0.9980000257492065
g1_lafan,4728,4728,9600000,move-arms-0-0.7-l-l,1,penalty_undesired_contact_mean,0.6380000114440918
g1_lafan,4728,4728,9600000,move-arms-0-0.7-l-l,1,penalty_undesired_contact_active_fraction,0.6380000114440918
g1_lafan,4728,4728,9600000,move-arms-0-0.7-l-l,1,penalty_feet_ori_mean,0.4854276776313782
g1_lafan,4728,4728,9600000,move-arms-0-0.7-l-l,1,penalty_feet_ori_active_fraction,0.9800000190734863
g1_lafan,4728,4728,9600000,move-arms-0-0.7-l-l,1,penalty_ankle_roll_mean,0.13623088598251343
g1_lafan,4728,4728,9600000,move-arms-0-0.7-l-l,1,penalty_ankle_roll_active_fraction,1.0
g1_lafan,4728,4728,9600000,move-arms-0-0.7-l-l,1,penalty_slippage_mean,0.4025004506111145
g1_lafan,4728,4728,9600000,move-arms-0-0.7-l-l,1,penalty_slippage_active_fraction,0.9800000190734863
g1_lafan,4728,4728,9600000,move-arms-0-0.7-l-l,2,return,35.26070785522461
g1_lafan,4728,4728,9600000,move-arms-0-0.7-l-l,2,auxiliary_cost,2.7245519161224365
g1_lafan,4728,4728,9600000,move-arms-0-0.7-l-l,2,safety_violation_rate,0.9980000257492065
g1_lafan,4728,4728,9600000,move-arms-0-0.7-l-l,2,termination_rate,0.0
g1_lafan,4728,4728,9600000,move-arms-0-0.7-l-l,2,action_l2,2.3135554790496826
g1_lafan,4728,4728,9600000,move-arms-0-0.7-l-l,2,penalty_torques_mean,7673.41455078125
g1_lafan,4728,4728,9600000,move-arms-0-0.7-l-l,2,penalty_torques_active_fraction,1.0
g1_lafan,4728,4728,9600000,move-arms-0-0.7-l-l,2,penalty_action_rate_mean,2.7852022647857666
g1_lafan,4728,4728,9600000,move-arms-0-0.7-l-l,2,penalty_action_rate_active_fraction,1.0
g1_lafan,4728,4728,9600000,move-arms-0-0.7-l-l,2,limits_dof_pos_mean,0.022875521332025528
g1_lafan,4728,4728,9600000,move-arms-0-0.7-l-l,2,limits_dof_pos_active_fraction,0.9920000433921814
g1_lafan,4728,4728,9600000,move-arms-0-0.7-l-l,2,limits_torque_mean,4.038315773010254
g1_lafan,4728,4728,9600000,move-arms-0-0.7-l-l,2,limits_torque_active_fraction,0.9800000190734863
g1_lafan,4728,4728,9600000,move-arms-0-0.7-l-l,2,penalty_undesired_contact_mean,0.7980000376701355
g1_lafan,4728,4728,9600000,move-arms-0-0.7-l-l,2,penalty_undesired_contact_active_fraction,0.7980000376701355
g1_lafan,4728,4728,9600000,move-arms-0-0.7-l-l,2,penalty_feet_ori_mean,0.39668068289756775
g1_lafan,4728,4728,9600000,move-arms-0-0.7-l-l,2,penalty_feet_ori_active_fraction,0.9940000176429749
g1_lafan,4728,4728,9600000,move-arms-0-0.7-l-l,2,penalty_ankle_roll_mean,0.12628188729286194
g1_lafan,4728,4728,9600000,move-arms-0-0.7-l-l,2,penalty_ankle_roll_active_fraction,1.0
g1_lafan,4728,4728,9600000,move-arms-0-0.7-l-l,2,penalty_slippage_mean,0.3777383863925934
g1_lafan,4728,4728,9600000,move-arms-0-0.7-l-l,2,penalty_slippage_active_fraction,0.9940000176429749
g1_lafan,4728,4728,9600000,move-arms-0-0.7-l-l,3,return,8.85820198059082
g1_lafan,4728,4728,9600000,move-arms-0-0.7-l-l,3,auxiliary_cost,2.918368101119995
g1_lafan,4728,4728,9600000,move-arms-0-0.7-l-l,3,safety_violation_rate,1.0
g1_lafan,4728,4728,9600000,move-arms-0-0.7-l-l,3,termination_rate,0.0
g1_lafan,4728,4728,9600000,move-arms-0-0.7-l-l,3,action_l2,2.4017488956451416
g1_lafan,4728,4728,9600000,move-arms-0-0.7-l-l,3,penalty_torques_mean,8466.51953125
g1_lafan,4728,4728,9600000,move-arms-0-0.7-l-l,3,penalty_torques_active_fraction,1.0
g1_lafan,4728,4728,9600000,move-arms-0-0.7-l-l,3,penalty_action_rate_mean,3.7747559547424316
g1_lafan,4728,4728,9600000,move-arms-0-0.7-l-l,3,penalty_action_rate_active_fraction,1.0
g1_lafan,4728,4728,9600000,move-arms-0-0.7-l-l,3,limits_dof_pos_mean,0.02646937407553196
g1_lafan,4728,4728,9600000,move-arms-0-0.7-l-l,3,limits_dof_pos_active_fraction,1.0
g1_lafan,4728,4728,9600000,move-arms-0-0.7-l-l,3,limits_torque_mean,4.584146022796631
g1_lafan,4728,4728,9600000,move-arms-0-0.7-l-l,3,limits_torque_active_fraction,0.9980000257492065
g1_lafan,4728,4728,9600000,move-arms-0-0.7-l-l,3,penalty_undesired_contact_mean,0.7760000228881836
g1_lafan,4728,4728,9600000,move-arms-0-0.7-l-l,3,penalty_undesired_contact_active_fraction,0.7760000228881836
g1_lafan,4728,4728,9600000,move-arms-0-0.7-l-l,3,penalty_feet_ori_mean,0.4562455713748932
g1_lafan,4728,4728,9600000,move-arms-0-0.7-l-l,3,penalty_feet_ori_active_fraction,0.9740000367164612
g1_lafan,4728,4728,9600000,move-arms-0-0.7-l-l,3,penalty_ankle_roll_mean,0.13349705934524536
g1_lafan,4728,4728,9600000,move-arms-0-0.7-l-l,3,penalty_ankle_roll_active_fraction,1.0
g1_lafan,4728,4728,9600000,move-arms-0-0.7-l-l,3,penalty_slippage_mean,0.3918552100658417
g1_lafan,4728,4728,9600000,move-arms-0-0.7-l-l,3,penalty_slippage_active_fraction,0.9740000367164612
g1_lafan,4728,4728,9600000,move-arms-0-0.7-l-l,4,return,1.6097090244293213
g1_lafan,4728,4728,9600000,move-arms-0-0.7-l-l,4,auxiliary_cost,2.463468551635742
g1_lafan,4728,4728,9600000,move-arms-0-0.7-l-l,4,safety_violation_rate,0.9960000514984131
g1_lafan,4728,4728,9600000,move-arms-0-0.7-l-l,4,termination_rate,0.0
g1_lafan,4728,4728,9600000,move-arms-0-0.7-l-l,4,action_l2,2.2832205295562744
g1_lafan,4728,4728,9600000,move-arms-0-0.7-l-l,4,penalty_torques_mean,7046.80419921875
g1_lafan,4728,4728,9600000,move-arms-0-0.7-l-l,4,penalty_torques_active_fraction,1.0
g1_lafan,4728,4728,9600000,move-arms-0-0.7-l-l,4,penalty_action_rate_mean,1.9633809328079224
g1_lafan,4728,4728,9600000,move-arms-0-0.7-l-l,4,penalty_action_rate_active_fraction,1.0
g1_lafan,4728,4728,9600000,move-arms-0-0.7-l-l,4,limits_dof_pos_mean,0.02476724050939083
g1_lafan,4728,4728,9600000,move-arms-0-0.7-l-l,4,limits_dof_pos_active_fraction,0.9960000514984131
g1_lafan,4728,4728,9600000,move-arms-0-0.7-l-l,4,limits_torque_mean,4.006625175476074
g1_lafan,4728,4728,9600000,move-arms-0-0.7-l-l,4,limits_torque_active_fraction,0.9740000367164612
g1_lafan,4728,4728,9600000,move-arms-0-0.7-l-l,4,penalty_undesired_contact_mean,0.5860000252723694
g1_lafan,4728,4728,9600000,move-arms-0-0.7-l-l,4,penalty_undesired_contact_active_fraction,0.5860000252723694
g1_lafan,4728,4728,9600000,move-arms-0-0.7-l-l,4,penalty_feet_ori_mean,0.49080032110214233
g1_lafan,4728,4728,9600000,move-arms-0-0.7-l-l,4,penalty_feet_ori_active_fraction,0.9980000257492065
g1_lafan,4728,4728,9600000,move-arms-0-0.7-l-l,4,penalty_ankle_roll_mean,0.13421887159347534
g1_lafan,4728,4728,9600000,move-arms-0-0.7-l-l,4,penalty_ankle_roll_active_fraction,1.0
g1_lafan,4728,4728,9600000,move-arms-0-0.7-l-l,4,penalty_slippage_mean,0.3501315414905548
g1_lafan,4728,4728,9600000,move-arms-0-0.7-l-l,4,penalty_slippage_active_fraction,0.9980000257492065
g1_lafan,4728,4728,9600000,move-arms-0-0.7-l-l,5,return,44.67315673828125
g1_lafan,4728,4728,9600000,move-arms-0-0.7-l-l,5,auxiliary_cost,2.4521450996398926
g1_lafan,4728,4728,9600000,move-arms-0-0.7-l-l,5,safety_violation_rate,1.0
g1_lafan,4728,4728,9600000,move-arms-0-0.7-l-l,5,termination_rate,0.0
g1_lafan,4728,4728,9600000,move-arms-0-0.7-l-l,5,action_l2,2.3288872241973877
g1_lafan,4728,4728,9600000,move-arms-0-0.7-l-l,5,penalty_torques_mean,7080.1884765625
g1_lafan,4728,4728,9600000,move-arms-0-0.7-l-l,5,penalty_torques_active_fraction,1.0
g1_lafan,4728,4728,9600000,move-arms-0-0.7-l-l,5,penalty_action_rate_mean,2.545832872390747
g1_lafan,4728,4728,9600000,move-arms-0-0.7-l-l,5,penalty_action_rate_active_fraction,1.0
g1_lafan,4728,4728,9600000,move-arms-0-0.7-l-l,5,limits_dof_pos_mean,0.025016631931066513
g1_lafan,4728,4728,9600000,move-arms-0-0.7-l-l,5,limits_dof_pos_active_fraction,1.0
g1_lafan,4728,4728,9600000,move-arms-0-0.7-l-l,5,limits_torque_mean,4.085134506225586
g1_lafan,4728,4728,9600000,move-arms-0-0.7-l-l,5,limits_torque_active_fraction,0.9880000352859497
g1_lafan,4728,4728,9600000,move-arms-0-0.7-l-l,5,penalty_undesired_contact_mean,0.6440000534057617
g1_lafan,4728,4728,9600000,move-arms-0-0.7-l-l,5,penalty_undesired_contact_active_fraction,0.6440000534057617
g1_lafan,4728,4728,9600000,move-arms-0-0.7-l-l,5,penalty_feet_ori_mean,0.45743125677108765
g1_lafan,4728,4728,9600000,move-arms-0-0.7-l-l,5,penalty_feet_ori_active_fraction,0.9940000176429749
g1_lafan,4728,4728,9600000,move-arms-0-0.7-l-l,5,penalty_ankle_roll_mean,0.13533622026443481
g1_lafan,4728,4728,9600000,move-arms-0-0.7-l-l,5,penalty_ankle_roll_active_fraction,1.0
g1_lafan,4728,4728,9600000,move-arms-0-0.7-l-l,5,penalty_slippage_mean,0.28953877091407776
g1_lafan,4728,4728,9600000,move-arms-0-0.7-l-l,5,penalty_slippage_active_fraction,0.9940000176429749
g1_lafan,4728,4728,9600000,move-arms-0-0.7-l-l,6,return,27.37895393371582
g1_lafan,4728,4728,9600000,move-arms-0-0.7-l-l,6,auxiliary_cost,2.911759376525879
g1_lafan,4728,4728,9600000,move-arms-0-0.7-l-l,6,safety_violation_rate,1.0
g1_lafan,4728,4728,9600000,move-arms-0-0.7-l-l,6,termination_rate,0.0
g1_lafan,4728,4728,9600000,move-arms-0-0.7-l-l,6,action_l2,2.456500291824341
g1_lafan,4728,4728,9600000,move-arms-0-0.7-l-l,6,penalty_torques_mean,9516.1572265625
g1_lafan,4728,4728,9600000,move-arms-0-0.7-l-l,6,penalty_torques_active_fraction,1.0
g1_lafan,4728,4728,9600000,move-arms-0-0.7-l-l,6,penalty_action_rate_mean,5.589869976043701
g1_lafan,4728,4728,9600000,move-arms-0-0.7-l-l,6,penalty_action_rate_active_fraction,1.0
g1_lafan,4728,4728,9600000,move-arms-0-0.7-l-l,6,limits_dof_pos_mean,0.030117051675915718
g1_lafan,4728,4728,9600000,move-arms-0-0.7-l-l,6,limits_dof_pos_active_fraction,1.0
g1_lafan,4728,4728,9600000,move-arms-0-0.7-l-l,6,limits_torque_mean,4.6793975830078125
g1_lafan,4728,4728,9600000,move-arms-0-0.7-l-l,6,limits_torque_active_fraction,1.0
g1_lafan,4728,4728,9600000,move-arms-0-0.7-l-l,6,penalty_undesired_contact_mean,0.5300000309944153
g1_lafan,4728,4728,9600000,move-arms-0-0.7-l-l,6,penalty_undesired_contact_active_fraction,0.5300000309944153
g1_lafan,4728,4728,9600000,move-arms-0-0.7-l-l,6,penalty_feet_ori_mean,0.4770972728729248
g1_lafan,4728,4728,9600000,move-arms-0-0.7-l-l,6,penalty_feet_ori_active_fraction,0.9460000395774841
g1_lafan,4728,4728,9600000,move-arms-0-0.7-l-l,6,penalty_ankle_roll_mean,0.1362740695476532
g1_lafan,4728,4728,9600000,move-arms-0-0.7-l-l,6,penalty_ankle_roll_active_fraction,1.0
g1_lafan,4728,4728,9600000,move-arms-0-0.7-l-l,6,penalty_slippage_mean,0.39283350110054016
g1_lafan,4728,4728,9600000,move-arms-0-0.7-l-l,6,penalty_slippage_active_fraction,0.9460000395774841
g1_lafan,4728,4728,9600000,move-arms-0-0.7-l-l,7,return,58.264835357666016
g1_lafan,4728,4728,9600000,move-arms-0-0.7-l-l,7,auxiliary_cost,2.6245269775390625
g1_lafan,4728,4728,9600000,move-arms-0-0.7-l-l,7,safety_violation_rate,1.0
g1_lafan,4728,4728,9600000,move-arms-0-0.7-l-l,7,termination_rate,0.0
g1_lafan,4728,4728,9600000,move-arms-0-0.7-l-l,7,action_l2,2.390160322189331
g1_lafan,4728,4728,9600000,move-arms-0-0.7-l-l,7,penalty_torques_mean,7884.189453125
g1_lafan,4728,4728,9600000,move-arms-0-0.7-l-l,7,penalty_torques_active_fraction,1.0
g1_lafan,4728,4728,9600000,move-arms-0-0.7-l-l,7,penalty_action_rate_mean,3.136461019515991
g1_lafan,4728,4728,9600000,move-arms-0-0.7-l-l,7,penalty_action_rate_active_fraction,1.0
g1_lafan,4728,4728,9600000,move-arms-0-0.7-l-l,7,limits_dof_pos_mean,0.028010878711938858
g1_lafan,4728,4728,9600000,move-arms-0-0.7-l-l,7,limits_dof_pos_active_fraction,1.0
g1_lafan,4728,4728,9600000,move-arms-0-0.7-l-l,7,limits_torque_mean,4.397336959838867
g1_lafan,4728,4728,9600000,move-arms-0-0.7-l-l,7,limits_torque_active_fraction,0.9960000514984131
g1_lafan,4728,4728,9600000,move-arms-0-0.7-l-l,7,penalty_undesired_contact_mean,0.6660000085830688
g1_lafan,4728,4728,9600000,move-arms-0-0.7-l-l,7,penalty_undesired_contact_active_fraction,0.6660000085830688
g1_lafan,4728,4728,9600000,move-arms-0-0.7-l-l,7,penalty_feet_ori_mean,0.43523597717285156
g1_lafan,4728,4728,9600000,move-arms-0-0.7-l-l,7,penalty_feet_ori_active_fraction,0.9780000448226929
g1_lafan,4728,4728,9600000,move-arms-0-0.7-l-l,7,penalty_ankle_roll_mean,0.13634519279003143
g1_lafan,4728,4728,9600000,move-arms-0-0.7-l-l,7,penalty_ankle_roll_active_fraction,1.0
g1_lafan,4728,4728,9600000,move-arms-0-0.7-l-l,7,penalty_slippage_mean,0.3226486146450043
g1_lafan,4728,4728,9600000,move-arms-0-0.7-l-l,7,penalty_slippage_active_fraction,0.9780000448226929
g1_lafan,4728,4728,9600000,move-arms-0-0.7-l-l,8,return,287.29449462890625
g1_lafan,4728,4728,9600000,move-arms-0-0.7-l-l,8,auxiliary_cost,2.5756046772003174
g1_lafan,4728,4728,9600000,move-arms-0-0.7-l-l,8,safety_violation_rate,0.9980000257492065
g1_lafan,4728,4728,9600000,move-arms-0-0.7-l-l,8,termination_rate,0.0
g1_lafan,4728,4728,9600000,move-arms-0-0.7-l-l,8,action_l2,2.271082639694214
g1_lafan,4728,4728,9600000,move-arms-0-0.7-l-l,8,penalty_torques_mean,7165.60107421875
g1_lafan,4728,4728,9600000,move-arms-0-0.7-l-l,8,penalty_torques_active_fraction,1.0
g1_lafan,4728,4728,9600000,move-arms-0-0.7-l-l,8,penalty_action_rate_mean,2.4864280223846436
g1_lafan,4728,4728,9600000,move-arms-0-0.7-l-l,8,penalty_action_rate_active_fraction,1.0
g1_lafan,4728,4728,9600000,move-arms-0-0.7-l-l,8,limits_dof_pos_mean,0.02466694451868534
g1_lafan,4728,4728,9600000,move-arms-0-0.7-l-l,8,limits_dof_pos_active_fraction,0.9980000257492065
g1_lafan,4728,4728,9600000,move-arms-0-0.7-l-l,8,limits_torque_mean,4.131479740142822
g1_lafan,4728,4728,9600000,move-arms-0-0.7-l-l,8,limits_torque_active_fraction,0.9940000176429749
g1_lafan,4728,4728,9600000,move-arms-0-0.7-l-l,8,penalty_undesired_contact_mean,0.690000057220459
g1_lafan,4728,4728,9600000,move-arms-0-0.7-l-l,8,penalty_undesired_contact_active_fraction,0.690000057220459
g1_lafan,4728,4728,9600000,move-arms-0-0.7-l-l,8,penalty_feet_ori_mean,0.4226459264755249
g1_lafan,4728,4728,9600000,move-arms-0-0.7-l-l,8,penalty_feet_ori_active_fraction,0.9920000433921814
g1_lafan,4728,4728,9600000,move-arms-0-0.7-l-l,8,penalty_ankle_roll_mean,0.13479559123516083
g1_lafan,4728,4728,9600000,move-arms-0-0.7-l-l,8,penalty_ankle_roll_active_fraction,1.0
g1_lafan,4728,4728,9600000,move-arms-0-0.7-l-l,8,penalty_slippage_mean,0.341025710105896
g1_lafan,4728,4728,9600000,move-arms-0-0.7-l-l,8,penalty_slippage_active_fraction,0.9920000433921814
g1_lafan,4728,4728,9600000,move-arms-0-0.7-l-l,9,return,86.06114196777344
g1_lafan,4728,4728,9600000,move-arms-0-0.7-l-l,9,auxiliary_cost,2.52020001411438
g1_lafan,4728,4728,9600000,move-arms-0-0.7-l-l,9,safety_violation_rate,0.9960000514984131
g1_lafan,4728,4728,9600000,move-arms-0-0.7-l-l,9,termination_rate,0.0
g1_lafan,4728,4728,9600000,move-arms-0-0.7-l-l,9,action_l2,2.284104585647583
g1_lafan,4728,4728,9600000,move-arms-0-0.7-l-l,9,penalty_torques_mean,6866.08447265625
g1_lafan,4728,4728,9600000,move-arms-0-0.7-l-l,9,penalty_torques_active_fraction,1.0
g1_lafan,4728,4728,9600000,move-arms-0-0.7-l-l,9,penalty_action_rate_mean,2.039393424987793
g1_lafan,4728,4728,9600000,move-arms-0-0.7-l-l,9,penalty_action_rate_active_fraction,1.0
g1_lafan,4728,4728,9600000,move-arms-0-0.7-l-l,9,limits_dof_pos_mean,0.024332264438271523
g1_lafan,4728,4728,9600000,move-arms-0-0.7-l-l,9,limits_dof_pos_active_fraction,0.9960000514984131
g1_lafan,4728,4728,9600000,move-arms-0-0.7-l-l,9,limits_torque_mean,3.9038491249084473
g1_lafan,4728,4728,9600000,move-arms-0-0.7-l-l,9,limits_torque_active_fraction,0.9380000233650208
g1_lafan,4728,4728,9600000,move-arms-0-0.7-l-l,9,penalty_undesired_contact_mean,0.6300000548362732
g1_lafan,4728,4728,9600000,move-arms-0-0.7-l-l,9,penalty_undesired_contact_active_fraction,0.6300000548362732
g1_lafan,4728,4728,9600000,move-arms-0-0.7-l-l,9,penalty_feet_ori_mean,0.46277064085006714
g1_lafan,4728,4728,9600000,move-arms-0-0.7-l-l,9,penalty_feet_ori_active_fraction,0.9960000514984131
g1_lafan,4728,4728,9600000,move-arms-0-0.7-l-l,9,penalty_ankle_roll_mean,0.13242286443710327
g1_lafan,4728,4728,9600000,move-arms-0-0.7-l-l,9,penalty_ankle_roll_active_fraction,1.0
g1_lafan,4728,4728,9600000,move-arms-0-0.7-l-l,9,penalty_slippage_mean,0.3640694320201874
g1_lafan,4728,4728,9600000,move-arms-0-0.7-l-l,9,penalty_slippage_active_fraction,0.9960000514984131
g1_lafan,4728,4728,9600000,move-arms-90-0.7-l-l,0,return,18.462703704833984
g1_lafan,4728,4728,9600000,move-arms-90-0.7-l-l,0,auxiliary_cost,1.9559106826782227
g1_lafan,4728,4728,9600000,move-arms-90-0.7-l-l,0,safety_violation_rate,1.0
g1_lafan,4728,4728,9600000,move-arms-90-0.7-l-l,0,termination_rate,0.0
g1_lafan,4728,4728,9600000,move-arms-90-0.7-l-l,0,action_l2,2.5555520057678223
g1_lafan,4728,4728,9600000,move-arms-90-0.7-l-l,0,penalty_torques_mean,8548.6728515625
g1_lafan,4728,4728,9600000,move-arms-90-0.7-l-l,0,penalty_torques_active_fraction,1.0
g1_lafan,4728,4728,9600000,move-arms-90-0.7-l-l,0,penalty_action_rate_mean,3.520822763442993
g1_lafan,4728,4728,9600000,move-arms-90-0.7-l-l,0,penalty_action_rate_active_fraction,1.0
g1_lafan,4728,4728,9600000,move-arms-90-0.7-l-l,0,limits_dof_pos_mean,0.025669099763035774
g1_lafan,4728,4728,9600000,move-arms-90-0.7-l-l,0,limits_dof_pos_active_fraction,1.0
g1_lafan,4728,4728,9600000,move-arms-90-0.7-l-l,0,limits_torque_mean,5.15284538269043
g1_lafan,4728,4728,9600000,move-arms-90-0.7-l-l,0,limits_torque_active_fraction,0.9960000514984131
g1_lafan,4728,4728,9600000,move-arms-90-0.7-l-l,0,penalty_undesired_contact_mean,0.012000000104308128
g1_lafan,4728,4728,9600000,move-arms-90-0.7-l-l,0,penalty_undesired_contact_active_fraction,0.012000000104308128
g1_lafan,4728,4728,9600000,move-arms-90-0.7-l-l,0,penalty_feet_ori_mean,0.4005197286605835
g1_lafan,4728,4728,9600000,move-arms-90-0.7-l-l,0,penalty_feet_ori_active_fraction,0.9720000624656677
g1_lafan,4728,4728,9600000,move-arms-90-0.7-l-l,0,penalty_ankle_roll_mean,0.13575290143489838
g1_lafan,4728,4728,9600000,move-arms-90-0.7-l-l,0,penalty_ankle_roll_active_fraction,1.0
g1_lafan,4728,4728,9600000,move-arms-90-0.7-l-l,0,penalty_slippage_mean,0.3159588873386383
g1_lafan,4728,4728,9600000,move-arms-90-0.7-l-l,0,penalty_slippage_active_fraction,0.9720000624656677
g1_lafan,4728,4728,9600000,move-arms-90-0.7-l-l,1,return,147.26229858398438
g1_lafan,4728,4728,9600000,move-arms-90-0.7-l-l,1,auxiliary_cost,1.7189385890960693
g1_lafan,4728,4728,9600000,move-arms-90-0.7-l-l,1,safety_violation_rate,1.0
g1_lafan,4728,4728,9600000,move-arms-90-0.7-l-l,1,termination_rate,0.0
g1_lafan,4728,4728,9600000,move-arms-90-0.7-l-l,1,action_l2,2.5137875080108643
g1_lafan,4728,4728,9600000,move-arms-90-0.7-l-l,1,penalty_torques_mean,7605.279296875
g1_lafan,4728,4728,9600000,move-arms-90-0.7-l-l,1,penalty_torques_active_fraction,1.0
g1_lafan,4728,4728,9600000,move-arms-90-0.7-l-l,1,penalty_action_rate_mean,2.133362054824829
g1_lafan,4728,4728,9600000,move-arms-90-0.7-l-l,1,penalty_action_rate_active_fraction,1.0
g1_lafan,4728,4728,9600000,move-arms-90-0.7-l-l,1,limits_dof_pos_mean,0.02588483691215515
g1_lafan,4728,4728,9600000,move-arms-90-0.7-l-l,1,limits_dof_pos_active_fraction,1.0
g1_lafan,4728,4728,9600000,move-arms-90-0.7-l-l,1,limits_torque_mean,5.080658912658691
g1_lafan,4728,4728,9600000,move-arms-90-0.7-l-l,1,limits_torque_active_fraction,0.9960000514984131
g1_lafan,4728,4728,9600000,move-arms-90-0.7-l-l,1,penalty_undesired_contact_mean,0.0020000000949949026
g1_lafan,4728,4728,9600000,move-arms-90-0.7-l-l,1,penalty_undesired_contact_active_fraction,0.0020000000949949026
g1_lafan,4728,4728,9600000,move-arms-90-0.7-l-l,1,penalty_feet_ori_mean,0.32687556743621826
g1_lafan,4728,4728,9600000,move-arms-90-0.7-l-l,1,penalty_feet_ori_active_fraction,0.9980000257492065
g1_lafan,4728,4728,9600000,move-arms-90-0.7-l-l,1,penalty_ankle_roll_mean,0.13678637146949768
g1_lafan,4728,4728,9600000,move-arms-90-0.7-l-l,1,penalty_ankle_roll_active_fraction,1.0
g1_lafan,4728,4728,9600000,move-arms-90-0.7-l-l,1,penalty_slippage_mean,0.28342878818511963
g1_lafan,4728,4728,9600000,move-arms-90-0.7-l-l,1,penalty_slippage_active_fraction,0.9980000257492065
g1_lafan,4728,4728,9600000,move-arms-90-0.7-l-l,2,return,59.819435119628906
g1_lafan,4728,4728,9600000,move-arms-90-0.7-l-l,2,auxiliary_cost,1.8860288858413696
g1_lafan,4728,4728,9600000,move-arms-90-0.7-l-l,2,safety_violation_rate,1.0
g1_lafan,4728,4728,9600000,move-arms-90-0.7-l-l,2,termination_rate,0.0
g1_lafan,4728,4728,9600000,move-arms-90-0.7-l-l,2,action_l2,2.5283632278442383
g1_lafan,4728,4728,9600000,move-arms-90-0.7-l-l,2,penalty_torques_mean,7915.45361328125
g1_lafan,4728,4728,9600000,move-arms-90-0.7-l-l,2,penalty_torques_active_fraction,1.0
g1_lafan,4728,4728,9600000,move-arms-90-0.7-l-l,2,penalty_action_rate_mean,2.7830617427825928
g1_lafan,4728,4728,9600000,move-arms-90-0.7-l-l,2,penalty_action_rate_active_fraction,1.0
g1_lafan,4728,4728,9600000,move-arms-90-0.7-l-l,2,limits_dof_pos_mean,0.025984231382608414
g1_lafan,4728,4728,9600000,move-arms-90-0.7-l-l,2,limits_dof_pos_active_fraction,1.0
g1_lafan,4728,4728,9600000,move-arms-90-0.7-l-l,2,limits_torque_mean,5.128997802734375
g1_lafan,4728,4728,9600000,move-arms-90-0.7-l-l,2,limits_torque_active_fraction,0.9960000514984131
g1_lafan,4728,4728,9600000,move-arms-90-0.7-l-l,2,penalty_undesired_contact_mean,0.0
g1_lafan,4728,4728,9600000,move-arms-90-0.7-l-l,2,penalty_undesired_contact_active_fraction,0.0
g1_lafan,4728,4728,9600000,move-arms-90-0.7-l-l,2,penalty_feet_ori_mean,0.389462947845459
g1_lafan,4728,4728,9600000,move-arms-90-0.7-l-l,2,penalty_feet_ori_active_fraction,1.0
g1_lafan,4728,4728,9600000,move-arms-90-0.7-l-l,2,penalty_ankle_roll_mean,0.1367664635181427
g1_lafan,4728,4728,9600000,move-arms-90-0.7-l-l,2,penalty_ankle_roll_active_fraction,1.0
g1_lafan,4728,4728,9600000,move-arms-90-0.7-l-l,2,penalty_slippage_mean,0.32251495122909546
g1_lafan,4728,4728,9600000,move-arms-90-0.7-l-l,2,penalty_slippage_active_fraction,1.0
g1_lafan,4728,4728,9600000,move-arms-90-0.7-l-l,3,return,120.11642456054688
g1_lafan,4728,4728,9600000,move-arms-90-0.7-l-l,3,auxiliary_cost,1.5706124305725098
g1_lafan,4728,4728,9600000,move-arms-90-0.7-l-l,3,safety_violation_rate,0.9980000257492065
g1_lafan,4728,4728,9600000,move-arms-90-0.7-l-l,3,termination_rate,0.0
g1_lafan,4728,4728,9600000,move-arms-90-0.7-l-l,3,action_l2,2.508524179458618
g1_lafan,4728,4728,9600000,move-arms-90-0.7-l-l,3,penalty_torques_mean,7459.17529296875
g1_lafan,4728,4728,9600000,move-arms-90-0.7-l-l,3,penalty_torques_active_fraction,1.0
g1_lafan,4728,4728,9600000,move-arms-90-0.7-l-l,3,penalty_action_rate_mean,2.11403226852417
g1_lafan,4728,4728,9600000,move-arms-90-0.7-l-l,3,penalty_action_rate_active_fraction,1.0
g1_lafan,4728,4728,9600000,move-arms-90-0.7-l-l,3,limits_dof_pos_mean,0.02592223323881626
g1_lafan,4728,4728,9600000,move-arms-90-0.7-l-l,3,limits_dof_pos_active_fraction,0.9980000257492065
g1_lafan,4728,4728,9600000,move-arms-90-0.7-l-l,3,limits_torque_mean,4.976315975189209
g1_lafan,4728,4728,9600000,move-arms-90-0.7-l-l,3,limits_torque_active_fraction,0.9940000176429749
g1_lafan,4728,4728,9600000,move-arms-90-0.7-l-l,3,penalty_undesired_contact_mean,0.0
g1_lafan,4728,4728,9600000,move-arms-90-0.7-l-l,3,penalty_undesired_contact_active_fraction,0.0
g1_lafan,4728,4728,9600000,move-arms-90-0.7-l-l,3,penalty_feet_ori_mean,0.3448690176010132
g1_lafan,4728,4728,9600000,move-arms-90-0.7-l-l,3,penalty_feet_ori_active_fraction,1.0
g1_lafan,4728,4728,9600000,move-arms-90-0.7-l-l,3,penalty_ankle_roll_mean,0.13632825016975403
g1_lafan,4728,4728,9600000,move-arms-90-0.7-l-l,3,penalty_ankle_roll_active_fraction,1.0
g1_lafan,4728,4728,9600000,move-arms-90-0.7-l-l,3,penalty_slippage_mean,0.20836295187473297
g1_lafan,4728,4728,9600000,move-arms-90-0.7-l-l,3,penalty_slippage_active_fraction,1.0
g1_lafan,4728,4728,9600000,move-arms-90-0.7-l-l,4,return,133.8471221923828
g1_lafan,4728,4728,9600000,move-arms-90-0.7-l-l,4,auxiliary_cost,1.9035980701446533
g1_lafan,4728,4728,9600000,move-arms-90-0.7-l-l,4,safety_violation_rate,1.0
g1_lafan,4728,4728,9600000,move-arms-90-0.7-l-l,4,termination_rate,0.0
g1_lafan,4728,4728,9600000,move-arms-90-0.7-l-l,4,action_l2,2.584174633026123
g1_lafan,4728,4728,9600000,move-arms-90-0.7-l-l,4,penalty_torques_mean,8610.759765625
g1_lafan,4728,4728,9600000,move-arms-90-0.7-l-l,4,penalty_torques_active_fraction,1.0
g1_lafan,4728,4728,9600000,move-arms-90-0.7-l-l,4,penalty_action_rate_mean,3.258547067642212
g1_lafan,4728,4728,9600000,move-arms-90-0.7-l-l,4,penalty_action_rate_active_fraction,1.0
g1_lafan,4728,4728,9600000,move-arms-90-0.7-l-l,4,limits_dof_pos_mean,0.028797490522265434
g1_lafan,4728,4728,9600000,move-arms-90-0.7-l-l,4,limits_dof_pos_active_fraction,1.0
g1_lafan,4728,4728,9600000,move-arms-90-0.7-l-l,4,limits_torque_mean,5.208521842956543
g1_lafan,4728,4728,9600000,move-arms-90-0.7-l-l,4,limits_torque_active_fraction,0.9980000257492065
g1_lafan,4728,4728,9600000,move-arms-90-0.7-l-l,4,penalty_undesired_contact_mean,0.01600000075995922
g1_lafan,4728,4728,9600000,move-arms-90-0.7-l-l,4,penalty_undesired_contact_active_fraction,0.01600000075995922
g1_lafan,4728,4728,9600000,move-arms-90-0.7-l-l,4,penalty_feet_ori_mean,0.352596253156662
g1_lafan,4728,4728,9600000,move-arms-90-0.7-l-l,4,penalty_feet_ori_active_fraction,0.9740000367164612
g1_lafan,4728,4728,9600000,move-arms-90-0.7-l-l,4,penalty_ankle_roll_mean,0.13695792853832245
g1_lafan,4728,4728,9600000,move-arms-90-0.7-l-l,4,penalty_ankle_roll_active_fraction,1.0
g1_lafan,4728,4728,9600000,move-arms-90-0.7-l-l,4,penalty_slippage_mean,0.29244980216026306
g1_lafan,4728,4728,9600000,move-arms-90-0.7-l-l,4,penalty_slippage_active_fraction,0.9740000367164612
g1_lafan,4728,4728,9600000,move-arms-90-0.7-l-l,5,return,131.1691436767578
g1_lafan,4728,4728,9600000,move-arms-90-0.7-l-l,5,auxiliary_cost,2.0841856002807617
g1_lafan,4728,4728,9600000,move-arms-90-0.7-l-l,5,safety_violation_rate,1.0
g1_lafan,4728,4728,9600000,move-arms-90-0.7-l-l,5,termination_rate,0.0
g1_lafan,4728,4728,9600000,move-arms-90-0.7-l-l,5,action_l2,2.591817855834961
g1_lafan,4728,4728,9600000,move-arms-90-0.7-l-l,5,penalty_torques_mean,8855.7294921875
g1_lafan,4728,4728,9600000,move-arms-90-0.7-l-l,5,penalty_torques_active_fraction,1.0
g1_lafan,4728,4728,9600000,move-arms-90-0.7-l-l,5,penalty_action_rate_mean,4.092190742492676
g1_lafan,4728,4728,9600000,move-arms-90-0.7-l-l,5,penalty_action_rate_active_fraction,1.0
g1_lafan,4728,4728,9600000,move-arms-90-0.7-l-l,5,limits_dof_pos_mean,0.028422800824046135
g1_lafan,4728,4728,9600000,move-arms-90-0.7-l-l,5,limits_dof_pos_active_fraction,0.9980000257492065
g1_lafan,4728,4728,9600000,move-arms-90-0.7-l-l,5,limits_torque_mean,5.307463645935059
g1_lafan,4728,4728,9600000,move-arms-90-0.7-l-l,5,limits_torque_active_fraction,0.9980000257492065
g1_lafan,4728,4728,9600000,move-arms-90-0.7-l-l,5,penalty_undesired_contact_mean,0.058000002056360245
g1_lafan,4728,4728,9600000,move-arms-90-0.7-l-l,5,penalty_undesired_contact_active_fraction,0.058000002056360245
g1_lafan,4728,4728,9600000,move-arms-90-0.7-l-l,5,penalty_feet_ori_mean,0.4161779582500458
g1_lafan,4728,4728,9600000,move-arms-90-0.7-l-l,5,penalty_feet_ori_active_fraction,0.9780000448226929
g1_lafan,4728,4728,9600000,move-arms-90-0.7-l-l,5,penalty_ankle_roll_mean,0.13667291402816772
g1_lafan,4728,4728,9600000,move-arms-90-0.7-l-l,5,penalty_ankle_roll_active_fraction,1.0
g1_lafan,4728,4728,9600000,move-arms-90-0.7-l-l,5,penalty_slippage_mean,0.3097876012325287
g1_lafan,4728,4728,9600000,move-arms-90-0.7-l-l,5,penalty_slippage_active_fraction,0.9780000448226929
g1_lafan,4728,4728,9600000,move-arms-90-0.7-l-l,6,return,23.181154251098633
g1_lafan,4728,4728,9600000,move-arms-90-0.7-l-l,6,auxiliary_cost,1.8944554328918457
g1_lafan,4728,4728,9600000,move-arms-90-0.7-l-l,6,safety_violation_rate,0.9960000514984131
g1_lafan,4728,4728,9600000,move-arms-90-0.7-l-l,6,termination_rate,0.0
g1_lafan,4728,4728,9600000,move-arms-90-0.7-l-l,6,action_l2,2.5233116149902344
g1_lafan,4728,4728,9600000,move-arms-90-0.7-l-l,6,penalty_torques_mean,7744.0458984375
g1_lafan,4728,4728,9600000,move-arms-90-0.7-l-l,6,penalty_torques_active_fraction,1.0
g1_lafan,4728,4728,9600000,move-arms-90-0.7-l-l,6,penalty_action_rate_mean,2.8756589889526367
g1_lafan,4728,4728,9600000,move-arms-90-0.7-l-l,6,penalty_action_rate_active_fraction,1.0
g1_lafan,4728,4728,9600000,move-arms-90-0.7-l-l,6,limits_dof_pos_mean,0.025675060227513313
g1_lafan,4728,4728,9600000,move-arms-90-0.7-l-l,6,limits_dof_pos_active_fraction,0.9960000514984131
g1_lafan,4728,4728,9600000,move-arms-90-0.7-l-l,6,limits_torque_mean,5.089949131011963
g1_lafan,4728,4728,9600000,move-arms-90-0.7-l-l,6,limits_torque_active_fraction,0.9920000433921814
g1_lafan,4728,4728,9600000,move-arms-90-0.7-l-l,6,penalty_undesired_contact_mean,0.0
g1_lafan,4728,4728,9600000,move-arms-90-0.7-l-l,6,penalty_undesired_contact_active_fraction,0.0
g1_lafan,4728,4728,9600000,move-arms-90-0.7-l-l,6,penalty_feet_ori_mean,0.41474220156669617
g1_lafan,4728,4728,9600000,move-arms-90-0.7-l-l,6,penalty_feet_ori_active_fraction,0.9960000514984131
g1_lafan,4728,4728,9600000,move-arms-90-0.7-l-l,6,penalty_ankle_roll_mean,0.13562770187854767
g1_lafan,4728,4728,9600000,move-arms-90-0.7-l-l,6,penalty_ankle_roll_active_fraction,1.0
g1_lafan,4728,4728,9600000,move-arms-90-0.7-l-l,6,penalty_slippage_mean,0.32086610794067383
g1_lafan,4728,4728,9600000,move-arms-90-0.7-l-l,6,penalty_slippage_active_fraction,0.9960000514984131
g1_lafan,4728,4728,9600000,move-arms-90-0.7-l-l,7,return,18.232585906982422
g1_lafan,4728,4728,9600000,move-arms-90-0.7-l-l,7,auxiliary_cost,1.667898178100586
g1_lafan,4728,4728,9600000,move-arms-90-0.7-l-l,7,safety_violation_rate,0.9960000514984131
g1_lafan,4728,4728,9600000,move-arms-90-0.7-l-l,7,termination_rate,0.0
g1_lafan,4728,4728,9600000,move-arms-90-0.7-l-l,7,action_l2,2.513336420059204
g1_lafan,4728,4728,9600000,move-arms-90-0.7-l-l,7,penalty_torques_mean,7368.8369140625
g1_lafan,4728,4728,9600000,move-arms-90-0.7-l-l,7,penalty_torques_active_fraction,1.0
g1_lafan,4728,4728,9600000,move-arms-90-0.7-l-l,7,penalty_action_rate_mean,2.33231782913208
g1_lafan,4728,4728,9600000,move-arms-90-0.7-l-l,7,penalty_action_rate_active_fraction,1.0
g1_lafan,4728,4728,9600000,move-arms-90-0.7-l-l,7,limits_dof_pos_mean,0.02564380317926407
g1_lafan,4728,4728,9600000,move-arms-90-0.7-l-l,7,limits_dof_pos_active_fraction,0.9960000514984131
g1_lafan,4728,4728,9600000,move-arms-90-0.7-l-l,7,limits_torque_mean,5.103690147399902
g1_lafan,4728,4728,9600000,move-arms-90-0.7-l-l,7,limits_torque_active_fraction,0.9900000691413879
g1_lafan,4728,4728,9600000,move-arms-90-0.7-l-l,7,penalty_undesired_contact_mean,0.0
g1_lafan,4728,4728,9600000,move-arms-90-0.7-l-l,7,penalty_undesired_contact_active_fraction,0.0
g1_lafan,4728,4728,9600000,move-arms-90-0.7-l-l,7,penalty_feet_ori_mean,0.38938960433006287
g1_lafan,4728,4728,9600000,move-arms-90-0.7-l-l,7,penalty_feet_ori_active_fraction,1.0
g1_lafan,4728,4728,9600000,move-arms-90-0.7-l-l,7,penalty_ankle_roll_mean,0.13591641187667847
g1_lafan,4728,4728,9600000,move-arms-90-0.7-l-l,7,penalty_ankle_roll_active_fraction,1.0
g1_lafan,4728,4728,9600000,move-arms-90-0.7-l-l,7,penalty_slippage_mean,0.23940372467041016
g1_lafan,4728,4728,9600000,move-arms-90-0.7-l-l,7,penalty_slippage_active_fraction,1.0
g1_lafan,4728,4728,9600000,move-arms-90-0.7-l-l,8,return,104.99334716796875
g1_lafan,4728,4728,9600000,move-arms-90-0.7-l-l,8,auxiliary_cost,2.097856283187866
g1_lafan,4728,4728,9600000,move-arms-90-0.7-l-l,8,safety_violation_rate,1.0
g1_lafan,4728,4728,9600000,move-arms-90-0.7-l-l,8,termination_rate,0.0
g1_lafan,4728,4728,9600000,move-arms-90-0.7-l-l,8,action_l2,2.578766107559204
g1_lafan,4728,4728,9600000,move-arms-90-0.7-l-l,8,penalty_torques_mean,9591.2392578125
g1_lafan,4728,4728,9600000,move-arms-90-0.7-l-l,8,penalty_torques_active_fraction,1.0
g1_lafan,4728,4728,9600000,move-arms-90-0.7-l-l,8,penalty_action_rate_mean,3.8823814392089844
g1_lafan,4728,4728,9600000,move-arms-90-0.7-l-l,8,penalty_action_rate_active_fraction,1.0
g1_lafan,4728,4728,9600000,move-arms-90-0.7-l-l,8,limits_dof_pos_mean,0.028257271274924278
g1_lafan,4728,4728,9600000,move-arms-90-0.7-l-l,8,limits_dof_pos_active_fraction,1.0
g1_lafan,4728,4728,9600000,move-arms-90-0.7-l-l,8,limits_torque_mean,5.4120330810546875
g1_lafan,4728,4728,9600000,move-arms-90-0.7-l-l,8,limits_torque_active_fraction,1.0
g1_lafan,4728,4728,9600000,move-arms-90-0.7-l-l,8,penalty_undesired_contact_mean,0.03800000250339508
g1_lafan,4728,4728,9600000,move-arms-90-0.7-l-l,8,penalty_undesired_contact_active_fraction,0.03800000250339508
g1_lafan,4728,4728,9600000,move-arms-90-0.7-l-l,8,penalty_feet_ori_mean,0.4116489291191101
g1_lafan,4728,4728,9600000,move-arms-90-0.7-l-l,8,penalty_feet_ori_active_fraction,0.9740000367164612
g1_lafan,4728,4728,9600000,move-arms-90-0.7-l-l,8,penalty_ankle_roll_mean,0.13678701221942902
g1_lafan,4728,4728,9600000,move-arms-90-0.7-l-l,8,penalty_ankle_roll_active_fraction,1.0
g1_lafan,4728,4728,9600000,move-arms-90-0.7-l-l,8,penalty_slippage_mean,0.3386183977127075
g1_lafan,4728,4728,9600000,move-arms-90-0.7-l-l,8,penalty_slippage_active_fraction,0.9740000367164612
g1_lafan,4728,4728,9600000,move-arms-90-0.7-l-l,9,return,81.50523376464844
g1_lafan,4728,4728,9600000,move-arms-90-0.7-l-l,9,auxiliary_cost,2.80706524848938
g1_lafan,4728,4728,9600000,move-arms-90-0.7-l-l,9,safety_violation_rate,1.0
g1_lafan,4728,4728,9600000,move-arms-90-0.7-l-l,9,termination_rate,0.0
g1_lafan,4728,4728,9600000,move-arms-90-0.7-l-l,9,action_l2,2.8624417781829834
g1_lafan,4728,4728,9600000,move-arms-90-0.7-l-l,9,penalty_torques_mean,9150.5166015625
g1_lafan,4728,4728,9600000,move-arms-90-0.7-l-l,9,penalty_torques_active_fraction,1.0
g1_lafan,4728,4728,9600000,move-arms-90-0.7-l-l,9,penalty_action_rate_mean,2.4343881607055664
g1_lafan,4728,4728,9600000,move-arms-90-0.7-l-l,9,penalty_action_rate_active_fraction,1.0
g1_lafan,4728,4728,9600000,move-arms-90-0.7-l-l,9,limits_dof_pos_mean,0.025544825941324234
g1_lafan,4728,4728,9600000,move-arms-90-0.7-l-l,9,limits_dof_pos_active_fraction,0.9960000514984131
g1_lafan,4728,4728,9600000,move-arms-90-0.7-l-l,9,limits_torque_mean,5.4218010902404785
g1_lafan,4728,4728,9600000,move-arms-90-0.7-l-l,9,limits_torque_active_fraction,1.0
g1_lafan,4728,4728,9600000,move-arms-90-0.7-l-l,9,penalty_undesired_contact_mean,0.9460000395774841
g1_lafan,4728,4728,9600000,move-arms-90-0.7-l-l,9,penalty_undesired_contact_active_fraction,0.9460000395774841
g1_lafan,4728,4728,9600000,move-arms-90-0.7-l-l,9,penalty_feet_ori_mean,0.20782364904880524
g1_lafan,4728,4728,9600000,move-arms-90-0.7-l-l,9,penalty_feet_ori_active_fraction,0.9940000176429749
g1_lafan,4728,4728,9600000,move-arms-90-0.7-l-l,9,penalty_ankle_roll_mean,0.13639330863952637
g1_lafan,4728,4728,9600000,move-arms-90-0.7-l-l,9,penalty_ankle_roll_active_fraction,1.0
g1_lafan,4728,4728,9600000,move-arms-90-0.7-l-l,9,penalty_slippage_mean,0.36673715710639954
g1_lafan,4728,4728,9600000,move-arms-90-0.7-l-l,9,penalty_slippage_active_fraction,0.9940000176429749
g1_lafan,4728,4728,9600000,move-arms-180-0.4-l-l,0,return,0.0
g1_lafan,4728,4728,9600000,move-arms-180-0.4-l-l,0,auxiliary_cost,2.4005887508392334
g1_lafan,4728,4728,9600000,move-arms-180-0.4-l-l,0,safety_violation_rate,0.9960000514984131
g1_lafan,4728,4728,9600000,move-arms-180-0.4-l-l,0,termination_rate,0.0
g1_lafan,4728,4728,9600000,move-arms-180-0.4-l-l,0,action_l2,2.396214723587036
g1_lafan,4728,4728,9600000,move-arms-180-0.4-l-l,0,penalty_torques_mean,5903.45458984375
g1_lafan,4728,4728,9600000,move-arms-180-0.4-l-l,0,penalty_torques_active_fraction,1.0
g1_lafan,4728,4728,9600000,move-arms-180-0.4-l-l,0,penalty_action_rate_mean,4.281970024108887
g1_lafan,4728,4728,9600000,move-arms-180-0.4-l-l,0,penalty_action_rate_active_fraction,1.0
g1_lafan,4728,4728,9600000,move-arms-180-0.4-l-l,0,limits_dof_pos_mean,0.023566938936710358
g1_lafan,4728,4728,9600000,move-arms-180-0.4-l-l,0,limits_dof_pos_active_fraction,0.9960000514984131
g1_lafan,4728,4728,9600000,move-arms-180-0.4-l-l,0,limits_torque_mean,1.78696870803833
g1_lafan,4728,4728,9600000,move-arms-180-0.4-l-l,0,limits_torque_active_fraction,0.6180000305175781
g1_lafan,4728,4728,9600000,move-arms-180-0.4-l-l,0,penalty_undesired_contact_mean,0.2460000067949295
g1_lafan,4728,4728,9600000,move-arms-180-0.4-l-l,0,penalty_undesired_contact_active_fraction,0.2460000067949295
g1_lafan,4728,4728,9600000,move-arms-180-0.4-l-l,0,penalty_feet_ori_mean,0.4889845550060272
g1_lafan,4728,4728,9600000,move-arms-180-0.4-l-l,0,penalty_feet_ori_active_fraction,0.9860000610351562
g1_lafan,4728,4728,9600000,move-arms-180-0.4-l-l,0,penalty_ankle_roll_mean,0.1302112191915512
g1_lafan,4728,4728,9600000,move-arms-180-0.4-l-l,0,penalty_ankle_roll_active_fraction,1.0
g1_lafan,4728,4728,9600000,move-arms-180-0.4-l-l,0,penalty_slippage_mean,0.38714197278022766
g1_lafan,4728,4728,9600000,move-arms-180-0.4-l-l,0,penalty_slippage_active_fraction,0.9860000610351562
g1_lafan,4728,4728,9600000,move-arms-180-0.4-l-l,1,return,112.35894012451172
g1_lafan,4728,4728,9600000,move-arms-180-0.4-l-l,1,auxiliary_cost,2.587151050567627
g1_lafan,4728,4728,9600000,move-arms-180-0.4-l-l,1,safety_violation_rate,0.9980000257492065
g1_lafan,4728,4728,9600000,move-arms-180-0.4-l-l,1,termination_rate,0.0
g1_lafan,4728,4728,9600000,move-arms-180-0.4-l-l,1,action_l2,2.463181972503662
g1_lafan,4728,4728,9600000,move-arms-180-0.4-l-l,1,penalty_torques_mean,6917.61083984375
g1_lafan,4728,4728,9600000,move-arms-180-0.4-l-l,1,penalty_torques_active_fraction,1.0
g1_lafan,4728,4728,9600000,move-arms-180-0.4-l-l,1,penalty_action_rate_mean,4.995952129364014
g1_lafan,4728,4728,9600000,move-arms-180-0.4-l-l,1,penalty_action_rate_active_fraction,1.0
g1_lafan,4728,4728,9600000,move-arms-180-0.4-l-l,1,limits_dof_pos_mean,0.023933324962854385
g1_lafan,4728,4728,9600000,move-arms-180-0.4-l-l,1,limits_dof_pos_active_fraction,0.9940000176429749
g1_lafan,4728,4728,9600000,move-arms-180-0.4-l-l,1,limits_torque_mean,2.1837785243988037
g1_lafan,4728,4728,9600000,move-arms-180-0.4-l-l,1,limits_torque_active_fraction,0.6940000057220459
g1_lafan,4728,4728,9600000,move-arms-180-0.4-l-l,1,penalty_undesired_contact_mean,0.08800000697374344
g1_lafan,4728,4728,9600000,move-arms-180-0.4-l-l,1,penalty_undesired_contact_active_fraction,0.08800000697374344
g1_lafan,4728,4728,9600000,move-arms-180-0.4-l-l,1,penalty_feet_ori_mean,0.5776013135910034
g1_lafan,4728,4728,9600000,move-arms-180-0.4-l-l,1,penalty_feet_ori_active_fraction,0.9920000433921814
g1_lafan,4728,4728,9600000,move-arms-180-0.4-l-l,1,penalty_ankle_roll_mean,0.13164515793323517
g1_lafan,4728,4728,9600000,move-arms-180-0.4-l-l,1,penalty_ankle_roll_active_fraction,1.0
g1_lafan,4728,4728,9600000,move-arms-180-0.4-l-l,1,penalty_slippage_mean,0.5013003349304199
g1_lafan,4728,4728,9600000,move-arms-180-0.4-l-l,1,penalty_slippage_active_fraction,0.9920000433921814
g1_lafan,4728,4728,9600000,move-arms-180-0.4-l-l,2,return,205.3209686279297
g1_lafan,4728,4728,9600000,move-arms-180-0.4-l-l,2,auxiliary_cost,2.612684488296509
g1_lafan,4728,4728,9600000,move-arms-180-0.4-l-l,2,safety_violation_rate,1.0
g1_lafan,4728,4728,9600000,move-arms-180-0.4-l-l,2,termination_rate,0.0
g1_lafan,4728,4728,9600000,move-arms-180-0.4-l-l,2,action_l2,2.5639994144439697
g1_lafan,4728,4728,9600000,move-arms-180-0.4-l-l,2,penalty_torques_mean,8854.4111328125
g1_lafan,4728,4728,9600000,move-arms-180-0.4-l-l,2,penalty_torques_active_fraction,1.0
g1_lafan,4728,4728,9600000,move-arms-180-0.4-l-l,2,penalty_action_rate_mean,4.981659889221191
g1_lafan,4728,4728,9600000,move-arms-180-0.4-l-l,2,penalty_action_rate_active_fraction,1.0
g1_lafan,4728,4728,9600000,move-arms-180-0.4-l-l,2,limits_dof_pos_mean,0.0273992158472538
g1_lafan,4728,4728,9600000,move-arms-180-0.4-l-l,2,limits_dof_pos_active_fraction,1.0
g1_lafan,4728,4728,9600000,move-arms-180-0.4-l-l,2,limits_torque_mean,3.924417734146118
g1_lafan,4728,4728,9600000,move-arms-180-0.4-l-l,2,limits_torque_active_fraction,0.9280000329017639
g1_lafan,4728,4728,9600000,move-arms-180-0.4-l-l,2,penalty_undesired_contact_mean,0.20200000703334808
g1_lafan,4728,4728,9600000,move-arms-180-0.4-l-l,2,penalty_undesired_contact_active_fraction,0.20200000703334808
g1_lafan,4728,4728,9600000,move-arms-180-0.4-l-l,2,penalty_feet_ori_mean,0.5351630449295044
g1_lafan,4728,4728,9600000,move-arms-180-0.4-l-l,2,penalty_feet_ori_active_fraction,0.9760000705718994
g1_lafan,4728,4728,9600000,move-arms-180-0.4-l-l,2,penalty_ankle_roll_mean,0.13601869344711304
g1_lafan,4728,4728,9600000,move-arms-180-0.4-l-l,2,penalty_ankle_roll_active_fraction,1.0
g1_lafan,4728,4728,9600000,move-arms-180-0.4-l-l,2,penalty_slippage_mean,0.440193235874176
g1_lafan,4728,4728,9600000,move-arms-180-0.4-l-l,2,penalty_slippage_active_fraction,0.9760000705718994
g1_lafan,4728,4728,9600000,move-arms-180-0.4-l-l,3,return,305.5406799316406
g1_lafan,4728,4728,9600000,move-arms-180-0.4-l-l,3,auxiliary_cost,2.299506187438965
g1_lafan,4728,4728,9600000,move-arms-180-0.4-l-l,3,safety_violation_rate,1.0
g1_lafan,4728,4728,9600000,move-arms-180-0.4-l-l,3,termination_rate,0.0
g1_lafan,4728,4728,9600000,move-arms-180-0.4-l-l,3,action_l2,2.4615678787231445
g1_lafan,4728,4728,9600000,move-arms-180-0.4-l-l,3,penalty_torques_mean,6492.95263671875
g1_lafan,4728,4728,9600000,move-arms-180-0.4-l-l,3,penalty_torques_active_fraction,1.0
g1_lafan,4728,4728,9600000,move-arms-180-0.4-l-l,3,penalty_action_rate_mean,4.346302032470703
g1_lafan,4728,4728,9600000,move-arms-180-0.4-l-l,3,penalty_action_rate_active_fraction,1.0
g1_lafan,4728,4728,9600000,move-arms-180-0.4-l-l,3,limits_dof_pos_mean,0.023867404088377953
g1_lafan,4728,4728,9600000,move-arms-180-0.4-l-l,3,limits_dof_pos_active_fraction,0.9960000514984131
g1_lafan,4728,4728,9600000,move-arms-180-0.4-l-l,3,limits_torque_mean,2.3045475482940674
g1_lafan,4728,4728,9600000,move-arms-180-0.4-l-l,3,limits_torque_active_fraction,0.7920000553131104
g1_lafan,4728,4728,9600000,move-arms-180-0.4-l-l,3,penalty_undesired_contact_mean,0.1900000125169754
g1_lafan,4728,4728,9600000,move-arms-180-0.4-l-l,3,penalty_undesired_contact_active_fraction,0.1900000125169754
g1_lafan,4728,4728,9600000,move-arms-180-0.4-l-l,3,penalty_feet_ori_mean,0.5362355709075928
g1_lafan,4728,4728,9600000,move-arms-180-0.4-l-l,3,penalty_feet_ori_active_fraction,0.9900000691413879
g1_lafan,4728,4728,9600000,move-arms-180-0.4-l-l,3,penalty_ankle_roll_mean,0.13180364668369293
g1_lafan,4728,4728,9600000,move-arms-180-0.4-l-l,3,penalty_ankle_roll_active_fraction,1.0
g1_lafan,4728,4728,9600000,move-arms-180-0.4-l-l,3,penalty_slippage_mean,0.34724584221839905
g1_lafan,4728,4728,9600000,move-arms-180-0.4-l-l,3,penalty_slippage_active_fraction,0.9900000691413879
g1_lafan,4728,4728,9600000,move-arms-180-0.4-l-l,4,return,3.8752708435058594
g1_lafan,4728,4728,9600000,move-arms-180-0.4-l-l,4,auxiliary_cost,2.7687478065490723
g1_lafan,4728,4728,9600000,move-arms-180-0.4-l-l,4,safety_violation_rate,1.0
g1_lafan,4728,4728,9600000,move-arms-180-0.4-l-l,4,termination_rate,0.0
g1_lafan,4728,4728,9600000,move-arms-180-0.4-l-l,4,action_l2,2.483227014541626
g1_lafan,4728,4728,9600000,move-arms-180-0.4-l-l,4,penalty_torques_mean,7826.916015625
g1_lafan,4728,4728,9600000,move-arms-180-0.4-l-l,4,penalty_torques_active_fraction,1.0
g1_lafan,4728,4728,9600000,move-arms-180-0.4-l-l,4,penalty_action_rate_mean,5.922286033630371
g1_lafan,4728,4728,9600000,move-arms-180-0.4-l-l,4,penalty_action_rate_active_fraction,1.0
g1_lafan,4728,4728,9600000,move-arms-180-0.4-l-l,4,limits_dof_pos_mean,0.025957822799682617
g1_lafan,4728,4728,9600000,move-arms-180-0.4-l-l,4,limits_dof_pos_active_fraction,1.0
g1_lafan,4728,4728,9600000,move-arms-180-0.4-l-l,4,limits_torque_mean,2.47957706451416
g1_lafan,4728,4728,9600000,move-arms-180-0.4-l-l,4,limits_torque_active_fraction,0.6720000505447388
g1_lafan,4728,4728,9600000,move-arms-180-0.4-l-l,4,penalty_undesired_contact_mean,0.1340000033378601
g1_lafan,4728,4728,9600000,move-arms-180-0.4-l-l,4,penalty_undesired_contact_active_fraction,0.1340000033378601
g1_lafan,4728,4728,9600000,move-arms-180-0.4-l-l,4,penalty_feet_ori_mean,0.484378844499588
g1_lafan,4728,4728,9600000,move-arms-180-0.4-l-l,4,penalty_feet_ori_active_fraction,0.9700000286102295
g1_lafan,4728,4728,9600000,move-arms-180-0.4-l-l,4,penalty_ankle_roll_mean,0.13077275454998016
g1_lafan,4728,4728,9600000,move-arms-180-0.4-l-l,4,penalty_ankle_roll_active_fraction,1.0
g1_lafan,4728,4728,9600000,move-arms-180-0.4-l-l,4,penalty_slippage_mean,0.5330502390861511
g1_lafan,4728,4728,9600000,move-arms-180-0.4-l-l,4,penalty_slippage_active_fraction,0.9700000286102295
g1_lafan,4728,4728,9600000,move-arms-180-0.4-l-l,5,return,51.06669235229492
g1_lafan,4728,4728,9600000,move-arms-180-0.4-l-l,5,auxiliary_cost,2.4009382724761963
g1_lafan,4728,4728,9600000,move-arms-180-0.4-l-l,5,safety_violation_rate,0.9820000529289246
g1_lafan,4728,4728,9600000,move-arms-180-0.4-l-l,5,termination_rate,0.0
g1_lafan,4728,4728,9600000,move-arms-180-0.4-l-l,5,action_l2,2.481048345565796
g1_lafan,4728,4728,9600000,move-arms-180-0.4-l-l,5,penalty_torques_mean,7444.3955078125
g1_lafan,4728,4728,9600000,move-arms-180-0.4-l-l,5,penalty_torques_active_fraction,1.0
g1_lafan,4728,4728,9600000,move-arms-180-0.4-l-l,5,penalty_action_rate_mean,4.520271301269531
g1_lafan,4728,4728,9600000,move-arms-180-0.4-l-l,5,penalty_action_rate_active_fraction,1.0
g1_lafan,4728,4728,9600000,move-arms-180-0.4-l-l,5,limits_dof_pos_mean,0.023785913363099098
g1_lafan,4728,4728,9600000,move-arms-180-0.4-l-l,5,limits_dof_pos_active_fraction,0.9760000705718994
g1_lafan,4728,4728,9600000,move-arms-180-0.4-l-l,5,limits_torque_mean,3.010277271270752
g1_lafan,4728,4728,9600000,move-arms-180-0.4-l-l,5,limits_torque_active_fraction,0.8160000443458557
g1_lafan,4728,4728,9600000,move-arms-180-0.4-l-l,5,penalty_undesired_contact_mean,0.08000000566244125
g1_lafan,4728,4728,9600000,move-arms-180-0.4-l-l,5,penalty_undesired_contact_active_fraction,0.08000000566244125
g1_lafan,4728,4728,9600000,move-arms-180-0.4-l-l,5,penalty_feet_ori_mean,0.5046440362930298
g1_lafan,4728,4728,9600000,move-arms-180-0.4-l-l,5,penalty_feet_ori_active_fraction,0.9860000610351562
g1_lafan,4728,4728,9600000,move-arms-180-0.4-l-l,5,penalty_ankle_roll_mean,0.1318558007478714
g1_lafan,4728,4728,9600000,move-arms-180-0.4-l-l,5,penalty_ankle_roll_active_fraction,1.0
g1_lafan,4728,4728,9600000,move-arms-180-0.4-l-l,5,penalty_slippage_mean,0.4508855938911438
g1_lafan,4728,4728,9600000,move-arms-180-0.4-l-l,5,penalty_slippage_active_fraction,0.9860000610351562
g1_lafan,4728,4728,9600000,move-arms-180-0.4-l-l,6,return,0.0
g1_lafan,4728,4728,9600000,move-arms-180-0.4-l-l,6,auxiliary_cost,2.2647647857666016
g1_lafan,4728,4728,9600000,move-arms-180-0.4-l-l,6,safety_violation_rate,0.9760000705718994
g1_lafan,4728,4728,9600000,move-arms-180-0.4-l-l,6,termination_rate,0.0
g1_lafan,4728,4728,9600000,move-arms-180-0.4-l-l,6,action_l2,2.431370735168457
g1_lafan,4728,4728,9600000,move-arms-180-0.4-l-l,6,penalty_torques_mean,6869.92724609375
g1_lafan,4728,4728,9600000,move-arms-180-0.4-l-l,6,penalty_torques_active_fraction,1.0
g1_lafan,4728,4728,9600000,move-arms-180-0.4-l-l,6,penalty_action_rate_mean,4.307445049285889
g1_lafan,4728,4728,9600000,move-arms-180-0.4-l-l,6,penalty_action_rate_active_fraction,1.0
g1_lafan,4728,4728,9600000,move-arms-180-0.4-l-l,6,limits_dof_pos_mean,0.022706033661961555
g1_lafan,4728,4728,9600000,move-arms-180-0.4-l-l,6,limits_dof_pos_active_fraction,0.9740000367164612
g1_lafan,4728,4728,9600000,move-arms-180-0.4-l-l,6,limits_torque_mean,2.0741353034973145
g1_lafan,4728,4728,9600000,move-arms-180-0.4-l-l,6,limits_torque_active_fraction,0.6760000586509705
g1_lafan,4728,4728,9600000,move-arms-180-0.4-l-l,6,penalty_undesired_contact_mean,0.04400000348687172
g1_lafan,4728,4728,9600000,move-arms-180-0.4-l-l,6,penalty_undesired_contact_active_fraction,0.04400000348687172
g1_lafan,4728,4728,9600000,move-arms-180-0.4-l-l,6,penalty_feet_ori_mean,0.4637090563774109
g1_lafan,4728,4728,9600000,move-arms-180-0.4-l-l,6,penalty_feet_ori_active_fraction,0.9880000352859497
g1_lafan,4728,4728,9600000,move-arms-180-0.4-l-l,6,penalty_ankle_roll_mean,0.1279522031545639
g1_lafan,4728,4728,9600000,move-arms-180-0.4-l-l,6,penalty_ankle_roll_active_fraction,1.0
g1_lafan,4728,4728,9600000,move-arms-180-0.4-l-l,6,penalty_slippage_mean,0.4328330159187317
g1_lafan,4728,4728,9600000,move-arms-180-0.4-l-l,6,penalty_slippage_active_fraction,0.9880000352859497
g1_lafan,4728,4728,9600000,move-arms-180-0.4-l-l,7,return,8.693160057067871
g1_lafan,4728,4728,9600000,move-arms-180-0.4-l-l,7,auxiliary_cost,2.354849338531494
g1_lafan,4728,4728,9600000,move-arms-180-0.4-l-l,7,safety_violation_rate,0.9960000514984131
g1_lafan,4728,4728,9600000,move-arms-180-0.4-l-l,7,termination_rate,0.0
g1_lafan,4728,4728,9600000,move-arms-180-0.4-l-l,7,action_l2,2.4159934520721436
g1_lafan,4728,4728,9600000,move-arms-180-0.4-l-l,7,penalty_torques_mean,6317.11328125
g1_lafan,4728,4728,9600000,move-arms-180-0.4-l-l,7,penalty_torques_active_fraction,1.0
g1_lafan,4728,4728,9600000,move-arms-180-0.4-l-l,7,penalty_action_rate_mean,4.700158596038818
g1_lafan,4728,4728,9600000,move-arms-180-0.4-l-l,7,penalty_action_rate_active_fraction,1.0
g1_lafan,4728,4728,9600000,move-arms-180-0.4-l-l,7,limits_dof_pos_mean,0.02351931855082512
g1_lafan,4728,4728,9600000,move-arms-180-0.4-l-l,7,limits_dof_pos_active_fraction,0.9960000514984131
g1_lafan,4728,4728,9600000,move-arms-180-0.4-l-l,7,limits_torque_mean,1.835978388786316
g1_lafan,4728,4728,9600000,move-arms-180-0.4-l-l,7,limits_torque_active_fraction,0.6160000562667847
g1_lafan,4728,4728,9600000,move-arms-180-0.4-l-l,7,penalty_undesired_contact_mean,0.06000000238418579
g1_lafan,4728,4728,9600000,move-arms-180-0.4-l-l,7,penalty_undesired_contact_active_fraction,0.06000000238418579
g1_lafan,4728,4728,9600000,move-arms-180-0.4-l-l,7,penalty_feet_ori_mean,0.5612627863883972
g1_lafan,4728,4728,9600000,move-arms-180-0.4-l-l,7,penalty_feet_ori_active_fraction,0.9960000514984131
g1_lafan,4728,4728,9600000,move-arms-180-0.4-l-l,7,penalty_ankle_roll_mean,0.13027039170265198
g1_lafan,4728,4728,9600000,move-arms-180-0.4-l-l,7,penalty_ankle_roll_active_fraction,1.0
g1_lafan,4728,4728,9600000,move-arms-180-0.4-l-l,7,penalty_slippage_mean,0.4220260679721832
g1_lafan,4728,4728,9600000,move-arms-180-0.4-l-l,7,penalty_slippage_active_fraction,0.9960000514984131
g1_lafan,4728,4728,9600000,move-arms-180-0.4-l-l,8,return,133.99395751953125
g1_lafan,4728,4728,9600000,move-arms-180-0.4-l-l,8,auxiliary_cost,2.5867502689361572
g1_lafan,4728,4728,9600000,move-arms-180-0.4-l-l,8,safety_violation_rate,1.0
g1_lafan,4728,4728,9600000,move-arms-180-0.4-l-l,8,termination_rate,0.0
g1_lafan,4728,4728,9600000,move-arms-180-0.4-l-l,8,action_l2,2.4821646213531494
g1_lafan,4728,4728,9600000,move-arms-180-0.4-l-l,8,penalty_torques_mean,7217.44189453125
g1_lafan,4728,4728,9600000,move-arms-180-0.4-l-l,8,penalty_torques_active_fraction,1.0
g1_lafan,4728,4728,9600000,move-arms-180-0.4-l-l,8,penalty_action_rate_mean,4.634976863861084
g1_lafan,4728,4728,9600000,move-arms-180-0.4-l-l,8,penalty_action_rate_active_fraction,1.0
g1_lafan,4728,4728,9600000,move-arms-180-0.4-l-l,8,limits_dof_pos_mean,0.025507686659693718
g1_lafan,4728,4728,9600000,move-arms-180-0.4-l-l,8,limits_dof_pos_active_fraction,0.9940000176429749
g1_lafan,4728,4728,9600000,move-arms-180-0.4-l-l,8,limits_torque_mean,2.407992362976074
g1_lafan,4728,4728,9600000,move-arms-180-0.4-l-l,8,limits_torque_active_fraction,0.6840000152587891
g1_lafan,4728,4728,9600000,move-arms-180-0.4-l-l,8,penalty_undesired_contact_mean,0.24000000953674316
g1_lafan,4728,4728,9600000,move-arms-180-0.4-l-l,8,penalty_undesired_contact_active_fraction,0.24000000953674316
g1_lafan,4728,4728,9600000,move-arms-180-0.4-l-l,8,penalty_feet_ori_mean,0.546236515045166
g1_lafan,4728,4728,9600000,move-arms-180-0.4-l-l,8,penalty_feet_ori_active_fraction,0.9700000286102295
g1_lafan,4728,4728,9600000,move-arms-180-0.4-l-l,8,penalty_ankle_roll_mean,0.1270683854818344
g1_lafan,4728,4728,9600000,move-arms-180-0.4-l-l,8,penalty_ankle_roll_active_fraction,1.0
g1_lafan,4728,4728,9600000,move-arms-180-0.4-l-l,8,penalty_slippage_mean,0.450703501701355
g1_lafan,4728,4728,9600000,move-arms-180-0.4-l-l,8,penalty_slippage_active_fraction,0.9700000286102295
g1_lafan,4728,4728,9600000,move-arms-180-0.4-l-l,9,return,0.0
g1_lafan,4728,4728,9600000,move-arms-180-0.4-l-l,9,auxiliary_cost,2.6550724506378174
g1_lafan,4728,4728,9600000,move-arms-180-0.4-l-l,9,safety_violation_rate,0.9800000190734863
g1_lafan,4728,4728,9600000,move-arms-180-0.4-l-l,9,termination_rate,0.0
g1_lafan,4728,4728,9600000,move-arms-180-0.4-l-l,9,action_l2,2.4117414951324463
g1_lafan,4728,4728,9600000,move-arms-180-0.4-l-l,9,penalty_torques_mean,6379.8583984375
g1_lafan,4728,4728,9600000,move-arms-180-0.4-l-l,9,penalty_torques_active_fraction,1.0
g1_lafan,4728,4728,9600000,move-arms-180-0.4-l-l,9,penalty_action_rate_mean,4.496289253234863
g1_lafan,4728,4728,9600000,move-arms-180-0.4-l-l,9,penalty_action_rate_active_fraction,1.0
g1_lafan,4728,4728,9600000,move-arms-180-0.4-l-l,9,limits_dof_pos_mean,0.02204725705087185
g1_lafan,4728,4728,9600000,move-arms-180-0.4-l-l,9,limits_dof_pos_active_fraction,0.9740000367164612
g1_lafan,4728,4728,9600000,move-arms-180-0.4-l-l,9,limits_torque_mean,1.7149181365966797
g1_lafan,4728,4728,9600000,move-arms-180-0.4-l-l,9,limits_torque_active_fraction,0.5940000414848328
g1_lafan,4728,4728,9600000,move-arms-180-0.4-l-l,9,penalty_undesired_contact_mean,0.14000000059604645
g1_lafan,4728,4728,9600000,move-arms-180-0.4-l-l,9,penalty_undesired_contact_active_fraction,0.14000000059604645
g1_lafan,4728,4728,9600000,move-arms-180-0.4-l-l,9,penalty_feet_ori_mean,0.5729234218597412
g1_lafan,4728,4728,9600000,move-arms-180-0.4-l-l,9,penalty_feet_ori_active_fraction,0.9920000433921814
g1_lafan,4728,4728,9600000,move-arms-180-0.4-l-l,9,penalty_ankle_roll_mean,0.12484273314476013
g1_lafan,4728,4728,9600000,move-arms-180-0.4-l-l,9,penalty_ankle_roll_active_fraction,1.0
g1_lafan,4728,4728,9600000,move-arms-180-0.4-l-l,9,penalty_slippage_mean,0.5582156777381897
g1_lafan,4728,4728,9600000,move-arms-180-0.4-l-l,9,penalty_slippage_active_fraction,0.9920000433921814
g1_lafan,4728,4728,9600000,move-arms--90-0.7-l-l,0,return,93.47442626953125
g1_lafan,4728,4728,9600000,move-arms--90-0.7-l-l,0,auxiliary_cost,1.8580198287963867
g1_lafan,4728,4728,9600000,move-arms--90-0.7-l-l,0,safety_violation_rate,1.0
g1_lafan,4728,4728,9600000,move-arms--90-0.7-l-l,0,termination_rate,0.0
g1_lafan,4728,4728,9600000,move-arms--90-0.7-l-l,0,action_l2,2.6181702613830566
g1_lafan,4728,4728,9600000,move-arms--90-0.7-l-l,0,penalty_torques_mean,9212.939453125
g1_lafan,4728,4728,9600000,move-arms--90-0.7-l-l,0,penalty_torques_active_fraction,1.0
g1_lafan,4728,4728,9600000,move-arms--90-0.7-l-l,0,penalty_action_rate_mean,3.8732261657714844
g1_lafan,4728,4728,9600000,move-arms--90-0.7-l-l,0,penalty_action_rate_active_fraction,1.0
g1_lafan,4728,4728,9600000,move-arms--90-0.7-l-l,0,limits_dof_pos_mean,0.026608513668179512
g1_lafan,4728,4728,9600000,move-arms--90-0.7-l-l,0,limits_dof_pos_active_fraction,1.0
g1_lafan,4728,4728,9600000,move-arms--90-0.7-l-l,0,limits_torque_mean,5.142935276031494
g1_lafan,4728,4728,9600000,move-arms--90-0.7-l-l,0,limits_torque_active_fraction,0.9980000257492065
g1_lafan,4728,4728,9600000,move-arms--90-0.7-l-l,0,penalty_undesired_contact_mean,0.0
g1_lafan,4728,4728,9600000,move-arms--90-0.7-l-l,0,penalty_undesired_contact_active_fraction,0.0
g1_lafan,4728,4728,9600000,move-arms--90-0.7-l-l,0,penalty_feet_ori_mean,0.34847843647003174
g1_lafan,4728,4728,9600000,move-arms--90-0.7-l-l,0,penalty_feet_ori_active_fraction,0.9940000176429749
g1_lafan,4728,4728,9600000,move-arms--90-0.7-l-l,0,penalty_ankle_roll_mean,0.1372148096561432
g1_lafan,4728,4728,9600000,move-arms--90-0.7-l-l,0,penalty_ankle_roll_active_fraction,1.0
g1_lafan,4728,4728,9600000,move-arms--90-0.7-l-l,0,penalty_slippage_mean,0.25818103551864624
g1_lafan,4728,4728,9600000,move-arms--90-0.7-l-l,0,penalty_slippage_active_fraction,0.9940000176429749
g1_lafan,4728,4728,9600000,move-arms--90-0.7-l-l,1,return,156.94068908691406
g1_lafan,4728,4728,9600000,move-arms--90-0.7-l-l,1,auxiliary_cost,2.141950845718384
g1_lafan,4728,4728,9600000,move-arms--90-0.7-l-l,1,safety_violation_rate,0.9980000257492065
g1_lafan,4728,4728,9600000,move-arms--90-0.7-l-l,1,termination_rate,0.0
g1_lafan,4728,4728,9600000,move-arms--90-0.7-l-l,1,action_l2,2.664736747741699
g1_lafan,4728,4728,9600000,move-arms--90-0.7-l-l,1,penalty_torques_mean,9683.162109375
g1_lafan,4728,4728,9600000,move-arms--90-0.7-l-l,1,penalty_torques_active_fraction,1.0
g1_lafan,4728,4728,9600000,move-arms--90-0.7-l-l,1,penalty_action_rate_mean,4.5831074714660645
g1_lafan,4728,4728,9600000,move-arms--90-0.7-l-l,1,penalty_action_rate_active_fraction,1.0
g1_lafan,4728,4728,9600000,move-arms--90-0.7-l-l,1,limits_dof_pos_mean,0.026577305048704147
g1_lafan,4728,4728,9600000,move-arms--90-0.7-l-l,1,limits_dof_pos_active_fraction,0.9980000257492065
g1_lafan,4728,4728,9600000,move-arms--90-0.7-l-l,1,limits_torque_mean,5.2378411293029785
g1_lafan,4728,4728,9600000,move-arms--90-0.7-l-l,1,limits_torque_active_fraction,0.9920000433921814
g1_lafan,4728,4728,9600000,move-arms--90-0.7-l-l,1,penalty_undesired_contact_mean,0.0
g1_lafan,4728,4728,9600000,move-arms--90-0.7-l-l,1,penalty_undesired_contact_active_fraction,0.0
g1_lafan,4728,4728,9600000,move-arms--90-0.7-l-l,1,penalty_feet_ori_mean,0.3395526707172394
g1_lafan,4728,4728,9600000,move-arms--90-0.7-l-l,1,penalty_feet_ori_active_fraction,0.9940000176429749
g1_lafan,4728,4728,9600000,move-arms--90-0.7-l-l,1,penalty_ankle_roll_mean,0.13662010431289673
g1_lafan,4728,4728,9600000,move-arms--90-0.7-l-l,1,penalty_ankle_roll_active_fraction,1.0
g1_lafan,4728,4728,9600000,move-arms--90-0.7-l-l,1,penalty_slippage_mean,0.36778274178504944
g1_lafan,4728,4728,9600000,move-arms--90-0.7-l-l,1,penalty_slippage_active_fraction,0.9940000176429749
g1_lafan,4728,4728,9600000,move-arms--90-0.7-l-l,2,return,87.63335418701172
g1_lafan,4728,4728,9600000,move-arms--90-0.7-l-l,2,auxiliary_cost,1.7626190185546875
g1_lafan,4728,4728,9600000,move-arms--90-0.7-l-l,2,safety_violation_rate,0.9960000514984131
g1_lafan,4728,4728,9600000,move-arms--90-0.7-l-l,2,termination_rate,0.0
g1_lafan,4728,4728,9600000,move-arms--90-0.7-l-l,2,action_l2,2.616673231124878
g1_lafan,4728,4728,9600000,move-arms--90-0.7-l-l,2,penalty_torques_mean,8946.3447265625
g1_lafan,4728,4728,9600000,move-arms--90-0.7-l-l,2,penalty_torques_active_fraction,1.0
g1_lafan,4728,4728,9600000,move-arms--90-0.7-l-l,2,penalty_action_rate_mean,3.6744658946990967
g1_lafan,4728,4728,9600000,move-arms--90-0.7-l-l,2,penalty_action_rate_active_fraction,1.0
g1_lafan,4728,4728,9600000,move-arms--90-0.7-l-l,2,limits_dof_pos_mean,0.026498449966311455
g1_lafan,4728,4728,9600000,move-arms--90-0.7-l-l,2,limits_dof_pos_active_fraction,0.9960000514984131
g1_lafan,4728,4728,9600000,move-arms--90-0.7-l-l,2,limits_torque_mean,5.129385948181152
g1_lafan,4728,4728,9600000,move-arms--90-0.7-l-l,2,limits_torque_active_fraction,0.9940000176429749
g1_lafan,4728,4728,9600000,move-arms--90-0.7-l-l,2,penalty_undesired_contact_mean,0.04800000041723251
g1_lafan,4728,4728,9600000,move-arms--90-0.7-l-l,2,penalty_undesired_contact_active_fraction,0.04800000041723251
g1_lafan,4728,4728,9600000,move-arms--90-0.7-l-l,2,penalty_feet_ori_mean,0.3470940887928009
g1_lafan,4728,4728,9600000,move-arms--90-0.7-l-l,2,penalty_feet_ori_active_fraction,0.9980000257492065
g1_lafan,4728,4728,9600000,move-arms--90-0.7-l-l,2,penalty_ankle_roll_mean,0.1366531401872635
g1_lafan,4728,4728,9600000,move-arms--90-0.7-l-l,2,penalty_ankle_roll_active_fraction,1.0
g1_lafan,4728,4728,9600000,move-arms--90-0.7-l-l,2,penalty_slippage_mean,0.19836898148059845
g1_lafan,4728,4728,9600000,move-arms--90-0.7-l-l,2,penalty_slippage_active_fraction,0.9980000257492065
g1_lafan,4728,4728,9600000,move-arms--90-0.7-l-l,3,return,81.24592590332031
g1_lafan,4728,4728,9600000,move-arms--90-0.7-l-l,3,auxiliary_cost,2.031106948852539
g1_lafan,4728,4728,9600000,move-arms--90-0.7-l-l,3,safety_violation_rate,0.9980000257492065
g1_lafan,4728,4728,9600000,move-arms--90-0.7-l-l,3,termination_rate,0.0
g1_lafan,4728,4728,9600000,move-arms--90-0.7-l-l,3,action_l2,2.6651370525360107
g1_lafan,4728,4728,9600000,move-arms--90-0.7-l-l,3,penalty_torques_mean,9523.4423828125
g1_lafan,4728,4728,9600000,move-arms--90-0.7-l-l,3,penalty_torques_active_fraction,1.0
g1_lafan,4728,4728,9600000,move-arms--90-0.7-l-l,3,penalty_action_rate_mean,3.6576249599456787
g1_lafan,4728,4728,9600000,move-arms--90-0.7-l-l,3,penalty_action_rate_active_fraction,1.0
g1_lafan,4728,4728,9600000,move-arms--90-0.7-l-l,3,limits_dof_pos_mean,0.02647879719734192
g1_lafan,4728,4728,9600000,move-arms--90-0.7-l-l,3,limits_dof_pos_active_fraction,0.9980000257492065
g1_lafan,4728,4728,9600000,move-arms--90-0.7-l-l,3,limits_torque_mean,5.268221855163574
g1_lafan,4728,4728,9600000,move-arms--90-0.7-l-l,3,limits_torque_active_fraction,0.9960000514984131
g1_lafan,4728,4728,9600000,move-arms--90-0.7-l-l,3,penalty_undesired_contact_mean,0.006000000052154064
g1_lafan,4728,4728,9600000,move-arms--90-0.7-l-l,3,penalty_undesired_contact_active_fraction,0.006000000052154064
g1_lafan,4728,4728,9600000,move-arms--90-0.7-l-l,3,penalty_feet_ori_mean,0.3610173165798187
g1_lafan,4728,4728,9600000,move-arms--90-0.7-l-l,3,penalty_feet_ori_active_fraction,0.9920000433921814
g1_lafan,4728,4728,9600000,move-arms--90-0.7-l-l,3,penalty_ankle_roll_mean,0.1370900273323059
g1_lafan,4728,4728,9600000,move-arms--90-0.7-l-l,3,penalty_ankle_roll_active_fraction,1.0
g1_lafan,4728,4728,9600000,move-arms--90-0.7-l-l,3,penalty_slippage_mean,0.350894570350647
g1_lafan,4728,4728,9600000,move-arms--90-0.7-l-l,3,penalty_slippage_active_fraction,0.9920000433921814
g1_lafan,4728,4728,9600000,move-arms--90-0.7-l-l,4,return,71.614501953125
g1_lafan,4728,4728,9600000,move-arms--90-0.7-l-l,4,auxiliary_cost,1.9763380289077759
g1_lafan,4728,4728,9600000,move-arms--90-0.7-l-l,4,safety_violation_rate,0.9960000514984131
g1_lafan,4728,4728,9600000,move-arms--90-0.7-l-l,4,termination_rate,0.0
g1_lafan,4728,4728,9600000,move-arms--90-0.7-l-l,4,action_l2,2.624532461166382
g1_lafan,4728,4728,9600000,move-arms--90-0.7-l-l,4,penalty_torques_mean,8990.9453125
g1_lafan,4728,4728,9600000,move-arms--90-0.7-l-l,4,penalty_torques_active_fraction,1.0
g1_lafan,4728,4728,9600000,move-arms--90-0.7-l-l,4,penalty_action_rate_mean,3.1153366565704346
g1_lafan,4728,4728,9600000,move-arms--90-0.7-l-l,4,penalty_action_rate_active_fraction,1.0
g1_lafan,4728,4728,9600000,move-arms--90-0.7-l-l,4,limits_dof_pos_mean,0.026502177119255066
g1_lafan,4728,4728,9600000,move-arms--90-0.7-l-l,4,limits_dof_pos_active_fraction,0.9960000514984131
g1_lafan,4728,4728,9600000,move-arms--90-0.7-l-l,4,limits_torque_mean,5.074255466461182
g1_lafan,4728,4728,9600000,move-arms--90-0.7-l-l,4,limits_torque_active_fraction,0.9960000514984131
g1_lafan,4728,4728,9600000,move-arms--90-0.7-l-l,4,penalty_undesired_contact_mean,0.004000000189989805
g1_lafan,4728,4728,9600000,move-arms--90-0.7-l-l,4,penalty_undesired_contact_active_fraction,0.004000000189989805
g1_lafan,4728,4728,9600000,move-arms--90-0.7-l-l,4,penalty_feet_ori_mean,0.37612196803092957
g1_lafan,4728,4728,9600000,move-arms--90-0.7-l-l,4,penalty_feet_ori_active_fraction,0.9960000514984131
g1_lafan,4728,4728,9600000,move-arms--90-0.7-l-l,4,penalty_ankle_roll_mean,0.13659925758838654
g1_lafan,4728,4728,9600000,move-arms--90-0.7-l-l,4,penalty_ankle_roll_active_fraction,1.0
g1_lafan,4728,4728,9600000,move-arms--90-0.7-l-l,4,penalty_slippage_mean,0.3494679927825928
g1_lafan,4728,4728,9600000,move-arms--90-0.7-l-l,4,penalty_slippage_active_fraction,0.9960000514984131
g1_lafan,4728,4728,9600000,move-arms--90-0.7-l-l,5,return,101.87631225585938
g1_lafan,4728,4728,9600000,move-arms--90-0.7-l-l,5,auxiliary_cost,2.0004212856292725
g1_lafan,4728,4728,9600000,move-arms--90-0.7-l-l,5,safety_violation_rate,0.9980000257492065
g1_lafan,4728,4728,9600000,move-arms--90-0.7-l-l,5,termination_rate,0.0
g1_lafan,4728,4728,9600000,move-arms--90-0.7-l-l,5,action_l2,2.664208173751831
g1_lafan,4728,4728,9600000,move-arms--90-0.7-l-l,5,penalty_torques_mean,9605.4658203125
g1_lafan,4728,4728,9600000,move-arms--90-0.7-l-l,5,penalty_torques_active_fraction,1.0
g1_lafan,4728,4728,9600000,move-arms--90-0.7-l-l,5,penalty_action_rate_mean,4.46051025390625
g1_lafan,4728,4728,9600000,move-arms--90-0.7-l-l,5,penalty_action_rate_active_fraction,1.0
g1_lafan,4728,4728,9600000,move-arms--90-0.7-l-l,5,limits_dof_pos_mean,0.02651175484061241
g1_lafan,4728,4728,9600000,move-arms--90-0.7-l-l,5,limits_dof_pos_active_fraction,0.9980000257492065
g1_lafan,4728,4728,9600000,move-arms--90-0.7-l-l,5,limits_torque_mean,5.224318981170654
g1_lafan,4728,4728,9600000,move-arms--90-0.7-l-l,5,limits_torque_active_fraction,0.9940000176429749
g1_lafan,4728,4728,9600000,move-arms--90-0.7-l-l,5,penalty_undesired_contact_mean,0.010000000707805157
g1_lafan,4728,4728,9600000,move-arms--90-0.7-l-l,5,penalty_undesired_contact_active_fraction,0.010000000707805157
g1_lafan,4728,4728,9600000,move-arms--90-0.7-l-l,5,penalty_feet_ori_mean,0.3572501838207245
g1_lafan,4728,4728,9600000,move-arms--90-0.7-l-l,5,penalty_feet_ori_active_fraction,0.9780000448226929
g1_lafan,4728,4728,9600000,move-arms--90-0.7-l-l,5,penalty_ankle_roll_mean,0.13714857399463654
g1_lafan,4728,4728,9600000,move-arms--90-0.7-l-l,5,penalty_ankle_roll_active_fraction,1.0
g1_lafan,4728,4728,9600000,move-arms--90-0.7-l-l,5,penalty_slippage_mean,0.2938794195652008
g1_lafan,4728,4728,9600000,move-arms--90-0.7-l-l,5,penalty_slippage_active_fraction,0.9780000448226929
g1_lafan,4728,4728,9600000,move-arms--90-0.7-l-l,6,return,73.37857055664062
g1_lafan,4728,4728,9600000,move-arms--90-0.7-l-l,6,auxiliary_cost,2.026301383972168
g1_lafan,4728,4728,9600000,move-arms--90-0.7-l-l,6,safety_violation_rate,1.0
g1_lafan,4728,4728,9600000,move-arms--90-0.7-l-l,6,termination_rate,0.0
g1_lafan,4728,4728,9600000,move-arms--90-0.7-l-l,6,action_l2,2.7202556133270264
g1_lafan,4728,4728,9600000,move-arms--90-0.7-l-l,6,penalty_torques_mean,9960.166015625
g1_lafan,4728,4728,9600000,move-arms--90-0.7-l-l,6,penalty_torques_active_fraction,1.0
g1_lafan,4728,4728,9600000,move-arms--90-0.7-l-l,6,penalty_action_rate_mean,4.72231388092041
g1_lafan,4728,4728,9600000,move-arms--90-0.7-l-l,6,penalty_action_rate_active_fraction,1.0
g1_lafan,4728,4728,9600000,move-arms--90-0.7-l-l,6,limits_dof_pos_mean,0.029144996777176857
g1_lafan,4728,4728,9600000,move-arms--90-0.7-l-l,6,limits_dof_pos_active_fraction,1.0
g1_lafan,4728,4728,9600000,move-arms--90-0.7-l-l,6,limits_torque_mean,5.505605697631836
g1_lafan,4728,4728,9600000,move-arms--90-0.7-l-l,6,limits_torque_active_fraction,1.0
g1_lafan,4728,4728,9600000,move-arms--90-0.7-l-l,6,penalty_undesired_contact_mean,0.006000000052154064
g1_lafan,4728,4728,9600000,move-arms--90-0.7-l-l,6,penalty_undesired_contact_active_fraction,0.006000000052154064
g1_lafan,4728,4728,9600000,move-arms--90-0.7-l-l,6,penalty_feet_ori_mean,0.3418869376182556
g1_lafan,4728,4728,9600000,move-arms--90-0.7-l-l,6,penalty_feet_ori_active_fraction,0.9640000462532043
g1_lafan,4728,4728,9600000,move-arms--90-0.7-l-l,6,penalty_ankle_roll_mean,0.13728255033493042
g1_lafan,4728,4728,9600000,move-arms--90-0.7-l-l,6,penalty_ankle_roll_active_fraction,1.0
g1_lafan,4728,4728,9600000,move-arms--90-0.7-l-l,6,penalty_slippage_mean,0.28536778688430786
g1_lafan,4728,4728,9600000,move-arms--90-0.7-l-l,6,penalty_slippage_active_fraction,0.9640000462532043
g1_lafan,4728,4728,9600000,move-arms--90-0.7-l-l,7,return,122.99778747558594
g1_lafan,4728,4728,9600000,move-arms--90-0.7-l-l,7,auxiliary_cost,2.0704174041748047
g1_lafan,4728,4728,9600000,move-arms--90-0.7-l-l,7,safety_violation_rate,0.9980000257492065
g1_lafan,4728,4728,9600000,move-arms--90-0.7-l-l,7,termination_rate,0.0
g1_lafan,4728,4728,9600000,move-arms--90-0.7-l-l,7,action_l2,2.651492118835449
g1_lafan,4728,4728,9600000,move-arms--90-0.7-l-l,7,penalty_torques_mean,9705.9716796875
g1_lafan,4728,4728,9600000,move-arms--90-0.7-l-l,7,penalty_torques_active_fraction,1.0
g1_lafan,4728,4728,9600000,move-arms--90-0.7-l-l,7,penalty_action_rate_mean,4.768141269683838
g1_lafan,4728,4728,9600000,move-arms--90-0.7-l-l,7,penalty_action_rate_active_fraction,1.0
g1_lafan,4728,4728,9600000,move-arms--90-0.7-l-l,7,limits_dof_pos_mean,0.026402676478028297
g1_lafan,4728,4728,9600000,move-arms--90-0.7-l-l,7,limits_dof_pos_active_fraction,0.9980000257492065
g1_lafan,4728,4728,9600000,move-arms--90-0.7-l-l,7,limits_torque_mean,5.194833278656006
g1_lafan,4728,4728,9600000,move-arms--90-0.7-l-l,7,limits_torque_active_fraction,0.9940000176429749
g1_lafan,4728,4728,9600000,move-arms--90-0.7-l-l,7,penalty_undesired_contact_mean,0.018000001087784767
g1_lafan,4728,4728,9600000,move-arms--90-0.7-l-l,7,penalty_undesired_contact_active_fraction,0.018000001087784767
g1_lafan,4728,4728,9600000,move-arms--90-0.7-l-l,7,penalty_feet_ori_mean,0.36647775769233704
g1_lafan,4728,4728,9600000,move-arms--90-0.7-l-l,7,penalty_feet_ori_active_fraction,0.9940000176429749
g1_lafan,4728,4728,9600000,move-arms--90-0.7-l-l,7,penalty_ankle_roll_mean,0.13686415553092957
g1_lafan,4728,4728,9600000,move-arms--90-0.7-l-l,7,penalty_ankle_roll_active_fraction,1.0
g1_lafan,4728,4728,9600000,move-arms--90-0.7-l-l,7,penalty_slippage_mean,0.30876463651657104
g1_lafan,4728,4728,9600000,move-arms--90-0.7-l-l,7,penalty_slippage_active_fraction,0.9940000176429749
g1_lafan,4728,4728,9600000,move-arms--90-0.7-l-l,8,return,98.56900787353516
g1_lafan,4728,4728,9600000,move-arms--90-0.7-l-l,8,auxiliary_cost,1.907881259918213
g1_lafan,4728,4728,9600000,move-arms--90-0.7-l-l,8,safety_violation_rate,1.0
g1_lafan,4728,4728,9600000,move-arms--90-0.7-l-l,8,termination_rate,0.0
g1_lafan,4728,4728,9600000,move-arms--90-0.7-l-l,8,action_l2,2.6652684211730957
g1_lafan,4728,4728,9600000,move-arms--90-0.7-l-l,8,penalty_torques_mean,9339.3701171875
g1_lafan,4728,4728,9600000,move-arms--90-0.7-l-l,8,penalty_torques_active_fraction,1.0
g1_lafan,4728,4728,9600000,move-arms--90-0.7-l-l,8,penalty_action_rate_mean,3.387850761413574
g1_lafan,4728,4728,9600000,move-arms--90-0.7-l-l,8,penalty_action_rate_active_fraction,1.0
g1_lafan,4728,4728,9600000,move-arms--90-0.7-l-l,8,limits_dof_pos_mean,0.026447642594575882
g1_lafan,4728,4728,9600000,move-arms--90-0.7-l-l,8,limits_dof_pos_active_fraction,1.0
g1_lafan,4728,4728,9600000,move-arms--90-0.7-l-l,8,limits_torque_mean,5.217949390411377
g1_lafan,4728,4728,9600000,move-arms--90-0.7-l-l,8,limits_torque_active_fraction,0.9920000433921814
g1_lafan,4728,4728,9600000,move-arms--90-0.7-l-l,8,penalty_undesired_contact_mean,0.0
g1_lafan,4728,4728,9600000,move-arms--90-0.7-l-l,8,penalty_undesired_contact_active_fraction,0.0
g1_lafan,4728,4728,9600000,move-arms--90-0.7-l-l,8,penalty_feet_ori_mean,0.3864663541316986
g1_lafan,4728,4728,9600000,move-arms--90-0.7-l-l,8,penalty_feet_ori_active_fraction,0.9860000610351562
g1_lafan,4728,4728,9600000,move-arms--90-0.7-l-l,8,penalty_ankle_roll_mean,0.13699673116207123
g1_lafan,4728,4728,9600000,move-arms--90-0.7-l-l,8,penalty_ankle_roll_active_fraction,1.0
g1_lafan,4728,4728,9600000,move-arms--90-0.7-l-l,8,penalty_slippage_mean,0.3010232746601105
g1_lafan,4728,4728,9600000,move-arms--90-0.7-l-l,8,penalty_slippage_active_fraction,0.9860000610351562
g1_lafan,4728,4728,9600000,move-arms--90-0.7-l-l,9,return,114.44042205810547
g1_lafan,4728,4728,9600000,move-arms--90-0.7-l-l,9,auxiliary_cost,2.027660608291626
g1_lafan,4728,4728,9600000,move-arms--90-0.7-l-l,9,safety_violation_rate,0.9980000257492065
g1_lafan,4728,4728,9600000,move-arms--90-0.7-l-l,9,termination_rate,0.0
g1_lafan,4728,4728,9600000,move-arms--90-0.7-l-l,9,action_l2,2.6363563537597656
g1_lafan,4728,4728,9600000,move-arms--90-0.7-l-l,9,penalty_torques_mean,9219.6904296875
g1_lafan,4728,4728,9600000,move-arms--90-0.7-l-l,9,penalty_torques_active_fraction,1.0
g1_lafan,4728,4728,9600000,move-arms--90-0.7-l-l,9,penalty_action_rate_mean,3.827740430831909
g1_lafan,4728,4728,9600000,move-arms--90-0.7-l-l,9,penalty_action_rate_active_fraction,1.0
g1_lafan,4728,4728,9600000,move-arms--90-0.7-l-l,9,limits_dof_pos_mean,0.026642296463251114
g1_lafan,4728,4728,9600000,move-arms--90-0.7-l-l,9,limits_dof_pos_active_fraction,0.9980000257492065
g1_lafan,4728,4728,9600000,move-arms--90-0.7-l-l,9,limits_torque_mean,5.152163505554199
g1_lafan,4728,4728,9600000,move-arms--90-0.7-l-l,9,limits_torque_active_fraction,0.9960000514984131
g1_lafan,4728,4728,9600000,move-arms--90-0.7-l-l,9,penalty_undesired_contact_mean,0.0
g1_lafan,4728,4728,9600000,move-arms--90-0.7-l-l,9,penalty_undesired_contact_active_fraction,0.0
g1_lafan,4728,4728,9600000,move-arms--90-0.7-l-l,9,penalty_feet_ori_mean,0.37380585074424744
g1_lafan,4728,4728,9600000,move-arms--90-0.7-l-l,9,penalty_feet_ori_active_fraction,0.9980000257492065
g1_lafan,4728,4728,9600000,move-arms--90-0.7-l-l,9,penalty_ankle_roll_mean,0.13714388012886047
g1_lafan,4728,4728,9600000,move-arms--90-0.7-l-l,9,penalty_ankle_roll_active_fraction,1.0
g1_lafan,4728,4728,9600000,move-arms--90-0.7-l-l,9,penalty_slippage_mean,0.3401826024055481
g1_lafan,4728,4728,9600000,move-arms--90-0.7-l-l,9,penalty_slippage_active_fraction,0.9980000257492065
g1_lafan,4728,4728,9600000,spin-arms-5-l-l,0,return,13.802204132080078
g1_lafan,4728,4728,9600000,spin-arms-5-l-l,0,auxiliary_cost,1.8417378664016724
g1_lafan,4728,4728,9600000,spin-arms-5-l-l,0,safety_violation_rate,1.0
g1_lafan,4728,4728,9600000,spin-arms-5-l-l,0,termination_rate,0.0
g1_lafan,4728,4728,9600000,spin-arms-5-l-l,0,action_l2,2.690049648284912
g1_lafan,4728,4728,9600000,spin-arms-5-l-l,0,penalty_torques_mean,7785.19677734375
g1_lafan,4728,4728,9600000,spin-arms-5-l-l,0,penalty_torques_active_fraction,1.0
g1_lafan,4728,4728,9600000,spin-arms-5-l-l,0,penalty_action_rate_mean,3.00203275680542
g1_lafan,4728,4728,9600000,spin-arms-5-l-l,0,penalty_action_rate_active_fraction,1.0
g1_lafan,4728,4728,9600000,spin-arms-5-l-l,0,limits_dof_pos_mean,0.024895193055272102
g1_lafan,4728,4728,9600000,spin-arms-5-l-l,0,limits_dof_pos_active_fraction,1.0
g1_lafan,4728,4728,9600000,spin-arms-5-l-l,0,limits_torque_mean,4.26164436340332
g1_lafan,4728,4728,9600000,spin-arms-5-l-l,0,limits_torque_active_fraction,0.9820000529289246
g1_lafan,4728,4728,9600000,spin-arms-5-l-l,0,penalty_undesired_contact_mean,0.09800000488758087
g1_lafan,4728,4728,9600000,spin-arms-5-l-l,0,penalty_undesired_contact_active_fraction,0.09800000488758087
g1_lafan,4728,4728,9600000,spin-arms-5-l-l,0,penalty_feet_ori_mean,0.22235819697380066
g1_lafan,4728,4728,9600000,spin-arms-5-l-l,0,penalty_feet_ori_active_fraction,0.9780000448226929
g1_lafan,4728,4728,9600000,spin-arms-5-l-l,0,penalty_ankle_roll_mean,0.13304434716701508
g1_lafan,4728,4728,9600000,spin-arms-5-l-l,0,penalty_ankle_roll_active_fraction,1.0
g1_lafan,4728,4728,9600000,spin-arms-5-l-l,0,penalty_slippage_mean,0.2867307662963867
g1_lafan,4728,4728,9600000,spin-arms-5-l-l,0,penalty_slippage_active_fraction,0.9780000448226929
g1_lafan,4728,4728,9600000,spin-arms-5-l-l,1,return,9.12034797668457
g1_lafan,4728,4728,9600000,spin-arms-5-l-l,1,auxiliary_cost,1.8801616430282593
g1_lafan,4728,4728,9600000,spin-arms-5-l-l,1,safety_violation_rate,1.0
g1_lafan,4728,4728,9600000,spin-arms-5-l-l,1,termination_rate,0.0
g1_lafan,4728,4728,9600000,spin-arms-5-l-l,1,action_l2,2.695206880569458
g1_lafan,4728,4728,9600000,spin-arms-5-l-l,1,penalty_torques_mean,7947.25927734375
g1_lafan,4728,4728,9600000,spin-arms-5-l-l,1,penalty_torques_active_fraction,1.0
g1_lafan,4728,4728,9600000,spin-arms-5-l-l,1,penalty_action_rate_mean,2.9926905632019043
g1_lafan,4728,4728,9600000,spin-arms-5-l-l,1,penalty_action_rate_active_fraction,1.0
g1_lafan,4728,4728,9600000,spin-arms-5-l-l,1,limits_dof_pos_mean,0.024879248812794685
g1_lafan,4728,4728,9600000,spin-arms-5-l-l,1,limits_dof_pos_active_fraction,0.9960000514984131
g1_lafan,4728,4728,9600000,spin-arms-5-l-l,1,limits_torque_mean,4.2930121421813965
g1_lafan,4728,4728,9600000,spin-arms-5-l-l,1,limits_torque_active_fraction,0.9740000367164612
g1_lafan,4728,4728,9600000,spin-arms-5-l-l,1,penalty_undesired_contact_mean,0.15600000321865082
g1_lafan,4728,4728,9600000,spin-arms-5-l-l,1,penalty_undesired_contact_active_fraction,0.15600000321865082
g1_lafan,4728,4728,9600000,spin-arms-5-l-l,1,penalty_feet_ori_mean,0.2239270955324173
g1_lafan,4728,4728,9600000,spin-arms-5-l-l,1,penalty_feet_ori_active_fraction,0.9880000352859497
g1_lafan,4728,4728,9600000,spin-arms-5-l-l,1,penalty_ankle_roll_mean,0.1337939351797104
g1_lafan,4728,4728,9600000,spin-arms-5-l-l,1,penalty_ankle_roll_active_fraction,1.0
g1_lafan,4728,4728,9600000,spin-arms-5-l-l,1,penalty_slippage_mean,0.2756766974925995
g1_lafan,4728,4728,9600000,spin-arms-5-l-l,1,penalty_slippage_active_fraction,0.9880000352859497
g1_lafan,4728,4728,9600000,spin-arms-5-l-l,2,return,12.842610359191895
g1_lafan,4728,4728,9600000,spin-arms-5-l-l,2,auxiliary_cost,2.084263801574707
g1_lafan,4728,4728,9600000,spin-arms-5-l-l,2,safety_violation_rate,1.0
g1_lafan,4728,4728,9600000,spin-arms-5-l-l,2,termination_rate,0.0
g1_lafan,4728,4728,9600000,spin-arms-5-l-l,2,action_l2,2.7858712673187256
g1_lafan,4728,4728,9600000,spin-arms-5-l-l,2,penalty_torques_mean,9389.4951171875
g1_lafan,4728,4728,9600000,spin-arms-5-l-l,2,penalty_torques_active_fraction,1.0
g1_lafan,4728,4728,9600000,spin-arms-5-l-l,2,penalty_action_rate_mean,4.2895026206970215
g1_lafan,4728,4728,9600000,spin-arms-5-l-l,2,penalty_action_rate_active_fraction,1.0
g1_lafan,4728,4728,9600000,spin-arms-5-l-l,2,limits_dof_pos_mean,0.02715490385890007
g1_lafan,4728,4728,9600000,spin-arms-5-l-l,2,limits_dof_pos_active_fraction,1.0
g1_lafan,4728,4728,9600000,spin-arms-5-l-l,2,limits_torque_mean,4.876945972442627
g1_lafan,4728,4728,9600000,spin-arms-5-l-l,2,limits_torque_active_fraction,0.9960000514984131
g1_lafan,4728,4728,9600000,spin-arms-5-l-l,2,penalty_undesired_contact_mean,0.11600000411272049
g1_lafan,4728,4728,9600000,spin-arms-5-l-l,2,penalty_undesired_contact_active_fraction,0.11600000411272049
g1_lafan,4728,4728,9600000,spin-arms-5-l-l,2,penalty_feet_ori_mean,0.21901841461658478
g1_lafan,4728,4728,9600000,spin-arms-5-l-l,2,penalty_feet_ori_active_fraction,0.9460000395774841
g1_lafan,4728,4728,9600000,spin-arms-5-l-l,2,penalty_ankle_roll_mean,0.1337304711341858
g1_lafan,4728,4728,9600000,spin-arms-5-l-l,2,penalty_ankle_roll_active_fraction,1.0
g1_lafan,4728,4728,9600000,spin-arms-5-l-l,2,penalty_slippage_mean,0.3226177990436554
g1_lafan,4728,4728,9600000,spin-arms-5-l-l,2,penalty_slippage_active_fraction,0.9460000395774841
g1_lafan,4728,4728,9600000,spin-arms-5-l-l,3,return,9.488127708435059
g1_lafan,4728,4728,9600000,spin-arms-5-l-l,3,auxiliary_cost,1.900624394416809
g1_lafan,4728,4728,9600000,spin-arms-5-l-l,3,safety_violation_rate,1.0
g1_lafan,4728,4728,9600000,spin-arms-5-l-l,3,termination_rate,0.0
g1_lafan,4728,4728,9600000,spin-arms-5-l-l,3,action_l2,2.7232666015625
g1_lafan,4728,4728,9600000,spin-arms-5-l-l,3,penalty_torques_mean,8308.5888671875
g1_lafan,4728,4728,9600000,spin-arms-5-l-l,3,penalty_torques_active_fraction,1.0
g1_lafan,4728,4728,9600000,spin-arms-5-l-l,3,penalty_action_rate_mean,2.9996724128723145
g1_lafan,4728,4728,9600000,spin-arms-5-l-l,3,penalty_action_rate_active_fraction,1.0
g1_lafan,4728,4728,9600000,spin-arms-5-l-l,3,limits_dof_pos_mean,0.025142870843410492
g1_lafan,4728,4728,9600000,spin-arms-5-l-l,3,limits_dof_pos_active_fraction,1.0
g1_lafan,4728,4728,9600000,spin-arms-5-l-l,3,limits_torque_mean,4.582367897033691
g1_lafan,4728,4728,9600000,spin-arms-5-l-l,3,limits_torque_active_fraction,0.9960000514984131
g1_lafan,4728,4728,9600000,spin-arms-5-l-l,3,penalty_undesired_contact_mean,0.10600000619888306
g1_lafan,4728,4728,9600000,spin-arms-5-l-l,3,penalty_undesired_contact_active_fraction,0.10600000619888306
g1_lafan,4728,4728,9600000,spin-arms-5-l-l,3,penalty_feet_ori_mean,0.23070567846298218
g1_lafan,4728,4728,9600000,spin-arms-5-l-l,3,penalty_feet_ori_active_fraction,0.9780000448226929
g1_lafan,4728,4728,9600000,spin-arms-5-l-l,3,penalty_ankle_roll_mean,0.13411027193069458
g1_lafan,4728,4728,9600000,spin-arms-5-l-l,3,penalty_ankle_roll_active_fraction,1.0
g1_lafan,4728,4728,9600000,spin-arms-5-l-l,3,penalty_slippage_mean,0.30725252628326416
g1_lafan,4728,4728,9600000,spin-arms-5-l-l,3,penalty_slippage_active_fraction,0.9780000448226929
g1_lafan,4728,4728,9600000,spin-arms-5-l-l,4,return,13.378679275512695
g1_lafan,4728,4728,9600000,spin-arms-5-l-l,4,auxiliary_cost,1.749719262123108
g1_lafan,4728,4728,9600000,spin-arms-5-l-l,4,safety_violation_rate,0.9980000257492065
g1_lafan,4728,4728,9600000,spin-arms-5-l-l,4,termination_rate,0.0
g1_lafan,4728,4728,9600000,spin-arms-5-l-l,4,action_l2,2.7225358486175537
g1_lafan,4728,4728,9600000,spin-arms-5-l-l,4,penalty_torques_mean,8016.55419921875
g1_lafan,4728,4728,9600000,spin-arms-5-l-l,4,penalty_torques_active_fraction,1.0
g1_lafan,4728,4728,9600000,spin-arms-5-l-l,4,penalty_action_rate_mean,2.9776294231414795
g1_lafan,4728,4728,9600000,spin-arms-5-l-l,4,penalty_action_rate_active_fraction,1.0
g1_lafan,4728,4728,9600000,spin-arms-5-l-l,4,limits_dof_pos_mean,0.02480379305779934
g1_lafan,4728,4728,9600000,spin-arms-5-l-l,4,limits_dof_pos_active_fraction,0.9980000257492065
g1_lafan,4728,4728,9600000,spin-arms-5-l-l,4,limits_torque_mean,4.310659408569336
g1_lafan,4728,4728,9600000,spin-arms-5-l-l,4,limits_torque_active_fraction,0.9980000257492065
g1_lafan,4728,4728,9600000,spin-arms-5-l-l,4,penalty_undesired_contact_mean,0.03400000184774399
g1_lafan,4728,4728,9600000,spin-arms-5-l-l,4,penalty_undesired_contact_active_fraction,0.03400000184774399
g1_lafan,4728,4728,9600000,spin-arms-5-l-l,4,penalty_feet_ori_mean,0.21646863222122192
g1_lafan,4728,4728,9600000,spin-arms-5-l-l,4,penalty_feet_ori_active_fraction,0.984000027179718
g1_lafan,4728,4728,9600000,spin-arms-5-l-l,4,penalty_ankle_roll_mean,0.13328860700130463
g1_lafan,4728,4728,9600000,spin-arms-5-l-l,4,penalty_ankle_roll_active_fraction,1.0
g1_lafan,4728,4728,9600000,spin-arms-5-l-l,4,penalty_slippage_mean,0.2750876843929291
g1_lafan,4728,4728,9600000,spin-arms-5-l-l,4,penalty_slippage_active_fraction,0.984000027179718
g1_lafan,4728,4728,9600000,spin-arms-5-l-l,5,return,7.982865810394287
g1_lafan,4728,4728,9600000,spin-arms-5-l-l,5,auxiliary_cost,1.8942095041275024
g1_lafan,4728,4728,9600000,spin-arms-5-l-l,5,safety_violation_rate,1.0
g1_lafan,4728,4728,9600000,spin-arms-5-l-l,5,termination_rate,0.0
g1_lafan,4728,4728,9600000,spin-arms-5-l-l,5,action_l2,2.6994762420654297
g1_lafan,4728,4728,9600000,spin-arms-5-l-l,5,penalty_torques_mean,7991.7421875
g1_lafan,4728,4728,9600000,spin-arms-5-l-l,5,penalty_torques_active_fraction,1.0
g1_lafan,4728,4728,9600000,spin-arms-5-l-l,5,penalty_action_rate_mean,2.9982428550720215
g1_lafan,4728,4728,9600000,spin-arms-5-l-l,5,penalty_action_rate_active_fraction,1.0
g1_lafan,4728,4728,9600000,spin-arms-5-l-l,5,limits_dof_pos_mean,0.024815211072564125
g1_lafan,4728,4728,9600000,spin-arms-5-l-l,5,limits_dof_pos_active_fraction,1.0
g1_lafan,4728,4728,9600000,spin-arms-5-l-l,5,limits_torque_mean,4.444613456726074
g1_lafan,4728,4728,9600000,spin-arms-5-l-l,5,limits_torque_active_fraction,0.9960000514984131
g1_lafan,4728,4728,9600000,spin-arms-5-l-l,5,penalty_undesired_contact_mean,0.1680000126361847
g1_lafan,4728,4728,9600000,spin-arms-5-l-l,5,penalty_undesired_contact_active_fraction,0.1680000126361847
g1_lafan,4728,4728,9600000,spin-arms-5-l-l,5,penalty_feet_ori_mean,0.21900896728038788
g1_lafan,4728,4728,9600000,spin-arms-5-l-l,5,penalty_feet_ori_active_fraction,0.9760000705718994
g1_lafan,4728,4728,9600000,spin-arms-5-l-l,5,penalty_ankle_roll_mean,0.13350436091423035
g1_lafan,4728,4728,9600000,spin-arms-5-l-l,5,penalty_ankle_roll_active_fraction,1.0
g1_lafan,4728,4728,9600000,spin-arms-5-l-l,5,penalty_slippage_mean,0.2783066928386688
g1_lafan,4728,4728,9600000,spin-arms-5-l-l,5,penalty_slippage_active_fraction,0.9760000705718994
g1_lafan,4728,4728,9600000,spin-arms-5-l-l,6,return,12.660914421081543
g1_lafan,4728,4728,9600000,spin-arms-5-l-l,6,auxiliary_cost,2.1855432987213135
g1_lafan,4728,4728,9600000,spin-arms-5-l-l,6,safety_violation_rate,1.0
g1_lafan,4728,4728,9600000,spin-arms-5-l-l,6,termination_rate,0.0
g1_lafan,4728,4728,9600000,spin-arms-5-l-l,6,action_l2,2.833740234375
g1_lafan,4728,4728,9600000,spin-arms-5-l-l,6,penalty_torques_mean,8736.359375
g1_lafan,4728,4728,9600000,spin-arms-5-l-l,6,penalty_torques_active_fraction,1.0
g1_lafan,4728,4728,9600000,spin-arms-5-l-l,6,penalty_action_rate_mean,3.9302868843078613
g1_lafan,4728,4728,9600000,spin-arms-5-l-l,6,penalty_action_rate_active_fraction,1.0
g1_lafan,4728,4728,9600000,spin-arms-5-l-l,6,limits_dof_pos_mean,0.02955997735261917
g1_lafan,4728,4728,9600000,spin-arms-5-l-l,6,limits_dof_pos_active_fraction,1.0
g1_lafan,4728,4728,9600000,spin-arms-5-l-l,6,limits_torque_mean,4.6923627853393555
g1_lafan,4728,4728,9600000,spin-arms-5-l-l,6,limits_torque_active_fraction,1.0
g1_lafan,4728,4728,9600000,spin-arms-5-l-l,6,penalty_undesired_contact_mean,0.11600000411272049
g1_lafan,4728,4728,9600000,spin-arms-5-l-l,6,penalty_undesired_contact_active_fraction,0.11600000411272049
g1_lafan,4728,4728,9600000,spin-arms-5-l-l,6,penalty_feet_ori_mean,0.292180597782135
g1_lafan,4728,4728,9600000,spin-arms-5-l-l,6,penalty_feet_ori_active_fraction,0.9140000343322754
g1_lafan,4728,4728,9600000,spin-arms-5-l-l,6,penalty_ankle_roll_mean,0.13434256613254547
g1_lafan,4728,4728,9600000,spin-arms-5-l-l,6,penalty_ankle_roll_active_fraction,1.0
g1_lafan,4728,4728,9600000,spin-arms-5-l-l,6,penalty_slippage_mean,0.3633350431919098
g1_lafan,4728,4728,9600000,spin-arms-5-l-l,6,penalty_slippage_active_fraction,0.9140000343322754
g1_lafan,4728,4728,9600000,spin-arms-5-l-l,7,return,11.914384841918945
g1_lafan,4728,4728,9600000,spin-arms-5-l-l,7,auxiliary_cost,1.8576295375823975
g1_lafan,4728,4728,9600000,spin-arms-5-l-l,7,safety_violation_rate,0.9960000514984131
g1_lafan,4728,4728,9600000,spin-arms-5-l-l,7,termination_rate,0.0
g1_lafan,4728,4728,9600000,spin-arms-5-l-l,7,action_l2,2.7090208530426025
g1_lafan,4728,4728,9600000,spin-arms-5-l-l,7,penalty_torques_mean,8144.90625
g1_lafan,4728,4728,9600000,spin-arms-5-l-l,7,penalty_torques_active_fraction,1.0
g1_lafan,4728,4728,9600000,spin-arms-5-l-l,7,penalty_action_rate_mean,2.9774396419525146
g1_lafan,4728,4728,9600000,spin-arms-5-l-l,7,penalty_action_rate_active_fraction,1.0
g1_lafan,4728,4728,9600000,spin-arms-5-l-l,7,limits_dof_pos_mean,0.025159426033496857
g1_lafan,4728,4728,9600000,spin-arms-5-l-l,7,limits_dof_pos_active_fraction,0.9920000433921814
g1_lafan,4728,4728,9600000,spin-arms-5-l-l,7,limits_torque_mean,4.478320598602295
g1_lafan,4728,4728,9600000,spin-arms-5-l-l,7,limits_torque_active_fraction,0.9800000190734863
g1_lafan,4728,4728,9600000,spin-arms-5-l-l,7,penalty_undesired_contact_mean,0.04200000315904617
g1_lafan,4728,4728,9600000,spin-arms-5-l-l,7,penalty_undesired_contact_active_fraction,0.04200000315904617
g1_lafan,4728,4728,9600000,spin-arms-5-l-l,7,penalty_feet_ori_mean,0.2699338495731354
g1_lafan,4728,4728,9600000,spin-arms-5-l-l,7,penalty_feet_ori_active_fraction,0.9580000638961792
g1_lafan,4728,4728,9600000,spin-arms-5-l-l,7,penalty_ankle_roll_mean,0.13372930884361267
g1_lafan,4728,4728,9600000,spin-arms-5-l-l,7,penalty_ankle_roll_active_fraction,1.0
g1_lafan,4728,4728,9600000,spin-arms-5-l-l,7,penalty_slippage_mean,0.3116999864578247
g1_lafan,4728,4728,9600000,spin-arms-5-l-l,7,penalty_slippage_active_fraction,0.9580000638961792
g1_lafan,4728,4728,9600000,spin-arms-5-l-l,8,return,0.0
g1_lafan,4728,4728,9600000,spin-arms-5-l-l,8,auxiliary_cost,2.8433401584625244
g1_lafan,4728,4728,9600000,spin-arms-5-l-l,8,safety_violation_rate,1.0
g1_lafan,4728,4728,9600000,spin-arms-5-l-l,8,termination_rate,0.0
g1_lafan,4728,4728,9600000,spin-arms-5-l-l,8,action_l2,3.076662302017212
g1_lafan,4728,4728,9600000,spin-arms-5-l-l,8,penalty_torques_mean,5733.18408203125
g1_lafan,4728,4728,9600000,spin-arms-5-l-l,8,penalty_torques_active_fraction,1.0
g1_lafan,4728,4728,9600000,spin-arms-5-l-l,8,penalty_action_rate_mean,1.8662973642349243
g1_lafan,4728,4728,9600000,spin-arms-5-l-l,8,penalty_action_rate_active_fraction,1.0
g1_lafan,4728,4728,9600000,spin-arms-5-l-l,8,limits_dof_pos_mean,0.03331918269395828
g1_lafan,4728,4728,9600000,spin-arms-5-l-l,8,limits_dof_pos_active_fraction,1.0
g1_lafan,4728,4728,9600000,spin-arms-5-l-l,8,limits_torque_mean,4.939958095550537
g1_lafan,4728,4728,9600000,spin-arms-5-l-l,8,limits_torque_active_fraction,1.0
g1_lafan,4728,4728,9600000,spin-arms-5-l-l,8,penalty_undesired_contact_mean,0.9880000352859497
g1_lafan,4728,4728,9600000,spin-arms-5-l-l,8,penalty_undesired_contact_active_fraction,0.9880000352859497
g1_lafan,4728,4728,9600000,spin-arms-5-l-l,8,penalty_feet_ori_mean,1.487309217453003
g1_lafan,4728,4728,9600000,spin-arms-5-l-l,8,penalty_feet_ori_active_fraction,0.9700000286102295
g1_lafan,4728,4728,9600000,spin-arms-5-l-l,8,penalty_ankle_roll_mean,0.13675549626350403
g1_lafan,4728,4728,9600000,spin-arms-5-l-l,8,penalty_ankle_roll_active_fraction,1.0
g1_lafan,4728,4728,9600000,spin-arms-5-l-l,8,penalty_slippage_mean,0.09678679704666138
g1_lafan,4728,4728,9600000,spin-arms-5-l-l,8,penalty_slippage_active_fraction,0.9700000286102295
g1_lafan,4728,4728,9600000,spin-arms-5-l-l,9,return,13.593600273132324
g1_lafan,4728,4728,9600000,spin-arms-5-l-l,9,auxiliary_cost,1.91869056224823
g1_lafan,4728,4728,9600000,spin-arms-5-l-l,9,safety_violation_rate,1.0
g1_lafan,4728,4728,9600000,spin-arms-5-l-l,9,termination_rate,0.0
g1_lafan,4728,4728,9600000,spin-arms-5-l-l,9,action_l2,2.724083185195923
g1_lafan,4728,4728,9600000,spin-arms-5-l-l,9,penalty_torques_mean,8518.4150390625
g1_lafan,4728,4728,9600000,spin-arms-5-l-l,9,penalty_torques_active_fraction,1.0
g1_lafan,4728,4728,9600000,spin-arms-5-l-l,9,penalty_action_rate_mean,3.2166998386383057
g1_lafan,4728,4728,9600000,spin-arms-5-l-l,9,penalty_action_rate_active_fraction,1.0
g1_lafan,4728,4728,9600000,spin-arms-5-l-l,9,limits_dof_pos_mean,0.02539055049419403
g1_lafan,4728,4728,9600000,spin-arms-5-l-l,9,limits_dof_pos_active_fraction,1.0
g1_lafan,4728,4728,9600000,spin-arms-5-l-l,9,limits_torque_mean,4.584939956665039
g1_lafan,4728,4728,9600000,spin-arms-5-l-l,9,limits_torque_active_fraction,1.0
g1_lafan,4728,4728,9600000,spin-arms-5-l-l,9,penalty_undesired_contact_mean,0.09400000423192978
g1_lafan,4728,4728,9600000,spin-arms-5-l-l,9,penalty_undesired_contact_active_fraction,0.09400000423192978
g1_lafan,4728,4728,9600000,spin-arms-5-l-l,9,penalty_feet_ori_mean,0.2842472195625305
g1_lafan,4728,4728,9600000,spin-arms-5-l-l,9,penalty_feet_ori_active_fraction,0.9760000705718994
g1_lafan,4728,4728,9600000,spin-arms-5-l-l,9,penalty_ankle_roll_mean,0.13364186882972717
g1_lafan,4728,4728,9600000,spin-arms-5-l-l,9,penalty_ankle_roll_active_fraction,1.0
g1_lafan,4728,4728,9600000,spin-arms-5-l-l,9,penalty_slippage_mean,0.30042436718940735
g1_lafan,4728,4728,9600000,spin-arms-5-l-l,9,penalty_slippage_active_fraction,0.9760000705718994
g1_lafan,4728,4728,9600000,spin-arms--5-l-l,0,return,19.500965118408203
g1_lafan,4728,4728,9600000,spin-arms--5-l-l,0,auxiliary_cost,1.9521660804748535
g1_lafan,4728,4728,9600000,spin-arms--5-l-l,0,safety_violation_rate,1.0
g1_lafan,4728,4728,9600000,spin-arms--5-l-l,0,termination_rate,0.0
g1_lafan,4728,4728,9600000,spin-arms--5-l-l,0,action_l2,2.7761783599853516
g1_lafan,4728,4728,9600000,spin-arms--5-l-l,0,penalty_torques_mean,7824.90380859375
g1_lafan,4728,4728,9600000,spin-arms--5-l-l,0,penalty_torques_active_fraction,1.0
g1_lafan,4728,4728,9600000,spin-arms--5-l-l,0,penalty_action_rate_mean,2.951728105545044
g1_lafan,4728,4728,9600000,spin-arms--5-l-l,0,penalty_action_rate_active_fraction,1.0
g1_lafan,4728,4728,9600000,spin-arms--5-l-l,0,limits_dof_pos_mean,0.025075506418943405
g1_lafan,4728,4728,9600000,spin-arms--5-l-l,0,limits_dof_pos_active_fraction,1.0
g1_lafan,4728,4728,9600000,spin-arms--5-l-l,0,limits_torque_mean,3.371037483215332
g1_lafan,4728,4728,9600000,spin-arms--5-l-l,0,limits_torque_active_fraction,0.9260000586509705
g1_lafan,4728,4728,9600000,spin-arms--5-l-l,0,penalty_undesired_contact_mean,0.0860000029206276
g1_lafan,4728,4728,9600000,spin-arms--5-l-l,0,penalty_undesired_contact_active_fraction,0.0860000029206276
g1_lafan,4728,4728,9600000,spin-arms--5-l-l,0,penalty_feet_ori_mean,0.29488280415534973
g1_lafan,4728,4728,9600000,spin-arms--5-l-l,0,penalty_feet_ori_active_fraction,0.9740000367164612
g1_lafan,4728,4728,9600000,spin-arms--5-l-l,0,penalty_ankle_roll_mean,0.12880964577198029
g1_lafan,4728,4728,9600000,spin-arms--5-l-l,0,penalty_ankle_roll_active_fraction,1.0
g1_lafan,4728,4728,9600000,spin-arms--5-l-l,0,penalty_slippage_mean,0.3435232937335968
g1_lafan,4728,4728,9600000,spin-arms--5-l-l,0,penalty_slippage_active_fraction,0.9740000367164612
g1_lafan,4728,4728,9600000,spin-arms--5-l-l,1,return,7.966832160949707
g1_lafan,4728,4728,9600000,spin-arms--5-l-l,1,auxiliary_cost,1.6039247512817383
g1_lafan,4728,4728,9600000,spin-arms--5-l-l,1,safety_violation_rate,0.9960000514984131
g1_lafan,4728,4728,9600000,spin-arms--5-l-l,1,termination_rate,0.0
g1_lafan,4728,4728,9600000,spin-arms--5-l-l,1,action_l2,2.6341469287872314
g1_lafan,4728,4728,9600000,spin-arms--5-l-l,1,penalty_torques_mean,6603.0849609375
g1_lafan,4728,4728,9600000,spin-arms--5-l-l,1,penalty_torques_active_fraction,1.0
g1_lafan,4728,4728,9600000,spin-arms--5-l-l,1,penalty_action_rate_mean,2.0242576599121094
g1_lafan,4728,4728,9600000,spin-arms--5-l-l,1,penalty_action_rate_active_fraction,1.0
g1_lafan,4728,4728,9600000,spin-arms--5-l-l,1,limits_dof_pos_mean,0.02168743871152401
g1_lafan,4728,4728,9600000,spin-arms--5-l-l,1,limits_dof_pos_active_fraction,0.9960000514984131
g1_lafan,4728,4728,9600000,spin-arms--5-l-l,1,limits_torque_mean,2.0444798469543457
g1_lafan,4728,4728,9600000,spin-arms--5-l-l,1,limits_torque_active_fraction,0.718000054359436
g1_lafan,4728,4728,9600000,spin-arms--5-l-l,1,penalty_undesired_contact_mean,0.026000000536441803
g1_lafan,4728,4728,9600000,spin-arms--5-l-l,1,penalty_undesired_contact_active_fraction,0.026000000536441803
g1_lafan,4728,4728,9600000,spin-arms--5-l-l,1,penalty_feet_ori_mean,0.33087828755378723
g1_lafan,4728,4728,9600000,spin-arms--5-l-l,1,penalty_feet_ori_active_fraction,0.9760000705718994
g1_lafan,4728,4728,9600000,spin-arms--5-l-l,1,penalty_ankle_roll_mean,0.12408217042684555
g1_lafan,4728,4728,9600000,spin-arms--5-l-l,1,penalty_ankle_roll_active_fraction,1.0
g1_lafan,4728,4728,9600000,spin-arms--5-l-l,1,penalty_slippage_mean,0.2649720013141632
g1_lafan,4728,4728,9600000,spin-arms--5-l-l,1,penalty_slippage_active_fraction,0.9760000705718994
g1_lafan,4728,4728,9600000,spin-arms--5-l-l,2,return,8.260863304138184
g1_lafan,4728,4728,9600000,spin-arms--5-l-l,2,auxiliary_cost,2.1675729751586914
g1_lafan,4728,4728,9600000,spin-arms--5-l-l,2,safety_violation_rate,1.0
g1_lafan,4728,4728,9600000,spin-arms--5-l-l,2,termination_rate,0.0
g1_lafan,4728,4728,9600000,spin-arms--5-l-l,2,action_l2,2.8370563983917236
g1_lafan,4728,4728,9600000,spin-arms--5-l-l,2,penalty_torques_mean,8967.7265625
g1_lafan,4728,4728,9600000,spin-arms--5-l-l,2,penalty_torques_active_fraction,1.0
g1_lafan,4728,4728,9600000,spin-arms--5-l-l,2,penalty_action_rate_mean,4.809316635131836
g1_lafan,4728,4728,9600000,spin-arms--5-l-l,2,penalty_action_rate_active_fraction,1.0
g1_lafan,4728,4728,9600000,spin-arms--5-l-l,2,limits_dof_pos_mean,0.029172314330935478
g1_lafan,4728,4728,9600000,spin-arms--5-l-l,2,limits_dof_pos_active_fraction,1.0
g1_lafan,4728,4728,9600000,spin-arms--5-l-l,2,limits_torque_mean,3.710094451904297
g1_lafan,4728,4728,9600000,spin-arms--5-l-l,2,limits_torque_active_fraction,0.9580000638961792
g1_lafan,4728,4728,9600000,spin-arms--5-l-l,2,penalty_undesired_contact_mean,0.10200000554323196
g1_lafan,4728,4728,9600000,spin-arms--5-l-l,2,penalty_undesired_contact_active_fraction,0.10200000554323196
g1_lafan,4728,4728,9600000,spin-arms--5-l-l,2,penalty_feet_ori_mean,0.29392215609550476
g1_lafan,4728,4728,9600000,spin-arms--5-l-l,2,penalty_feet_ori_active_fraction,0.9360000491142273
g1_lafan,4728,4728,9600000,spin-arms--5-l-l,2,penalty_ankle_roll_mean,0.12755243480205536
g1_lafan,4728,4728,9600000,spin-arms--5-l-l,2,penalty_ankle_roll_active_fraction,1.0
g1_lafan,4728,4728,9600000,spin-arms--5-l-l,2,penalty_slippage_mean,0.33256959915161133
g1_lafan,4728,4728,9600000,spin-arms--5-l-l,2,penalty_slippage_active_fraction,0.9360000491142273
g1_lafan,4728,4728,9600000,spin-arms--5-l-l,3,return,16.685409545898438
g1_lafan,4728,4728,9600000,spin-arms--5-l-l,3,auxiliary_cost,2.3073575496673584
g1_lafan,4728,4728,9600000,spin-arms--5-l-l,3,safety_violation_rate,1.0
g1_lafan,4728,4728,9600000,spin-arms--5-l-l,3,termination_rate,0.0
g1_lafan,4728,4728,9600000,spin-arms--5-l-l,3,action_l2,2.9108028411865234
g1_lafan,4728,4728,9600000,spin-arms--5-l-l,3,penalty_torques_mean,9118.47265625
g1_lafan,4728,4728,9600000,spin-arms--5-l-l,3,penalty_torques_active_fraction,1.0
g1_lafan,4728,4728,9600000,spin-arms--5-l-l,3,penalty_action_rate_mean,4.919602394104004
g1_lafan,4728,4728,9600000,spin-arms--5-l-l,3,penalty_action_rate_active_fraction,1.0
g1_lafan,4728,4728,9600000,spin-arms--5-l-l,3,limits_dof_pos_mean,0.03530356287956238
g1_lafan,4728,4728,9600000,spin-arms--5-l-l,3,limits_dof_pos_active_fraction,1.0
g1_lafan,4728,4728,9600000,spin-arms--5-l-l,3,limits_torque_mean,3.9197373390197754
g1_lafan,4728,4728,9600000,spin-arms--5-l-l,3,limits_torque_active_fraction,0.9900000691413879
g1_lafan,4728,4728,9600000,spin-arms--5-l-l,3,penalty_undesired_contact_mean,0.21400001645088196
g1_lafan,4728,4728,9600000,spin-arms--5-l-l,3,penalty_undesired_contact_active_fraction,0.21400001645088196
g1_lafan,4728,4728,9600000,spin-arms--5-l-l,3,penalty_feet_ori_mean,0.24164052307605743
g1_lafan,4728,4728,9600000,spin-arms--5-l-l,3,penalty_feet_ori_active_fraction,0.9040000438690186
g1_lafan,4728,4728,9600000,spin-arms--5-l-l,3,penalty_ankle_roll_mean,0.1293996274471283
g1_lafan,4728,4728,9600000,spin-arms--5-l-l,3,penalty_ankle_roll_active_fraction,1.0
g1_lafan,4728,4728,9600000,spin-arms--5-l-l,3,penalty_slippage_mean,0.3170537054538727
g1_lafan,4728,4728,9600000,spin-arms--5-l-l,3,penalty_slippage_active_fraction,0.9040000438690186
g1_lafan,4728,4728,9600000,spin-arms--5-l-l,4,return,13.457626342773438
g1_lafan,4728,4728,9600000,spin-arms--5-l-l,4,auxiliary_cost,1.6866669654846191
g1_lafan,4728,4728,9600000,spin-arms--5-l-l,4,safety_violation_rate,1.0
g1_lafan,4728,4728,9600000,spin-arms--5-l-l,4,termination_rate,0.0
g1_lafan,4728,4728,9600000,spin-arms--5-l-l,4,action_l2,2.696396589279175
g1_lafan,4728,4728,9600000,spin-arms--5-l-l,4,penalty_torques_mean,7006.34130859375
g1_lafan,4728,4728,9600000,spin-arms--5-l-l,4,penalty_torques_active_fraction,1.0
g1_lafan,4728,4728,9600000,spin-arms--5-l-l,4,penalty_action_rate_mean,2.273209571838379
g1_lafan,4728,4728,9600000,spin-arms--5-l-l,4,penalty_action_rate_active_fraction,1.0
g1_lafan,4728,4728,9600000,spin-arms--5-l-l,4,limits_dof_pos_mean,0.02236701361835003
g1_lafan,4728,4728,9600000,spin-arms--5-l-l,4,limits_dof_pos_active_fraction,0.9980000257492065
g1_lafan,4728,4728,9600000,spin-arms--5-l-l,4,limits_torque_mean,2.987489700317383
g1_lafan,4728,4728,9600000,spin-arms--5-l-l,4,limits_torque_active_fraction,0.9440000653266907
g1_lafan,4728,4728,9600000,spin-arms--5-l-l,4,penalty_undesired_contact_mean,0.0860000029206276
g1_lafan,4728,4728,9600000,spin-arms--5-l-l,4,penalty_undesired_contact_active_fraction,0.0860000029206276
g1_lafan,4728,4728,9600000,spin-arms--5-l-l,4,penalty_feet_ori_mean,0.24917343258857727
g1_lafan,4728,4728,9600000,spin-arms--5-l-l,4,penalty_feet_ori_active_fraction,0.9800000190734863
g1_lafan,4728,4728,9600000,spin-arms--5-l-l,4,penalty_ankle_roll_mean,0.12605400383472443
g1_lafan,4728,4728,9600000,spin-arms--5-l-l,4,penalty_ankle_roll_active_fraction,1.0
g1_lafan,4728,4728,9600000,spin-arms--5-l-l,4,penalty_slippage_mean,0.2728954553604126
g1_lafan,4728,4728,9600000,spin-arms--5-l-l,4,penalty_slippage_active_fraction,0.9800000190734863
g1_lafan,4728,4728,9600000,spin-arms--5-l-l,5,return,10.373214721679688
g1_lafan,4728,4728,9600000,spin-arms--5-l-l,5,auxiliary_cost,1.9081335067749023
g1_lafan,4728,4728,9600000,spin-arms--5-l-l,5,safety_violation_rate,1.0
g1_lafan,4728,4728,9600000,spin-arms--5-l-l,5,termination_rate,0.0
g1_lafan,4728,4728,9600000,spin-arms--5-l-l,5,action_l2,2.705533266067505
g1_lafan,4728,4728,9600000,spin-arms--5-l-l,5,penalty_torques_mean,7771.544921875
g1_lafan,4728,4728,9600000,spin-arms--5-l-l,5,penalty_torques_active_fraction,1.0
g1_lafan,4728,4728,9600000,spin-arms--5-l-l,5,penalty_action_rate_mean,3.781322956085205
g1_lafan,4728,4728,9600000,spin-arms--5-l-l,5,penalty_action_rate_active_fraction,1.0
g1_lafan,4728,4728,9600000,spin-arms--5-l-l,5,limits_dof_pos_mean,0.02403128892183304
g1_lafan,4728,4728,9600000,spin-arms--5-l-l,5,limits_dof_pos_active_fraction,0.9980000257492065
g1_lafan,4728,4728,9600000,spin-arms--5-l-l,5,limits_torque_mean,3.0063424110412598
g1_lafan,4728,4728,9600000,spin-arms--5-l-l,5,limits_torque_active_fraction,0.8580000400543213
g1_lafan,4728,4728,9600000,spin-arms--5-l-l,5,penalty_undesired_contact_mean,0.13199999928474426
g1_lafan,4728,4728,9600000,spin-arms--5-l-l,5,penalty_undesired_contact_active_fraction,0.13199999928474426
g1_lafan,4728,4728,9600000,spin-arms--5-l-l,5,penalty_feet_ori_mean,0.30181095004081726
g1_lafan,4728,4728,9600000,spin-arms--5-l-l,5,penalty_feet_ori_active_fraction,0.9760000705718994
g1_lafan,4728,4728,9600000,spin-arms--5-l-l,5,penalty_ankle_roll_mean,0.1278727948665619
g1_lafan,4728,4728,9600000,spin-arms--5-l-l,5,penalty_ankle_roll_active_fraction,1.0
g1_lafan,4728,4728,9600000,spin-arms--5-l-l,5,penalty_slippage_mean,0.2627360224723816
g1_lafan,4728,4728,9600000,spin-arms--5-l-l,5,penalty_slippage_active_fraction,0.9760000705718994
g1_lafan,4728,4728,9600000,spin-arms--5-l-l,6,return,11.624731063842773
g1_lafan,4728,4728,9600000,spin-arms--5-l-l,6,auxiliary_cost,1.9498049020767212
g1_lafan,4728,4728,9600000,spin-arms--5-l-l,6,safety_violation_rate,1.0
g1_lafan,4728,4728,9600000,spin-arms--5-l-l,6,termination_rate,0.0
g1_lafan,4728,4728,9600000,spin-arms--5-l-l,6,action_l2,2.794673442840576
g1_lafan,4728,4728,9600000,spin-arms--5-l-l,6,penalty_torques_mean,8919.4638671875
g1_lafan,4728,4728,9600000,spin-arms--5-l-l,6,penalty_torques_active_fraction,1.0
g1_lafan,4728,4728,9600000,spin-arms--5-l-l,6,penalty_action_rate_mean,3.9793426990509033
g1_lafan,4728,4728,9600000,spin-arms--5-l-l,6,penalty_action_rate_active_fraction,1.0
g1_lafan,4728,4728,9600000,spin-arms--5-l-l,6,limits_dof_pos_mean,0.02752181701362133
g1_lafan,4728,4728,9600000,spin-arms--5-l-l,6,limits_dof_pos_active_fraction,1.0
g1_lafan,4728,4728,9600000,spin-arms--5-l-l,6,limits_torque_mean,3.780144691467285
g1_lafan,4728,4728,9600000,spin-arms--5-l-l,6,limits_torque_active_fraction,0.9820000529289246
g1_lafan,4728,4728,9600000,spin-arms--5-l-l,6,penalty_undesired_contact_mean,0.10600000619888306
g1_lafan,4728,4728,9600000,spin-arms--5-l-l,6,penalty_undesired_contact_active_fraction,0.10600000619888306
g1_lafan,4728,4728,9600000,spin-arms--5-l-l,6,penalty_feet_ori_mean,0.275319904088974
g1_lafan,4728,4728,9600000,spin-arms--5-l-l,6,penalty_feet_ori_active_fraction,0.9320000410079956
g1_lafan,4728,4728,9600000,spin-arms--5-l-l,6,penalty_ankle_roll_mean,0.12908081710338593
g1_lafan,4728,4728,9600000,spin-arms--5-l-l,6,penalty_ankle_roll_active_fraction,1.0
g1_lafan,4728,4728,9600000,spin-arms--5-l-l,6,penalty_slippage_mean,0.2721005082130432
g1_lafan,4728,4728,9600000,spin-arms--5-l-l,6,penalty_slippage_active_fraction,0.9320000410079956
g1_lafan,4728,4728,9600000,spin-arms--5-l-l,7,return,6.586241245269775
g1_lafan,4728,4728,9600000,spin-arms--5-l-l,7,auxiliary_cost,1.6761709451675415
g1_lafan,4728,4728,9600000,spin-arms--5-l-l,7,safety_violation_rate,0.9880000352859497
g1_lafan,4728,4728,9600000,spin-arms--5-l-l,7,termination_rate,0.0
g1_lafan,4728,4728,9600000,spin-arms--5-l-l,7,action_l2,2.701986312866211
g1_lafan,4728,4728,9600000,spin-arms--5-l-l,7,penalty_torques_mean,7027.34912109375
g1_lafan,4728,4728,9600000,spin-arms--5-l-l,7,penalty_torques_active_fraction,1.0
g1_lafan,4728,4728,9600000,spin-arms--5-l-l,7,penalty_action_rate_mean,2.018526792526245
g1_lafan,4728,4728,9600000,spin-arms--5-l-l,7,penalty_action_rate_active_fraction,1.0
g1_lafan,4728,4728,9600000,spin-arms--5-l-l,7,limits_dof_pos_mean,0.02206912823021412
g1_lafan,4728,4728,9600000,spin-arms--5-l-l,7,limits_dof_pos_active_fraction,0.9860000610351562
g1_lafan,4728,4728,9600000,spin-arms--5-l-l,7,limits_torque_mean,3.1903128623962402
g1_lafan,4728,4728,9600000,spin-arms--5-l-l,7,limits_torque_active_fraction,0.968000054359436
g1_lafan,4728,4728,9600000,spin-arms--5-l-l,7,penalty_undesired_contact_mean,0.11000000685453415
g1_lafan,4728,4728,9600000,spin-arms--5-l-l,7,penalty_undesired_contact_active_fraction,0.11000000685453415
g1_lafan,4728,4728,9600000,spin-arms--5-l-l,7,penalty_feet_ori_mean,0.23909910023212433
g1_lafan,4728,4728,9600000,spin-arms--5-l-l,7,penalty_feet_ori_active_fraction,0.984000027179718
g1_lafan,4728,4728,9600000,spin-arms--5-l-l,7,penalty_ankle_roll_mean,0.12496259063482285
g1_lafan,4728,4728,9600000,spin-arms--5-l-l,7,penalty_ankle_roll_active_fraction,1.0
g1_lafan,4728,4728,9600000,spin-arms--5-l-l,7,penalty_slippage_mean,0.2740682363510132
g1_lafan,4728,4728,9600000,spin-arms--5-l-l,7,penalty_slippage_active_fraction,0.984000027179718
g1_lafan,4728,4728,9600000,spin-arms--5-l-l,8,return,6.908163547515869
g1_lafan,4728,4728,9600000,spin-arms--5-l-l,8,auxiliary_cost,1.660798192024231
g1_lafan,4728,4728,9600000,spin-arms--5-l-l,8,safety_violation_rate,1.0
g1_lafan,4728,4728,9600000,spin-arms--5-l-l,8,termination_rate,0.0
g1_lafan,4728,4728,9600000,spin-arms--5-l-l,8,action_l2,2.704146146774292
g1_lafan,4728,4728,9600000,spin-arms--5-l-l,8,penalty_torques_mean,7076.390625
g1_lafan,4728,4728,9600000,spin-arms--5-l-l,8,penalty_torques_active_fraction,1.0
g1_lafan,4728,4728,9600000,spin-arms--5-l-l,8,penalty_action_rate_mean,2.205907106399536
g1_lafan,4728,4728,9600000,spin-arms--5-l-l,8,penalty_action_rate_active_fraction,1.0
g1_lafan,4728,4728,9600000,spin-arms--5-l-l,8,limits_dof_pos_mean,0.022557217627763748
g1_lafan,4728,4728,9600000,spin-arms--5-l-l,8,limits_dof_pos_active_fraction,0.9960000514984131
g1_lafan,4728,4728,9600000,spin-arms--5-l-l,8,limits_torque_mean,3.231288194656372
g1_lafan,4728,4728,9600000,spin-arms--5-l-l,8,limits_torque_active_fraction,0.968000054359436
g1_lafan,4728,4728,9600000,spin-arms--5-l-l,8,penalty_undesired_contact_mean,0.05000000074505806
g1_lafan,4728,4728,9600000,spin-arms--5-l-l,8,penalty_undesired_contact_active_fraction,0.05000000074505806
g1_lafan,4728,4728,9600000,spin-arms--5-l-l,8,penalty_feet_ori_mean,0.23218989372253418
g1_lafan,4728,4728,9600000,spin-arms--5-l-l,8,penalty_feet_ori_active_fraction,0.9780000448226929
g1_lafan,4728,4728,9600000,spin-arms--5-l-l,8,penalty_ankle_roll_mean,0.12685489654541016
g1_lafan,4728,4728,9600000,spin-arms--5-l-l,8,penalty_ankle_roll_active_fraction,1.0
g1_lafan,4728,4728,9600000,spin-arms--5-l-l,8,penalty_slippage_mean,0.2821696400642395
g1_lafan,4728,4728,9600000,spin-arms--5-l-l,8,penalty_slippage_active_fraction,0.9780000448226929
g1_lafan,4728,4728,9600000,spin-arms--5-l-l,9,return,6.259918689727783
g1_lafan,4728,4728,9600000,spin-arms--5-l-l,9,auxiliary_cost,2.242794990539551
g1_lafan,4728,4728,9600000,spin-arms--5-l-l,9,safety_violation_rate,0.9980000257492065
g1_lafan,4728,4728,9600000,spin-arms--5-l-l,9,termination_rate,0.0
g1_lafan,4728,4728,9600000,spin-arms--5-l-l,9,action_l2,2.8832619190216064
g1_lafan,4728,4728,9600000,spin-arms--5-l-l,9,penalty_torques_mean,8481.0146484375
g1_lafan,4728,4728,9600000,spin-arms--5-l-l,9,penalty_torques_active_fraction,1.0
g1_lafan,4728,4728,9600000,spin-arms--5-l-l,9,penalty_action_rate_mean,4.055161952972412
g1_lafan,4728,4728,9600000,spin-arms--5-l-l,9,penalty_action_rate_active_fraction,1.0
g1_lafan,4728,4728,9600000,spin-arms--5-l-l,9,limits_dof_pos_mean,0.03459005802869797
g1_lafan,4728,4728,9600000,spin-arms--5-l-l,9,limits_dof_pos_active_fraction,0.9980000257492065
g1_lafan,4728,4728,9600000,spin-arms--5-l-l,9,limits_torque_mean,3.5955915451049805
g1_lafan,4728,4728,9600000,spin-arms--5-l-l,9,limits_torque_active_fraction,0.9100000262260437
g1_lafan,4728,4728,9600000,spin-arms--5-l-l,9,penalty_undesired_contact_mean,0.1900000125169754
g1_lafan,4728,4728,9600000,spin-arms--5-l-l,9,penalty_undesired_contact_active_fraction,0.1900000125169754
g1_lafan,4728,4728,9600000,spin-arms--5-l-l,9,penalty_feet_ori_mean,0.26190975308418274
g1_lafan,4728,4728,9600000,spin-arms--5-l-l,9,penalty_feet_ori_active_fraction,0.9500000476837158
g1_lafan,4728,4728,9600000,spin-arms--5-l-l,9,penalty_ankle_roll_mean,0.12701885402202606
g1_lafan,4728,4728,9600000,spin-arms--5-l-l,9,penalty_ankle_roll_active_fraction,1.0
g1_lafan,4728,4728,9600000,spin-arms--5-l-l,9,penalty_slippage_mean,0.3442693054676056
g1_lafan,4728,4728,9600000,spin-arms--5-l-l,9,penalty_slippage_active_fraction,0.9500000476837158
g1_lafan,4728,4728,9600000,spin-arms-5-l-m,0,return,1.1557976007461548
g1_lafan,4728,4728,9600000,spin-arms-5-l-m,0,auxiliary_cost,1.8326404094696045
g1_lafan,4728,4728,9600000,spin-arms-5-l-m,0,safety_violation_rate,1.0
g1_lafan,4728,4728,9600000,spin-arms-5-l-m,0,termination_rate,0.0
g1_lafan,4728,4728,9600000,spin-arms-5-l-m,0,action_l2,2.7374446392059326
g1_lafan,4728,4728,9600000,spin-arms-5-l-m,0,penalty_torques_mean,8346.0517578125
g1_lafan,4728,4728,9600000,spin-arms-5-l-m,0,penalty_torques_active_fraction,1.0
g1_lafan,4728,4728,9600000,spin-arms-5-l-m,0,penalty_action_rate_mean,2.873100519180298
g1_lafan,4728,4728,9600000,spin-arms-5-l-m,0,penalty_action_rate_active_fraction,1.0
g1_lafan,4728,4728,9600000,spin-arms-5-l-m,0,limits_dof_pos_mean,0.025429217144846916
g1_lafan,4728,4728,9600000,spin-arms-5-l-m,0,limits_dof_pos_active_fraction,1.0
g1_lafan,4728,4728,9600000,spin-arms-5-l-m,0,limits_torque_mean,4.5551981925964355
g1_lafan,4728,4728,9600000,spin-arms-5-l-m,0,limits_torque_active_fraction,0.9980000257492065
g1_lafan,4728,4728,9600000,spin-arms-5-l-m,0,penalty_undesired_contact_mean,0.12800000607967377
g1_lafan,4728,4728,9600000,spin-arms-5-l-m,0,penalty_undesired_contact_active_fraction,0.12800000607967377
g1_lafan,4728,4728,9600000,spin-arms-5-l-m,0,penalty_feet_ori_mean,0.1764966994524002
g1_lafan,4728,4728,9600000,spin-arms-5-l-m,0,penalty_feet_ori_active_fraction,0.9620000720024109
g1_lafan,4728,4728,9600000,spin-arms-5-l-m,0,penalty_ankle_roll_mean,0.13544049859046936
g1_lafan,4728,4728,9600000,spin-arms-5-l-m,0,penalty_ankle_roll_active_fraction,1.0
g1_lafan,4728,4728,9600000,spin-arms-5-l-m,0,penalty_slippage_mean,0.27533847093582153
g1_lafan,4728,4728,9600000,spin-arms-5-l-m,0,penalty_slippage_active_fraction,0.9620000720024109
g1_lafan,4728,4728,9600000,spin-arms-5-l-m,1,return,3.3634660243988037
g1_lafan,4728,4728,9600000,spin-arms-5-l-m,1,auxiliary_cost,1.9848034381866455
g1_lafan,4728,4728,9600000,spin-arms-5-l-m,1,safety_violation_rate,1.0
g1_lafan,4728,4728,9600000,spin-arms-5-l-m,1,termination_rate,0.0
g1_lafan,4728,4728,9600000,spin-arms-5-l-m,1,action_l2,2.82604718208313
g1_lafan,4728,4728,9600000,spin-arms-5-l-m,1,penalty_torques_mean,9719.2763671875
g1_lafan,4728,4728,9600000,spin-arms-5-l-m,1,penalty_torques_active_fraction,1.0
g1_lafan,4728,4728,9600000,spin-arms-5-l-m,1,penalty_action_rate_mean,4.054227828979492
g1_lafan,4728,4728,9600000,spin-arms-5-l-m,1,penalty_action_rate_active_fraction,1.0
g1_lafan,4728,4728,9600000,spin-arms-5-l-m,1,limits_dof_pos_mean,0.02926785498857498
g1_lafan,4728,4728,9600000,spin-arms-5-l-m,1,limits_dof_pos_active_fraction,1.0
g1_lafan,4728,4728,9600000,spin-arms-5-l-m,1,limits_torque_mean,4.729176998138428
g1_lafan,4728,4728,9600000,spin-arms-5-l-m,1,limits_torque_active_fraction,1.0
g1_lafan,4728,4728,9600000,spin-arms-5-l-m,1,penalty_undesired_contact_mean,0.1380000114440918
g1_lafan,4728,4728,9600000,spin-arms-5-l-m,1,penalty_undesired_contact_active_fraction,0.1380000114440918
g1_lafan,4728,4728,9600000,spin-arms-5-l-m,1,penalty_feet_ori_mean,0.199487566947937
g1_lafan,4728,4728,9600000,spin-arms-5-l-m,1,penalty_feet_ori_active_fraction,0.9200000166893005
g1_lafan,4728,4728,9600000,spin-arms-5-l-m,1,penalty_ankle_roll_mean,0.13469184935092926
g1_lafan,4728,4728,9600000,spin-arms-5-l-m,1,penalty_ankle_roll_active_fraction,1.0
g1_lafan,4728,4728,9600000,spin-arms-5-l-m,1,penalty_slippage_mean,0.26507046818733215
g1_lafan,4728,4728,9600000,spin-arms-5-l-m,1,penalty_slippage_active_fraction,0.9200000166893005
g1_lafan,4728,4728,9600000,spin-arms-5-l-m,2,return,0.6211938858032227
g1_lafan,4728,4728,9600000,spin-arms-5-l-m,2,auxiliary_cost,2.1168248653411865
g1_lafan,4728,4728,9600000,spin-arms-5-l-m,2,safety_violation_rate,1.0
g1_lafan,4728,4728,9600000,spin-arms-5-l-m,2,termination_rate,0.0
g1_lafan,4728,4728,9600000,spin-arms-5-l-m,2,action_l2,2.80700945854187
g1_lafan,4728,4728,9600000,spin-arms-5-l-m,2,penalty_torques_mean,9021.50390625
g1_lafan,4728,4728,9600000,spin-arms-5-l-m,2,penalty_torques_active_fraction,1.0
g1_lafan,4728,4728,9600000,spin-arms-5-l-m,2,penalty_action_rate_mean,3.440140724182129
g1_lafan,4728,4728,9600000,spin-arms-5-l-m,2,penalty_action_rate_active_fraction,1.0
g1_lafan,4728,4728,9600000,spin-arms-5-l-m,2,limits_dof_pos_mean,0.02885095775127411
g1_lafan,4728,4728,9600000,spin-arms-5-l-m,2,limits_dof_pos_active_fraction,1.0
g1_lafan,4728,4728,9600000,spin-arms-5-l-m,2,limits_torque_mean,4.849109172821045
g1_lafan,4728,4728,9600000,spin-arms-5-l-m,2,limits_torque_active_fraction,0.9980000257492065
g1_lafan,4728,4728,9600000,spin-arms-5-l-m,2,penalty_undesired_contact_mean,0.24400001764297485
g1_lafan,4728,4728,9600000,spin-arms-5-l-m,2,penalty_undesired_contact_active_fraction,0.24400001764297485
g1_lafan,4728,4728,9600000,spin-arms-5-l-m,2,penalty_feet_ori_mean,0.22015099227428436
g1_lafan,4728,4728,9600000,spin-arms-5-l-m,2,penalty_feet_ori_active_fraction,0.8860000371932983
g1_lafan,4728,4728,9600000,spin-arms-5-l-m,2,penalty_ankle_roll_mean,0.135898619890213
g1_lafan,4728,4728,9600000,spin-arms-5-l-m,2,penalty_ankle_roll_active_fraction,1.0
g1_lafan,4728,4728,9600000,spin-arms-5-l-m,2,penalty_slippage_mean,0.30432310700416565
g1_lafan,4728,4728,9600000,spin-arms-5-l-m,2,penalty_slippage_active_fraction,0.8860000371932983
g1_lafan,4728,4728,9600000,spin-arms-5-l-m,3,return,0.8845380544662476
g1_lafan,4728,4728,9600000,spin-arms-5-l-m,3,auxiliary_cost,1.8245961666107178
g1_lafan,4728,4728,9600000,spin-arms-5-l-m,3,safety_violation_rate,1.0
g1_lafan,4728,4728,9600000,spin-arms-5-l-m,3,termination_rate,0.0
g1_lafan,4728,4728,9600000,spin-arms-5-l-m,3,action_l2,2.7231552600860596
g1_lafan,4728,4728,9600000,spin-arms-5-l-m,3,penalty_torques_mean,8352.326171875
g1_lafan,4728,4728,9600000,spin-arms-5-l-m,3,penalty_torques_active_fraction,1.0
g1_lafan,4728,4728,9600000,spin-arms-5-l-m,3,penalty_action_rate_mean,2.918393135070801
g1_lafan,4728,4728,9600000,spin-arms-5-l-m,3,penalty_action_rate_active_fraction,1.0
g1_lafan,4728,4728,9600000,spin-arms-5-l-m,3,limits_dof_pos_mean,0.025565411895513535
g1_lafan,4728,4728,9600000,spin-arms-5-l-m,3,limits_dof_pos_active_fraction,1.0
g1_lafan,4728,4728,9600000,spin-arms-5-l-m,3,limits_torque_mean,4.53853178024292
g1_lafan,4728,4728,9600000,spin-arms-5-l-m,3,limits_torque_active_fraction,0.9960000514984131
g1_lafan,4728,4728,9600000,spin-arms-5-l-m,3,penalty_undesired_contact_mean,0.14000000059604645
g1_lafan,4728,4728,9600000,spin-arms-5-l-m,3,penalty_undesired_contact_active_fraction,0.14000000059604645
g1_lafan,4728,4728,9600000,spin-arms-5-l-m,3,penalty_feet_ori_mean,0.17149139940738678
g1_lafan,4728,4728,9600000,spin-arms-5-l-m,3,penalty_feet_ori_active_fraction,0.9380000233650208
g1_lafan,4728,4728,9600000,spin-arms-5-l-m,3,penalty_ankle_roll_mean,0.13538554310798645
g1_lafan,4728,4728,9600000,spin-arms-5-l-m,3,penalty_ankle_roll_active_fraction,1.0
g1_lafan,4728,4728,9600000,spin-arms-5-l-m,3,penalty_slippage_mean,0.2634821832180023
g1_lafan,4728,4728,9600000,spin-arms-5-l-m,3,penalty_slippage_active_fraction,0.9380000233650208
g1_lafan,4728,4728,9600000,spin-arms-5-l-m,4,return,1.1169706583023071
g1_lafan,4728,4728,9600000,spin-arms-5-l-m,4,auxiliary_cost,1.979185938835144
g1_lafan,4728,4728,9600000,spin-arms-5-l-m,4,safety_violation_rate,1.0
g1_lafan,4728,4728,9600000,spin-arms-5-l-m,4,termination_rate,0.0
g1_lafan,4728,4728,9600000,spin-arms-5-l-m,4,action_l2,2.7641677856445312
g1_lafan,4728,4728,9600000,spin-arms-5-l-m,4,penalty_torques_mean,8829.638671875
g1_lafan,4728,4728,9600000,spin-arms-5-l-m,4,penalty_torques_active_fraction,1.0
g1_lafan,4728,4728,9600000,spin-arms-5-l-m,4,penalty_action_rate_mean,3.67427134513855
g1_lafan,4728,4728,9600000,spin-arms-5-l-m,4,penalty_action_rate_active_fraction,1.0
g1_lafan,4728,4728,9600000,spin-arms-5-l-m,4,limits_dof_pos_mean,0.027025971561670303
g1_lafan,4728,4728,9600000,spin-arms-5-l-m,4,limits_dof_pos_active_fraction,1.0
g1_lafan,4728,4728,9600000,spin-arms-5-l-m,4,limits_torque_mean,4.602646827697754
g1_lafan,4728,4728,9600000,spin-arms-5-l-m,4,limits_torque_active_fraction,0.9980000257492065
g1_lafan,4728,4728,9600000,spin-arms-5-l-m,4,penalty_undesired_contact_mean,0.1420000046491623
g1_lafan,4728,4728,9600000,spin-arms-5-l-m,4,penalty_undesired_contact_active_fraction,0.1420000046491623
g1_lafan,4728,4728,9600000,spin-arms-5-l-m,4,penalty_feet_ori_mean,0.19550523161888123
g1_lafan,4728,4728,9600000,spin-arms-5-l-m,4,penalty_feet_ori_active_fraction,0.9300000667572021
g1_lafan,4728,4728,9600000,spin-arms-5-l-m,4,penalty_ankle_roll_mean,0.1348990797996521
g1_lafan,4728,4728,9600000,spin-arms-5-l-m,4,penalty_ankle_roll_active_fraction,1.0
g1_lafan,4728,4728,9600000,spin-arms-5-l-m,4,penalty_slippage_mean,0.2908506989479065
g1_lafan,4728,4728,9600000,spin-arms-5-l-m,4,penalty_slippage_active_fraction,0.9300000667572021
g1_lafan,4728,4728,9600000,spin-arms-5-l-m,5,return,0.9434581398963928
g1_lafan,4728,4728,9600000,spin-arms-5-l-m,5,auxiliary_cost,1.743152379989624
g1_lafan,4728,4728,9600000,spin-arms-5-l-m,5,safety_violation_rate,0.9980000257492065
g1_lafan,4728,4728,9600000,spin-arms-5-l-m,5,termination_rate,0.0
g1_lafan,4728,4728,9600000,spin-arms-5-l-m,5,action_l2,2.708840847015381
g1_lafan,4728,4728,9600000,spin-arms-5-l-m,5,penalty_torques_mean,8164.17822265625
g1_lafan,4728,4728,9600000,spin-arms-5-l-m,5,penalty_torques_active_fraction,1.0
g1_lafan,4728,4728,9600000,spin-arms-5-l-m,5,penalty_action_rate_mean,2.875758409500122
g1_lafan,4728,4728,9600000,spin-arms-5-l-m,5,penalty_action_rate_active_fraction,1.0
g1_lafan,4728,4728,9600000,spin-arms-5-l-m,5,limits_dof_pos_mean,0.02490934170782566
g1_lafan,4728,4728,9600000,spin-arms-5-l-m,5,limits_dof_pos_active_fraction,0.9980000257492065
g1_lafan,4728,4728,9600000,spin-arms-5-l-m,5,limits_torque_mean,4.116382122039795
g1_lafan,4728,4728,9600000,spin-arms-5-l-m,5,limits_torque_active_fraction,0.9960000514984131
g1_lafan,4728,4728,9600000,spin-arms-5-l-m,5,penalty_undesired_contact_mean,0.058000002056360245
g1_lafan,4728,4728,9600000,spin-arms-5-l-m,5,penalty_undesired_contact_active_fraction,0.058000002056360245
g1_lafan,4728,4728,9600000,spin-arms-5-l-m,5,penalty_feet_ori_mean,0.21595023572444916
g1_lafan,4728,4728,9600000,spin-arms-5-l-m,5,penalty_feet_ori_active_fraction,0.9820000529289246
g1_lafan,4728,4728,9600000,spin-arms-5-l-m,5,penalty_ankle_roll_mean,0.13449953496456146
g1_lafan,4728,4728,9600000,spin-arms-5-l-m,5,penalty_ankle_roll_active_fraction,1.0
g1_lafan,4728,4728,9600000,spin-arms-5-l-m,5,penalty_slippage_mean,0.26205265522003174
g1_lafan,4728,4728,9600000,spin-arms-5-l-m,5,penalty_slippage_active_fraction,0.9820000529289246
g1_lafan,4728,4728,9600000,spin-arms-5-l-m,6,return,1.3109569549560547
g1_lafan,4728,4728,9600000,spin-arms-5-l-m,6,auxiliary_cost,1.8254292011260986
g1_lafan,4728,4728,9600000,spin-arms-5-l-m,6,safety_violation_rate,1.0
g1_lafan,4728,4728,9600000,spin-arms-5-l-m,6,termination_rate,0.0
g1_lafan,4728,4728,9600000,spin-arms-5-l-m,6,action_l2,2.7309772968292236
g1_lafan,4728,4728,9600000,spin-arms-5-l-m,6,penalty_torques_mean,8699.3173828125
g1_lafan,4728,4728,9600000,spin-arms-5-l-m,6,penalty_torques_active_fraction,1.0
g1_lafan,4728,4728,9600000,spin-arms-5-l-m,6,penalty_action_rate_mean,2.9241981506347656
g1_lafan,4728,4728,9600000,spin-arms-5-l-m,6,penalty_action_rate_active_fraction,1.0
g1_lafan,4728,4728,9600000,spin-arms-5-l-m,6,limits_dof_pos_mean,0.025501688942313194
g1_lafan,4728,4728,9600000,spin-arms-5-l-m,6,limits_dof_pos_active_fraction,0.9980000257492065
g1_lafan,4728,4728,9600000,spin-arms-5-l-m,6,limits_torque_mean,4.634223937988281
g1_lafan,4728,4728,9600000,spin-arms-5-l-m,6,limits_torque_active_fraction,0.9900000691413879
g1_lafan,4728,4728,9600000,spin-arms-5-l-m,6,penalty_undesired_contact_mean,0.09600000083446503
g1_lafan,4728,4728,9600000,spin-arms-5-l-m,6,penalty_undesired_contact_active_fraction,0.09600000083446503
g1_lafan,4728,4728,9600000,spin-arms-5-l-m,6,penalty_feet_ori_mean,0.19183243811130524
g1_lafan,4728,4728,9600000,spin-arms-5-l-m,6,penalty_feet_ori_active_fraction,0.9240000247955322
g1_lafan,4728,4728,9600000,spin-arms-5-l-m,6,penalty_ankle_roll_mean,0.13467611372470856
g1_lafan,4728,4728,9600000,spin-arms-5-l-m,6,penalty_ankle_roll_active_fraction,1.0
g1_lafan,4728,4728,9600000,spin-arms-5-l-m,6,penalty_slippage_mean,0.2832769751548767
g1_lafan,4728,4728,9600000,spin-arms-5-l-m,6,penalty_slippage_active_fraction,0.9240000247955322
g1_lafan,4728,4728,9600000,spin-arms-5-l-m,7,return,2.964355707168579
g1_lafan,4728,4728,9600000,spin-arms-5-l-m,7,auxiliary_cost,2.053415298461914
g1_lafan,4728,4728,9600000,spin-arms-5-l-m,7,safety_violation_rate,1.0
g1_lafan,4728,4728,9600000,spin-arms-5-l-m,7,termination_rate,0.0
g1_lafan,4728,4728,9600000,spin-arms-5-l-m,7,action_l2,2.7989368438720703
g1_lafan,4728,4728,9600000,spin-arms-5-l-m,7,penalty_torques_mean,9460.96484375
g1_lafan,4728,4728,9600000,spin-arms-5-l-m,7,penalty_torques_active_fraction,1.0
g1_lafan,4728,4728,9600000,spin-arms-5-l-m,7,penalty_action_rate_mean,4.224359512329102
g1_lafan,4728,4728,9600000,spin-arms-5-l-m,7,penalty_action_rate_active_fraction,1.0
g1_lafan,4728,4728,9600000,spin-arms-5-l-m,7,limits_dof_pos_mean,0.027743272483348846
g1_lafan,4728,4728,9600000,spin-arms-5-l-m,7,limits_dof_pos_active_fraction,1.0
g1_lafan,4728,4728,9600000,spin-arms-5-l-m,7,limits_torque_mean,4.878317356109619
g1_lafan,4728,4728,9600000,spin-arms-5-l-m,7,limits_torque_active_fraction,0.9980000257492065
g1_lafan,4728,4728,9600000,spin-arms-5-l-m,7,penalty_undesired_contact_mean,0.1120000034570694
g1_lafan,4728,4728,9600000,spin-arms-5-l-m,7,penalty_undesired_contact_active_fraction,0.1120000034570694
g1_lafan,4728,4728,9600000,spin-arms-5-l-m,7,penalty_feet_ori_mean,0.20232923328876495
g1_lafan,4728,4728,9600000,spin-arms-5-l-m,7,penalty_feet_ori_active_fraction,0.9440000653266907
g1_lafan,4728,4728,9600000,spin-arms-5-l-m,7,penalty_ankle_roll_mean,0.13556455075740814
g1_lafan,4728,4728,9600000,spin-arms-5-l-m,7,penalty_ankle_roll_active_fraction,1.0
g1_lafan,4728,4728,9600000,spin-arms-5-l-m,7,penalty_slippage_mean,0.3091784715652466
g1_lafan,4728,4728,9600000,spin-arms-5-l-m,7,penalty_slippage_active_fraction,0.9440000653266907
g1_lafan,4728,4728,9600000,spin-arms-5-l-m,8,return,0.98984694480896
g1_lafan,4728,4728,9600000,spin-arms-5-l-m,8,auxiliary_cost,1.8000558614730835
g1_lafan,4728,4728,9600000,spin-arms-5-l-m,8,safety_violation_rate,1.0
g1_lafan,4728,4728,9600000,spin-arms-5-l-m,8,termination_rate,0.0
g1_lafan,4728,4728,9600000,spin-arms-5-l-m,8,action_l2,2.7272591590881348
g1_lafan,4728,4728,9600000,spin-arms-5-l-m,8,penalty_torques_mean,8506.61328125
g1_lafan,4728,4728,9600000,spin-arms-5-l-m,8,penalty_torques_active_fraction,1.0
g1_lafan,4728,4728,9600000,spin-arms-5-l-m,8,penalty_action_rate_mean,2.794461727142334
g1_lafan,4728,4728,9600000,spin-arms-5-l-m,8,penalty_action_rate_active_fraction,1.0
g1_lafan,4728,4728,9600000,spin-arms-5-l-m,8,limits_dof_pos_mean,0.025230273604393005
g1_lafan,4728,4728,9600000,spin-arms-5-l-m,8,limits_dof_pos_active_fraction,0.9980000257492065
g1_lafan,4728,4728,9600000,spin-arms-5-l-m,8,limits_torque_mean,4.437856197357178
g1_lafan,4728,4728,9600000,spin-arms-5-l-m,8,limits_torque_active_fraction,0.9880000352859497
g1_lafan,4728,4728,9600000,spin-arms-5-l-m,8,penalty_undesired_contact_mean,0.10600000619888306
g1_lafan,4728,4728,9600000,spin-arms-5-l-m,8,penalty_undesired_contact_active_fraction,0.10600000619888306
g1_lafan,4728,4728,9600000,spin-arms-5-l-m,8,penalty_feet_ori_mean,0.19058801233768463
g1_lafan,4728,4728,9600000,spin-arms-5-l-m,8,penalty_feet_ori_active_fraction,0.9600000381469727
g1_lafan,4728,4728,9600000,spin-arms-5-l-m,8,penalty_ankle_roll_mean,0.13489697873592377
g1_lafan,4728,4728,9600000,spin-arms-5-l-m,8,penalty_ankle_roll_active_fraction,1.0
g1_lafan,4728,4728,9600000,spin-arms-5-l-m,8,penalty_slippage_mean,0.2732419967651367
g1_lafan,4728,4728,9600000,spin-arms-5-l-m,8,penalty_slippage_active_fraction,0.9600000381469727
g1_lafan,4728,4728,9600000,spin-arms-5-l-m,9,return,1.330430030822754
g1_lafan,4728,4728,9600000,spin-arms-5-l-m,9,auxiliary_cost,1.7963320016860962
g1_lafan,4728,4728,9600000,spin-arms-5-l-m,9,safety_violation_rate,1.0
g1_lafan,4728,4728,9600000,spin-arms-5-l-m,9,termination_rate,0.0
g1_lafan,4728,4728,9600000,spin-arms-5-l-m,9,action_l2,2.7313778400421143
g1_lafan,4728,4728,9600000,spin-arms-5-l-m,9,penalty_torques_mean,8459.1279296875
g1_lafan,4728,4728,9600000,spin-arms-5-l-m,9,penalty_torques_active_fraction,1.0
g1_lafan,4728,4728,9600000,spin-arms-5-l-m,9,penalty_action_rate_mean,2.9837419986724854
g1_lafan,4728,4728,9600000,spin-arms-5-l-m,9,penalty_action_rate_active_fraction,1.0
g1_lafan,4728,4728,9600000,spin-arms-5-l-m,9,limits_dof_pos_mean,0.02486371621489525
g1_lafan,4728,4728,9600000,spin-arms-5-l-m,9,limits_dof_pos_active_fraction,1.0
g1_lafan,4728,4728,9600000,spin-arms-5-l-m,9,limits_torque_mean,4.471035957336426
g1_lafan,4728,4728,9600000,spin-arms-5-l-m,9,limits_torque_active_fraction,0.9980000257492065
g1_lafan,4728,4728,9600000,spin-arms-5-l-m,9,penalty_undesired_contact_mean,0.09400000423192978
g1_lafan,4728,4728,9600000,spin-arms-5-l-m,9,penalty_undesired_contact_active_fraction,0.09400000423192978
g1_lafan,4728,4728,9600000,spin-arms-5-l-m,9,penalty_feet_ori_mean,0.20356833934783936
g1_lafan,4728,4728,9600000,spin-arms-5-l-m,9,penalty_feet_ori_active_fraction,0.9600000381469727
g1_lafan,4728,4728,9600000,spin-arms-5-l-m,9,penalty_ankle_roll_mean,0.13389627635478973
g1_lafan,4728,4728,9600000,spin-arms-5-l-m,9,penalty_ankle_roll_active_fraction,1.0
g1_lafan,4728,4728,9600000,spin-arms-5-l-m,9,penalty_slippage_mean,0.2691539227962494
g1_lafan,4728,4728,9600000,spin-arms-5-l-m,9,penalty_slippage_active_fraction,0.9600000381469727
g1_lafan,4728,4728,9600000,spin-arms--5-l-m,0,return,1.799429178237915
g1_lafan,4728,4728,9600000,spin-arms--5-l-m,0,auxiliary_cost,1.7613147497177124
g1_lafan,4728,4728,9600000,spin-arms--5-l-m,0,safety_violation_rate,0.9980000257492065
g1_lafan,4728,4728,9600000,spin-arms--5-l-m,0,termination_rate,0.0
g1_lafan,4728,4728,9600000,spin-arms--5-l-m,0,action_l2,2.7881109714508057
g1_lafan,4728,4728,9600000,spin-arms--5-l-m,0,penalty_torques_mean,8541.5478515625
g1_lafan,4728,4728,9600000,spin-arms--5-l-m,0,penalty_torques_active_fraction,1.0
g1_lafan,4728,4728,9600000,spin-arms--5-l-m,0,penalty_action_rate_mean,2.4498345851898193
g1_lafan,4728,4728,9600000,spin-arms--5-l-m,0,penalty_action_rate_active_fraction,1.0
g1_lafan,4728,4728,9600000,spin-arms--5-l-m,0,limits_dof_pos_mean,0.024898240342736244
g1_lafan,4728,4728,9600000,spin-arms--5-l-m,0,limits_dof_pos_active_fraction,0.9960000514984131
g1_lafan,4728,4728,9600000,spin-arms--5-l-m,0,limits_torque_mean,4.16339111328125
g1_lafan,4728,4728,9600000,spin-arms--5-l-m,0,limits_torque_active_fraction,0.9960000514984131
g1_lafan,4728,4728,9600000,spin-arms--5-l-m,0,penalty_undesired_contact_mean,0.12800000607967377
g1_lafan,4728,4728,9600000,spin-arms--5-l-m,0,penalty_undesired_contact_active_fraction,0.12800000607967377
g1_lafan,4728,4728,9600000,spin-arms--5-l-m,0,penalty_feet_ori_mean,0.27849280834198
g1_lafan,4728,4728,9600000,spin-arms--5-l-m,0,penalty_feet_ori_active_fraction,0.9620000720024109
g1_lafan,4728,4728,9600000,spin-arms--5-l-m,0,penalty_ankle_roll_mean,0.13163571059703827
g1_lafan,4728,4728,9600000,spin-arms--5-l-m,0,penalty_ankle_roll_active_fraction,1.0
g1_lafan,4728,4728,9600000,spin-arms--5-l-m,0,penalty_slippage_mean,0.2507046163082123
g1_lafan,4728,4728,9600000,spin-arms--5-l-m,0,penalty_slippage_active_fraction,0.9620000720024109
g1_lafan,4728,4728,9600000,spin-arms--5-l-m,1,return,0.4664708375930786
g1_lafan,4728,4728,9600000,spin-arms--5-l-m,1,auxiliary_cost,1.6672003269195557
g1_lafan,4728,4728,9600000,spin-arms--5-l-m,1,safety_violation_rate,0.9980000257492065
g1_lafan,4728,4728,9600000,spin-arms--5-l-m,1,termination_rate,0.0
g1_lafan,4728,4728,9600000,spin-arms--5-l-m,1,action_l2,2.8215510845184326
g1_lafan,4728,4728,9600000,spin-arms--5-l-m,1,penalty_torques_mean,9028.6357421875
g1_lafan,4728,4728,9600000,spin-arms--5-l-m,1,penalty_torques_active_fraction,1.0
g1_lafan,4728,4728,9600000,spin-arms--5-l-m,1,penalty_action_rate_mean,2.83422589302063
g1_lafan,4728,4728,9600000,spin-arms--5-l-m,1,penalty_action_rate_active_fraction,1.0
g1_lafan,4728,4728,9600000,spin-arms--5-l-m,1,limits_dof_pos_mean,0.027827076613903046
g1_lafan,4728,4728,9600000,spin-arms--5-l-m,1,limits_dof_pos_active_fraction,0.9980000257492065
g1_lafan,4728,4728,9600000,spin-arms--5-l-m,1,limits_torque_mean,4.055327415466309
g1_lafan,4728,4728,9600000,spin-arms--5-l-m,1,limits_torque_active_fraction,0.9960000514984131
g1_lafan,4728,4728,9600000,spin-arms--5-l-m,1,penalty_undesired_contact_mean,0.02200000174343586
g1_lafan,4728,4728,9600000,spin-arms--5-l-m,1,penalty_undesired_contact_active_fraction,0.02200000174343586
g1_lafan,4728,4728,9600000,spin-arms--5-l-m,1,penalty_feet_ori_mean,0.2759571969509125
g1_lafan,4728,4728,9600000,spin-arms--5-l-m,1,penalty_feet_ori_active_fraction,0.9720000624656677
g1_lafan,4728,4728,9600000,spin-arms--5-l-m,1,penalty_ankle_roll_mean,0.1359621286392212
g1_lafan,4728,4728,9600000,spin-arms--5-l-m,1,penalty_ankle_roll_active_fraction,1.0
g1_lafan,4728,4728,9600000,spin-arms--5-l-m,1,penalty_slippage_mean,0.21463747322559357
g1_lafan,4728,4728,9600000,spin-arms--5-l-m,1,penalty_slippage_active_fraction,0.9720000624656677
g1_lafan,4728,4728,9600000,spin-arms--5-l-m,2,return,1.2301514148712158
g1_lafan,4728,4728,9600000,spin-arms--5-l-m,2,auxiliary_cost,1.5721526145935059
g1_lafan,4728,4728,9600000,spin-arms--5-l-m,2,safety_violation_rate,0.9980000257492065
g1_lafan,4728,4728,9600000,spin-arms--5-l-m,2,termination_rate,0.0
g1_lafan,4728,4728,9600000,spin-arms--5-l-m,2,action_l2,2.7791588306427
g1_lafan,4728,4728,9600000,spin-arms--5-l-m,2,penalty_torques_mean,8205.8837890625
g1_lafan,4728,4728,9600000,spin-arms--5-l-m,2,penalty_torques_active_fraction,1.0
g1_lafan,4728,4728,9600000,spin-arms--5-l-m,2,penalty_action_rate_mean,2.4050750732421875
g1_lafan,4728,4728,9600000,spin-arms--5-l-m,2,penalty_action_rate_active_fraction,1.0
g1_lafan,4728,4728,9600000,spin-arms--5-l-m,2,limits_dof_pos_mean,0.025619719177484512
g1_lafan,4728,4728,9600000,spin-arms--5-l-m,2,limits_dof_pos_active_fraction,0.9960000514984131
g1_lafan,4728,4728,9600000,spin-arms--5-l-m,2,limits_torque_mean,4.056483745574951
g1_lafan,4728,4728,9600000,spin-arms--5-l-m,2,limits_torque_active_fraction,0.9920000433921814
g1_lafan,4728,4728,9600000,spin-arms--5-l-m,2,penalty_undesired_contact_mean,0.01600000075995922
g1_lafan,4728,4728,9600000,spin-arms--5-l-m,2,penalty_undesired_contact_active_fraction,0.01600000075995922
g1_lafan,4728,4728,9600000,spin-arms--5-l-m,2,penalty_feet_ori_mean,0.2466602772474289
g1_lafan,4728,4728,9600000,spin-arms--5-l-m,2,penalty_feet_ori_active_fraction,0.9860000610351562
g1_lafan,4728,4728,9600000,spin-arms--5-l-m,2,penalty_ankle_roll_mean,0.13549205660820007
g1_lafan,4728,4728,9600000,spin-arms--5-l-m,2,penalty_ankle_roll_active_fraction,1.0
g1_lafan,4728,4728,9600000,spin-arms--5-l-m,2,penalty_slippage_mean,0.20940741896629333
g1_lafan,4728,4728,9600000,spin-arms--5-l-m,2,penalty_slippage_active_fraction,0.9860000610351562
g1_lafan,4728,4728,9600000,spin-arms--5-l-m,3,return,1.1296942234039307
g1_lafan,4728,4728,9600000,spin-arms--5-l-m,3,auxiliary_cost,1.5675209760665894
g1_lafan,4728,4728,9600000,spin-arms--5-l-m,3,safety_violation_rate,0.9960000514984131
g1_lafan,4728,4728,9600000,spin-arms--5-l-m,3,termination_rate,0.0
g1_lafan,4728,4728,9600000,spin-arms--5-l-m,3,action_l2,2.765296220779419
g1_lafan,4728,4728,9600000,spin-arms--5-l-m,3,penalty_torques_mean,8004.396484375
g1_lafan,4728,4728,9600000,spin-arms--5-l-m,3,penalty_torques_active_fraction,1.0
g1_lafan,4728,4728,9600000,spin-arms--5-l-m,3,penalty_action_rate_mean,2.301957368850708
g1_lafan,4728,4728,9600000,spin-arms--5-l-m,3,penalty_action_rate_active_fraction,1.0
g1_lafan,4728,4728,9600000,spin-arms--5-l-m,3,limits_dof_pos_mean,0.024250106886029243
g1_lafan,4728,4728,9600000,spin-arms--5-l-m,3,limits_dof_pos_active_fraction,0.9960000514984131
g1_lafan,4728,4728,9600000,spin-arms--5-l-m,3,limits_torque_mean,3.988184690475464
g1_lafan,4728,4728,9600000,spin-arms--5-l-m,3,limits_torque_active_fraction,0.9940000176429749
g1_lafan,4728,4728,9600000,spin-arms--5-l-m,3,penalty_undesired_contact_mean,0.0
g1_lafan,4728,4728,9600000,spin-arms--5-l-m,3,penalty_undesired_contact_active_fraction,0.0
g1_lafan,4728,4728,9600000,spin-arms--5-l-m,3,penalty_feet_ori_mean,0.2734885811805725
g1_lafan,4728,4728,9600000,spin-arms--5-l-m,3,penalty_feet_ori_active_fraction,0.9800000190734863
g1_lafan,4728,4728,9600000,spin-arms--5-l-m,3,penalty_ankle_roll_mean,0.13133354485034943
g1_lafan,4728,4728,9600000,spin-arms--5-l-m,3,penalty_ankle_roll_active_fraction,1.0
g1_lafan,4728,4728,9600000,spin-arms--5-l-m,3,penalty_slippage_mean,0.2300475537776947
g1_lafan,4728,4728,9600000,spin-arms--5-l-m,3,penalty_slippage_active_fraction,0.9800000190734863
g1_lafan,4728,4728,9600000,spin-arms--5-l-m,4,return,1.3928945064544678
g1_lafan,4728,4728,9600000,spin-arms--5-l-m,4,auxiliary_cost,1.6356273889541626
g1_lafan,4728,4728,9600000,spin-arms--5-l-m,4,safety_violation_rate,0.9980000257492065
g1_lafan,4728,4728,9600000,spin-arms--5-l-m,4,termination_rate,0.0
g1_lafan,4728,4728,9600000,spin-arms--5-l-m,4,action_l2,2.7558846473693848
g1_lafan,4728,4728,9600000,spin-arms--5-l-m,4,penalty_torques_mean,8205.234375
g1_lafan,4728,4728,9600000,spin-arms--5-l-m,4,penalty_torques_active_fraction,1.0
g1_lafan,4728,4728,9600000,spin-arms--5-l-m,4,penalty_action_rate_mean,2.4818966388702393
g1_lafan,4728,4728,9600000,spin-arms--5-l-m,4,penalty_action_rate_active_fraction,1.0
g1_lafan,4728,4728,9600000,spin-arms--5-l-m,4,limits_dof_pos_mean,0.025406623259186745
g1_lafan,4728,4728,9600000,spin-arms--5-l-m,4,limits_dof_pos_active_fraction,0.9980000257492065
g1_lafan,4728,4728,9600000,spin-arms--5-l-m,4,limits_torque_mean,3.8270931243896484
g1_lafan,4728,4728,9600000,spin-arms--5-l-m,4,limits_torque_active_fraction,0.9920000433921814
g1_lafan,4728,4728,9600000,spin-arms--5-l-m,4,penalty_undesired_contact_mean,0.006000000052154064
g1_lafan,4728,4728,9600000,spin-arms--5-l-m,4,penalty_undesired_contact_active_fraction,0.006000000052154064
g1_lafan,4728,4728,9600000,spin-arms--5-l-m,4,penalty_feet_ori_mean,0.3081378936767578
g1_lafan,4728,4728,9600000,spin-arms--5-l-m,4,penalty_feet_ori_active_fraction,0.9780000448226929
g1_lafan,4728,4728,9600000,spin-arms--5-l-m,4,penalty_ankle_roll_mean,0.13598792254924774
g1_lafan,4728,4728,9600000,spin-arms--5-l-m,4,penalty_ankle_roll_active_fraction,1.0
g1_lafan,4728,4728,9600000,spin-arms--5-l-m,4,penalty_slippage_mean,0.23008215427398682
g1_lafan,4728,4728,9600000,spin-arms--5-l-m,4,penalty_slippage_active_fraction,0.9780000448226929
g1_lafan,4728,4728,9600000,spin-arms--5-l-m,5,return,1.2876721620559692
g1_lafan,4728,4728,9600000,spin-arms--5-l-m,5,auxiliary_cost,1.5959242582321167
g1_lafan,4728,4728,9600000,spin-arms--5-l-m,5,safety_violation_rate,0.9960000514984131
g1_lafan,4728,4728,9600000,spin-arms--5-l-m,5,termination_rate,0.0
g1_lafan,4728,4728,9600000,spin-arms--5-l-m,5,action_l2,2.7640931606292725
g1_lafan,4728,4728,9600000,spin-arms--5-l-m,5,penalty_torques_mean,8631.1103515625
g1_lafan,4728,4728,9600000,spin-arms--5-l-m,5,penalty_torques_active_fraction,1.0
g1_lafan,4728,4728,9600000,spin-arms--5-l-m,5,penalty_action_rate_mean,2.494553327560425
g1_lafan,4728,4728,9600000,spin-arms--5-l-m,5,penalty_action_rate_active_fraction,1.0
g1_lafan,4728,4728,9600000,spin-arms--5-l-m,5,limits_dof_pos_mean,0.02548910304903984
g1_lafan,4728,4728,9600000,spin-arms--5-l-m,5,limits_dof_pos_active_fraction,0.9960000514984131
g1_lafan,4728,4728,9600000,spin-arms--5-l-m,5,limits_torque_mean,3.977888822555542
g1_lafan,4728,4728,9600000,spin-arms--5-l-m,5,limits_torque_active_fraction,0.9960000514984131
g1_lafan,4728,4728,9600000,spin-arms--5-l-m,5,penalty_undesired_contact_mean,0.0
g1_lafan,4728,4728,9600000,spin-arms--5-l-m,5,penalty_undesired_contact_active_fraction,0.0
g1_lafan,4728,4728,9600000,spin-arms--5-l-m,5,penalty_feet_ori_mean,0.24991410970687866
g1_lafan,4728,4728,9600000,spin-arms--5-l-m,5,penalty_feet_ori_active_fraction,0.9740000367164612
g1_lafan,4728,4728,9600000,spin-arms--5-l-m,5,penalty_ankle_roll_mean,0.13284747302532196
g1_lafan,4728,4728,9600000,spin-arms--5-l-m,5,penalty_ankle_roll_active_fraction,1.0
g1_lafan,4728,4728,9600000,spin-arms--5-l-m,5,penalty_slippage_mean,0.23011118173599243
g1_lafan,4728,4728,9600000,spin-arms--5-l-m,5,penalty_slippage_active_fraction,0.9740000367164612
g1_lafan,4728,4728,9600000,spin-arms--5-l-m,6,return,1.4510325193405151
g1_lafan,4728,4728,9600000,spin-arms--5-l-m,6,auxiliary_cost,1.555395245552063
g1_lafan,4728,4728,9600000,spin-arms--5-l-m,6,safety_violation_rate,0.9960000514984131
g1_lafan,4728,4728,9600000,spin-arms--5-l-m,6,termination_rate,0.0
g1_lafan,4728,4728,9600000,spin-arms--5-l-m,6,action_l2,2.7606821060180664
g1_lafan,4728,4728,9600000,spin-arms--5-l-m,6,penalty_torques_mean,8042.181640625
g1_lafan,4728,4728,9600000,spin-arms--5-l-m,6,penalty_torques_active_fraction,1.0
g1_lafan,4728,4728,9600000,spin-arms--5-l-m,6,penalty_action_rate_mean,2.2559309005737305
g1_lafan,4728,4728,9600000,spin-arms--5-l-m,6,penalty_action_rate_active_fraction,1.0
g1_lafan,4728,4728,9600000,spin-arms--5-l-m,6,limits_dof_pos_mean,0.024942545220255852
g1_lafan,4728,4728,9600000,spin-arms--5-l-m,6,limits_dof_pos_active_fraction,0.9960000514984131
g1_lafan,4728,4728,9600000,spin-arms--5-l-m,6,limits_torque_mean,4.0232086181640625
g1_lafan,4728,4728,9600000,spin-arms--5-l-m,6,limits_torque_active_fraction,0.9960000514984131
g1_lafan,4728,4728,9600000,spin-arms--5-l-m,6,penalty_undesired_contact_mean,0.026000000536441803
g1_lafan,4728,4728,9600000,spin-arms--5-l-m,6,penalty_undesired_contact_active_fraction,0.026000000536441803
g1_lafan,4728,4728,9600000,spin-arms--5-l-m,6,penalty_feet_ori_mean,0.26031821966171265
g1_lafan,4728,4728,9600000,spin-arms--5-l-m,6,penalty_feet_ori_active_fraction,0.9860000610351562
g1_lafan,4728,4728,9600000,spin-arms--5-l-m,6,penalty_ankle_roll_mean,0.1342584490776062
g1_lafan,4728,4728,9600000,spin-arms--5-l-m,6,penalty_ankle_roll_active_fraction,1.0
g1_lafan,4728,4728,9600000,spin-arms--5-l-m,6,penalty_slippage_mean,0.20660698413848877
g1_lafan,4728,4728,9600000,spin-arms--5-l-m,6,penalty_slippage_active_fraction,0.9860000610351562
g1_lafan,4728,4728,9600000,spin-arms--5-l-m,7,return,2.2413411140441895
g1_lafan,4728,4728,9600000,spin-arms--5-l-m,7,auxiliary_cost,1.8096380233764648
g1_lafan,4728,4728,9600000,spin-arms--5-l-m,7,safety_violation_rate,1.0
g1_lafan,4728,4728,9600000,spin-arms--5-l-m,7,termination_rate,0.0
g1_lafan,4728,4728,9600000,spin-arms--5-l-m,7,action_l2,2.79380202293396
g1_lafan,4728,4728,9600000,spin-arms--5-l-m,7,penalty_torques_mean,8938.07421875
g1_lafan,4728,4728,9600000,spin-arms--5-l-m,7,penalty_torques_active_fraction,1.0
g1_lafan,4728,4728,9600000,spin-arms--5-l-m,7,penalty_action_rate_mean,3.669114828109741
g1_lafan,4728,4728,9600000,spin-arms--5-l-m,7,penalty_action_rate_active_fraction,1.0
g1_lafan,4728,4728,9600000,spin-arms--5-l-m,7,limits_dof_pos_mean,0.026945343241095543
g1_lafan,4728,4728,9600000,spin-arms--5-l-m,7,limits_dof_pos_active_fraction,1.0
g1_lafan,4728,4728,9600000,spin-arms--5-l-m,7,limits_torque_mean,4.261524677276611
g1_lafan,4728,4728,9600000,spin-arms--5-l-m,7,limits_torque_active_fraction,0.9980000257492065
g1_lafan,4728,4728,9600000,spin-arms--5-l-m,7,penalty_undesired_contact_mean,0.03800000250339508
g1_lafan,4728,4728,9600000,spin-arms--5-l-m,7,penalty_undesired_contact_active_fraction,0.03800000250339508
g1_lafan,4728,4728,9600000,spin-arms--5-l-m,7,penalty_feet_ori_mean,0.29055583477020264
g1_lafan,4728,4728,9600000,spin-arms--5-l-m,7,penalty_feet_ori_active_fraction,0.9340000152587891
g1_lafan,4728,4728,9600000,spin-arms--5-l-m,7,penalty_ankle_roll_mean,0.13362768292427063
g1_lafan,4728,4728,9600000,spin-arms--5-l-m,7,penalty_ankle_roll_active_fraction,1.0
g1_lafan,4728,4728,9600000,spin-arms--5-l-m,7,penalty_slippage_mean,0.24227023124694824
g1_lafan,4728,4728,9600000,spin-arms--5-l-m,7,penalty_slippage_active_fraction,0.9340000152587891
g1_lafan,4728,4728,9600000,spin-arms--5-l-m,8,return,1.0206615924835205
g1_lafan,4728,4728,9600000,spin-arms--5-l-m,8,auxiliary_cost,1.950353741645813
g1_lafan,4728,4728,9600000,spin-arms--5-l-m,8,safety_violation_rate,0.9980000257492065
g1_lafan,4728,4728,9600000,spin-arms--5-l-m,8,termination_rate,0.0
g1_lafan,4728,4728,9600000,spin-arms--5-l-m,8,action_l2,2.8331642150878906
g1_lafan,4728,4728,9600000,spin-arms--5-l-m,8,penalty_torques_mean,9756.1884765625
g1_lafan,4728,4728,9600000,spin-arms--5-l-m,8,penalty_torques_active_fraction,1.0
g1_lafan,4728,4728,9600000,spin-arms--5-l-m,8,penalty_action_rate_mean,4.106064796447754
g1_lafan,4728,4728,9600000,spin-arms--5-l-m,8,penalty_action_rate_active_fraction,1.0
g1_lafan,4728,4728,9600000,spin-arms--5-l-m,8,limits_dof_pos_mean,0.027240904048085213
g1_lafan,4728,4728,9600000,spin-arms--5-l-m,8,limits_dof_pos_active_fraction,0.9980000257492065
g1_lafan,4728,4728,9600000,spin-arms--5-l-m,8,limits_torque_mean,4.339484691619873
g1_lafan,4728,4728,9600000,spin-arms--5-l-m,8,limits_torque_active_fraction,0.9960000514984131
g1_lafan,4728,4728,9600000,spin-arms--5-l-m,8,penalty_undesired_contact_mean,0.052000001072883606
g1_lafan,4728,4728,9600000,spin-arms--5-l-m,8,penalty_undesired_contact_active_fraction,0.052000001072883606
g1_lafan,4728,4728,9600000,spin-arms--5-l-m,8,penalty_feet_ori_mean,0.2706782817840576
g1_lafan,4728,4728,9600000,spin-arms--5-l-m,8,penalty_feet_ori_active_fraction,0.940000057220459
g1_lafan,4728,4728,9600000,spin-arms--5-l-m,8,penalty_ankle_roll_mean,0.13134370744228363
g1_lafan,4728,4728,9600000,spin-arms--5-l-m,8,penalty_ankle_roll_active_fraction,1.0
g1_lafan,4728,4728,9600000,spin-arms--5-l-m,8,penalty_slippage_mean,0.29084572196006775
g1_lafan,4728,4728,9600000,spin-arms--5-l-m,8,penalty_slippage_active_fraction,0.940000057220459
g1_lafan,4728,4728,9600000,spin-arms--5-l-m,9,return,1.6246827840805054
g1_lafan,4728,4728,9600000,spin-arms--5-l-m,9,auxiliary_cost,1.7450764179229736
g1_lafan,4728,4728,9600000,spin-arms--5-l-m,9,safety_violation_rate,1.0
g1_lafan,4728,4728,9600000,spin-arms--5-l-m,9,termination_rate,0.0
g1_lafan,4728,4728,9600000,spin-arms--5-l-m,9,action_l2,2.7895312309265137
g1_lafan,4728,4728,9600000,spin-arms--5-l-m,9,penalty_torques_mean,9699.2509765625
g1_lafan,4728,4728,9600000,spin-arms--5-l-m,9,penalty_torques_active_fraction,1.0
g1_lafan,4728,4728,9600000,spin-arms--5-l-m,9,penalty_action_rate_mean,3.333585739135742
g1_lafan,4728,4728,9600000,spin-arms--5-l-m,9,penalty_action_rate_active_fraction,1.0
g1_lafan,4728,4728,9600000,spin-arms--5-l-m,9,limits_dof_pos_mean,0.02622717060148716
g1_lafan,4728,4728,9600000,spin-arms--5-l-m,9,limits_dof_pos_active_fraction,1.0
g1_lafan,4728,4728,9600000,spin-arms--5-l-m,9,limits_torque_mean,4.51273250579834
g1_lafan,4728,4728,9600000,spin-arms--5-l-m,9,limits_torque_active_fraction,0.9980000257492065
g1_lafan,4728,4728,9600000,spin-arms--5-l-m,9,penalty_undesired_contact_mean,0.00800000037997961
g1_lafan,4728,4728,9600000,spin-arms--5-l-m,9,penalty_undesired_contact_active_fraction,0.00800000037997961
g1_lafan,4728,4728,9600000,spin-arms--5-l-m,9,penalty_feet_ori_mean,0.2640009820461273
g1_lafan,4728,4728,9600000,spin-arms--5-l-m,9,penalty_feet_ori_active_fraction,0.9620000720024109
g1_lafan,4728,4728,9600000,spin-arms--5-l-m,9,penalty_ankle_roll_mean,0.13104097545146942
g1_lafan,4728,4728,9600000,spin-arms--5-l-m,9,penalty_ankle_roll_active_fraction,1.0
g1_lafan,4728,4728,9600000,spin-arms--5-l-m,9,penalty_slippage_mean,0.25584107637405396
g1_lafan,4728,4728,9600000,spin-arms--5-l-m,9,penalty_slippage_active_fraction,0.9620000720024109
g1_lafan,4728,4728,9600000,spin-arms-5-m-l,0,return,2.425755023956299
g1_lafan,4728,4728,9600000,spin-arms-5-m-l,0,auxiliary_cost,2.0976486206054688
g1_lafan,4728,4728,9600000,spin-arms-5-m-l,0,safety_violation_rate,1.0
g1_lafan,4728,4728,9600000,spin-arms-5-m-l,0,termination_rate,0.0
g1_lafan,4728,4728,9600000,spin-arms-5-m-l,0,action_l2,2.7017908096313477
g1_lafan,4728,4728,9600000,spin-arms-5-m-l,0,penalty_torques_mean,8334.8955078125
g1_lafan,4728,4728,9600000,spin-arms-5-m-l,0,penalty_torques_active_fraction,1.0
g1_lafan,4728,4728,9600000,spin-arms-5-m-l,0,penalty_action_rate_mean,3.7777786254882812
g1_lafan,4728,4728,9600000,spin-arms-5-m-l,0,penalty_action_rate_active_fraction,1.0
g1_lafan,4728,4728,9600000,spin-arms-5-m-l,0,limits_dof_pos_mean,0.025745494291186333
g1_lafan,4728,4728,9600000,spin-arms-5-m-l,0,limits_dof_pos_active_fraction,1.0
g1_lafan,4728,4728,9600000,spin-arms-5-m-l,0,limits_torque_mean,4.4156999588012695
g1_lafan,4728,4728,9600000,spin-arms-5-m-l,0,limits_torque_active_fraction,0.9980000257492065
g1_lafan,4728,4728,9600000,spin-arms-5-m-l,0,penalty_undesired_contact_mean,0.2760000228881836
g1_lafan,4728,4728,9600000,spin-arms-5-m-l,0,penalty_undesired_contact_active_fraction,0.2760000228881836
g1_lafan,4728,4728,9600000,spin-arms-5-m-l,0,penalty_feet_ori_mean,0.2054392397403717
g1_lafan,4728,4728,9600000,spin-arms-5-m-l,0,penalty_feet_ori_active_fraction,0.9660000205039978
g1_lafan,4728,4728,9600000,spin-arms-5-m-l,0,penalty_ankle_roll_mean,0.13280442357063293
g1_lafan,4728,4728,9600000,spin-arms-5-m-l,0,penalty_ankle_roll_active_fraction,1.0
g1_lafan,4728,4728,9600000,spin-arms-5-m-l,0,penalty_slippage_mean,0.2865113914012909
g1_lafan,4728,4728,9600000,spin-arms-5-m-l,0,penalty_slippage_active_fraction,0.9660000205039978
g1_lafan,4728,4728,9600000,spin-arms-5-m-l,1,return,0.5022156834602356
g1_lafan,4728,4728,9600000,spin-arms-5-m-l,1,auxiliary_cost,1.8042553663253784
g1_lafan,4728,4728,9600000,spin-arms-5-m-l,1,safety_violation_rate,1.0
g1_lafan,4728,4728,9600000,spin-arms-5-m-l,1,termination_rate,0.0
g1_lafan,4728,4728,9600000,spin-arms-5-m-l,1,action_l2,2.643150806427002
g1_lafan,4728,4728,9600000,spin-arms-5-m-l,1,penalty_torques_mean,7815.22607421875
g1_lafan,4728,4728,9600000,spin-arms-5-m-l,1,penalty_torques_active_fraction,1.0
g1_lafan,4728,4728,9600000,spin-arms-5-m-l,1,penalty_action_rate_mean,2.6101601123809814
g1_lafan,4728,4728,9600000,spin-arms-5-m-l,1,penalty_action_rate_active_fraction,1.0
g1_lafan,4728,4728,9600000,spin-arms-5-m-l,1,limits_dof_pos_mean,0.024723239243030548
g1_lafan,4728,4728,9600000,spin-arms-5-m-l,1,limits_dof_pos_active_fraction,1.0
g1_lafan,4728,4728,9600000,spin-arms-5-m-l,1,limits_torque_mean,4.303618431091309
g1_lafan,4728,4728,9600000,spin-arms-5-m-l,1,limits_torque_active_fraction,0.9900000691413879
g1_lafan,4728,4728,9600000,spin-arms-5-m-l,1,penalty_undesired_contact_mean,0.15800000727176666
g1_lafan,4728,4728,9600000,spin-arms-5-m-l,1,penalty_undesired_contact_active_fraction,0.15800000727176666
g1_lafan,4728,4728,9600000,spin-arms-5-m-l,1,penalty_feet_ori_mean,0.2644858658313751
g1_lafan,4728,4728,9600000,spin-arms-5-m-l,1,penalty_feet_ori_active_fraction,0.984000027179718
g1_lafan,4728,4728,9600000,spin-arms-5-m-l,1,penalty_ankle_roll_mean,0.13313378393650055
g1_lafan,4728,4728,9600000,spin-arms-5-m-l,1,penalty_ankle_roll_active_fraction,1.0
g1_lafan,4728,4728,9600000,spin-arms-5-m-l,1,penalty_slippage_mean,0.24983802437782288
g1_lafan,4728,4728,9600000,spin-arms-5-m-l,1,penalty_slippage_active_fraction,0.984000027179718
g1_lafan,4728,4728,9600000,spin-arms-5-m-l,2,return,1.2935363054275513
g1_lafan,4728,4728,9600000,spin-arms-5-m-l,2,auxiliary_cost,2.153149127960205
g1_lafan,4728,4728,9600000,spin-arms-5-m-l,2,safety_violation_rate,1.0
g1_lafan,4728,4728,9600000,spin-arms-5-m-l,2,termination_rate,0.0
g1_lafan,4728,4728,9600000,spin-arms-5-m-l,2,action_l2,2.753730297088623
g1_lafan,4728,4728,9600000,spin-arms-5-m-l,2,penalty_torques_mean,8671.998046875
g1_lafan,4728,4728,9600000,spin-arms-5-m-l,2,penalty_torques_active_fraction,1.0
g1_lafan,4728,4728,9600000,spin-arms-5-m-l,2,penalty_action_rate_mean,3.4281532764434814
g1_lafan,4728,4728,9600000,spin-arms-5-m-l,2,penalty_action_rate_active_fraction,1.0
g1_lafan,4728,4728,9600000,spin-arms-5-m-l,2,limits_dof_pos_mean,0.028679134324193
g1_lafan,4728,4728,9600000,spin-arms-5-m-l,2,limits_dof_pos_active_fraction,1.0
g1_lafan,4728,4728,9600000,spin-arms-5-m-l,2,limits_torque_mean,4.739062786102295
g1_lafan,4728,4728,9600000,spin-arms-5-m-l,2,limits_torque_active_fraction,1.0
g1_lafan,4728,4728,9600000,spin-arms-5-m-l,2,penalty_undesired_contact_mean,0.328000009059906
g1_lafan,4728,4728,9600000,spin-arms-5-m-l,2,penalty_undesired_contact_active_fraction,0.328000009059906
g1_lafan,4728,4728,9600000,spin-arms-5-m-l,2,penalty_feet_ori_mean,0.2425002008676529
g1_lafan,4728,4728,9600000,spin-arms-5-m-l,2,penalty_feet_ori_active_fraction,0.9200000166893005
g1_lafan,4728,4728,9600000,spin-arms-5-m-l,2,penalty_ankle_roll_mean,0.13368144631385803
g1_lafan,4728,4728,9600000,spin-arms-5-m-l,2,penalty_ankle_roll_active_fraction,1.0
g1_lafan,4728,4728,9600000,spin-arms-5-m-l,2,penalty_slippage_mean,0.2819082736968994
g1_lafan,4728,4728,9600000,spin-arms-5-m-l,2,penalty_slippage_active_fraction,0.9200000166893005
g1_lafan,4728,4728,9600000,spin-arms-5-m-l,3,return,0.06843873113393784
g1_lafan,4728,4728,9600000,spin-arms-5-m-l,3,auxiliary_cost,2.8690738677978516
g1_lafan,4728,4728,9600000,spin-arms-5-m-l,3,safety_violation_rate,1.0
g1_lafan,4728,4728,9600000,spin-arms-5-m-l,3,termination_rate,0.0
g1_lafan,4728,4728,9600000,spin-arms-5-m-l,3,action_l2,3.115008592605591
g1_lafan,4728,4728,9600000,spin-arms-5-m-l,3,penalty_torques_mean,5668.72705078125
g1_lafan,4728,4728,9600000,spin-arms-5-m-l,3,penalty_torques_active_fraction,1.0
g1_lafan,4728,4728,9600000,spin-arms-5-m-l,3,penalty_action_rate_mean,1.8637727499008179
g1_lafan,4728,4728,9600000,spin-arms-5-m-l,3,penalty_action_rate_active_fraction,1.0
g1_lafan,4728,4728,9600000,spin-arms-5-m-l,3,limits_dof_pos_mean,0.03212207555770874
g1_lafan,4728,4728,9600000,spin-arms-5-m-l,3,limits_dof_pos_active_fraction,1.0
g1_lafan,4728,4728,9600000,spin-arms-5-m-l,3,limits_torque_mean,4.972541332244873
g1_lafan,4728,4728,9600000,spin-arms-5-m-l,3,limits_torque_active_fraction,0.9980000257492065
g1_lafan,4728,4728,9600000,spin-arms-5-m-l,3,penalty_undesired_contact_mean,0.9580000638961792
g1_lafan,4728,4728,9600000,spin-arms-5-m-l,3,penalty_undesired_contact_active_fraction,0.9580000638961792
g1_lafan,4728,4728,9600000,spin-arms-5-m-l,3,penalty_feet_ori_mean,1.6480363607406616
g1_lafan,4728,4728,9600000,spin-arms-5-m-l,3,penalty_feet_ori_active_fraction,0.984000027179718
g1_lafan,4728,4728,9600000,spin-arms-5-m-l,3,penalty_ankle_roll_mean,0.13682948052883148
g1_lafan,4728,4728,9600000,spin-arms-5-m-l,3,penalty_ankle_roll_active_fraction,1.0
g1_lafan,4728,4728,9600000,spin-arms-5-m-l,3,penalty_slippage_mean,0.09847258776426315
g1_lafan,4728,4728,9600000,spin-arms-5-m-l,3,penalty_slippage_active_fraction,0.984000027179718
g1_lafan,4728,4728,9600000,spin-arms-5-m-l,4,return,1.108819603919983
g1_lafan,4728,4728,9600000,spin-arms-5-m-l,4,auxiliary_cost,1.9440526962280273
g1_lafan,4728,4728,9600000,spin-arms-5-m-l,4,safety_violation_rate,1.0
g1_lafan,4728,4728,9600000,spin-arms-5-m-l,4,termination_rate,0.0
g1_lafan,4728,4728,9600000,spin-arms-5-m-l,4,action_l2,2.6452701091766357
g1_lafan,4728,4728,9600000,spin-arms-5-m-l,4,penalty_torques_mean,7711.58740234375
g1_lafan,4728,4728,9600000,spin-arms-5-m-l,4,penalty_torques_active_fraction,1.0
g1_lafan,4728,4728,9600000,spin-arms-5-m-l,4,penalty_action_rate_mean,2.5761263370513916
g1_lafan,4728,4728,9600000,spin-arms-5-m-l,4,penalty_action_rate_active_fraction,1.0
g1_lafan,4728,4728,9600000,spin-arms-5-m-l,4,limits_dof_pos_mean,0.024851063266396523
g1_lafan,4728,4728,9600000,spin-arms-5-m-l,4,limits_dof_pos_active_fraction,1.0
g1_lafan,4728,4728,9600000,spin-arms-5-m-l,4,limits_torque_mean,4.384751319885254
g1_lafan,4728,4728,9600000,spin-arms-5-m-l,4,limits_torque_active_fraction,1.0
g1_lafan,4728,4728,9600000,spin-arms-5-m-l,4,penalty_undesired_contact_mean,0.23200000822544098
g1_lafan,4728,4728,9600000,spin-arms-5-m-l,4,penalty_undesired_contact_active_fraction,0.23200000822544098
g1_lafan,4728,4728,9600000,spin-arms-5-m-l,4,penalty_feet_ori_mean,0.2733592092990875
g1_lafan,4728,4728,9600000,spin-arms-5-m-l,4,penalty_feet_ori_active_fraction,0.9800000190734863
g1_lafan,4728,4728,9600000,spin-arms-5-m-l,4,penalty_ankle_roll_mean,0.133961021900177
g1_lafan,4728,4728,9600000,spin-arms-5-m-l,4,penalty_ankle_roll_active_fraction,1.0
g1_lafan,4728,4728,9600000,spin-arms-5-m-l,4,penalty_slippage_mean,0.28037068247795105
g1_lafan,4728,4728,9600000,spin-arms-5-m-l,4,penalty_slippage_active_fraction,0.9800000190734863
g1_lafan,4728,4728,9600000,spin-arms-5-m-l,5,return,1.1314568519592285
g1_lafan,4728,4728,9600000,spin-arms-5-m-l,5,auxiliary_cost,3.541022777557373
g1_lafan,4728,4728,9600000,spin-arms-5-m-l,5,safety_violation_rate,1.0
g1_lafan,4728,4728,9600000,spin-arms-5-m-l,5,termination_rate,0.0
g1_lafan,4728,4728,9600000,spin-arms-5-m-l,5,action_l2,3.770733594894409
g1_lafan,4728,4728,9600000,spin-arms-5-m-l,5,penalty_torques_mean,11449.44140625
g1_lafan,4728,4728,9600000,spin-arms-5-m-l,5,penalty_torques_active_fraction,1.0
g1_lafan,4728,4728,9600000,spin-arms-5-m-l,5,penalty_action_rate_mean,2.5020225048065186
g1_lafan,4728,4728,9600000,spin-arms-5-m-l,5,penalty_action_rate_active_fraction,1.0
g1_lafan,4728,4728,9600000,spin-arms-5-m-l,5,limits_dof_pos_mean,0.1371627151966095
g1_lafan,4728,4728,9600000,spin-arms-5-m-l,5,limits_dof_pos_active_fraction,1.0
g1_lafan,4728,4728,9600000,spin-arms-5-m-l,5,limits_torque_mean,5.910290718078613
g1_lafan,4728,4728,9600000,spin-arms-5-m-l,5,limits_torque_active_fraction,0.9980000257492065
g1_lafan,4728,4728,9600000,spin-arms-5-m-l,5,penalty_undesired_contact_mean,0.7460000514984131
g1_lafan,4728,4728,9600000,spin-arms-5-m-l,5,penalty_undesired_contact_active_fraction,0.7460000514984131
g1_lafan,4728,4728,9600000,spin-arms-5-m-l,5,penalty_feet_ori_mean,0.827461302280426
g1_lafan,4728,4728,9600000,spin-arms-5-m-l,5,penalty_feet_ori_active_fraction,0.940000057220459
g1_lafan,4728,4728,9600000,spin-arms-5-m-l,5,penalty_ankle_roll_mean,0.13597288727760315
g1_lafan,4728,4728,9600000,spin-arms-5-m-l,5,penalty_ankle_roll_active_fraction,1.0
g1_lafan,4728,4728,9600000,spin-arms-5-m-l,5,penalty_slippage_mean,0.14915846288204193
g1_lafan,4728,4728,9600000,spin-arms-5-m-l,5,penalty_slippage_active_fraction,0.940000057220459
g1_lafan,4728,4728,9600000,spin-arms-5-m-l,6,return,1.8046338558197021
g1_lafan,4728,4728,9600000,spin-arms-5-m-l,6,auxiliary_cost,2.190059185028076
g1_lafan,4728,4728,9600000,spin-arms-5-m-l,6,safety_violation_rate,1.0
g1_lafan,4728,4728,9600000,spin-arms-5-m-l,6,termination_rate,0.0
g1_lafan,4728,4728,9600000,spin-arms-5-m-l,6,action_l2,2.7489373683929443
g1_lafan,4728,4728,9600000,spin-arms-5-m-l,6,penalty_torques_mean,8743.0556640625
g1_lafan,4728,4728,9600000,spin-arms-5-m-l,6,penalty_torques_active_fraction,1.0
g1_lafan,4728,4728,9600000,spin-arms-5-m-l,6,penalty_action_rate_mean,3.806947946548462
g1_lafan,4728,4728,9600000,spin-arms-5-m-l,6,penalty_action_rate_active_fraction,1.0
g1_lafan,4728,4728,9600000,spin-arms-5-m-l,6,limits_dof_pos_mean,0.027189217507839203
g1_lafan,4728,4728,9600000,spin-arms-5-m-l,6,limits_dof_pos_active_fraction,1.0
g1_lafan,4728,4728,9600000,spin-arms-5-m-l,6,limits_torque_mean,4.627490997314453
g1_lafan,4728,4728,9600000,spin-arms-5-m-l,6,limits_torque_active_fraction,1.0
g1_lafan,4728,4728,9600000,spin-arms-5-m-l,6,penalty_undesired_contact_mean,0.3060000240802765
g1_lafan,4728,4728,9600000,spin-arms-5-m-l,6,penalty_undesired_contact_active_fraction,0.3060000240802765
g1_lafan,4728,4728,9600000,spin-arms-5-m-l,6,penalty_feet_ori_mean,0.28906750679016113
g1_lafan,4728,4728,9600000,spin-arms-5-m-l,6,penalty_feet_ori_active_fraction,0.9100000262260437
g1_lafan,4728,4728,9600000,spin-arms-5-m-l,6,penalty_ankle_roll_mean,0.13358305394649506
g1_lafan,4728,4728,9600000,spin-arms-5-m-l,6,penalty_ankle_roll_active_fraction,1.0
g1_lafan,4728,4728,9600000,spin-arms-5-m-l,6,penalty_slippage_mean,0.29075607657432556
g1_lafan,4728,4728,9600000,spin-arms-5-m-l,6,penalty_slippage_active_fraction,0.9100000262260437
g1_lafan,4728,4728,9600000,spin-arms-5-m-l,7,return,2.167861223220825
g1_lafan,4728,4728,9600000,spin-arms-5-m-l,7,auxiliary_cost,1.9595670700073242
g1_lafan,4728,4728,9600000,spin-arms-5-m-l,7,safety_violation_rate,0.9980000257492065
g1_lafan,4728,4728,9600000,spin-arms-5-m-l,7,termination_rate,0.0
g1_lafan,4728,4728,9600000,spin-arms-5-m-l,7,action_l2,2.6665613651275635
g1_lafan,4728,4728,9600000,spin-arms-5-m-l,7,penalty_torques_mean,8065.0
g1_lafan,4728,4728,9600000,spin-arms-5-m-l,7,penalty_torques_active_fraction,1.0
g1_lafan,4728,4728,9600000,spin-arms-5-m-l,7,penalty_action_rate_mean,3.189020872116089
g1_lafan,4728,4728,9600000,spin-arms-5-m-l,7,penalty_action_rate_active_fraction,1.0
g1_lafan,4728,4728,9600000,spin-arms-5-m-l,7,limits_dof_pos_mean,0.024530289694666862
g1_lafan,4728,4728,9600000,spin-arms-5-m-l,7,limits_dof_pos_active_fraction,0.9980000257492065
g1_lafan,4728,4728,9600000,spin-arms-5-m-l,7,limits_torque_mean,4.408000469207764
g1_lafan,4728,4728,9600000,spin-arms-5-m-l,7,limits_torque_active_fraction,0.9960000514984131
g1_lafan,4728,4728,9600000,spin-arms-5-m-l,7,penalty_undesired_contact_mean,0.2120000123977661
g1_lafan,4728,4728,9600000,spin-arms-5-m-l,7,penalty_undesired_contact_active_fraction,0.2120000123977661
g1_lafan,4728,4728,9600000,spin-arms-5-m-l,7,penalty_feet_ori_mean,0.22197818756103516
g1_lafan,4728,4728,9600000,spin-arms-5-m-l,7,penalty_feet_ori_active_fraction,0.9640000462532043
g1_lafan,4728,4728,9600000,spin-arms-5-m-l,7,penalty_ankle_roll_mean,0.1326870322227478
g1_lafan,4728,4728,9600000,spin-arms-5-m-l,7,penalty_ankle_roll_active_fraction,1.0
g1_lafan,4728,4728,9600000,spin-arms-5-m-l,7,penalty_slippage_mean,0.28191182017326355
g1_lafan,4728,4728,9600000,spin-arms-5-m-l,7,penalty_slippage_active_fraction,0.9640000462532043
g1_lafan,4728,4728,9600000,spin-arms-5-m-l,8,return,1.3106480836868286
g1_lafan,4728,4728,9600000,spin-arms-5-m-l,8,auxiliary_cost,1.8742854595184326
g1_lafan,4728,4728,9600000,spin-arms-5-m-l,8,safety_violation_rate,1.0
g1_lafan,4728,4728,9600000,spin-arms-5-m-l,8,termination_rate,0.0
g1_lafan,4728,4728,9600000,spin-arms-5-m-l,8,action_l2,2.635472536087036
g1_lafan,4728,4728,9600000,spin-arms-5-m-l,8,penalty_torques_mean,7535.19384765625
g1_lafan,4728,4728,9600000,spin-arms-5-m-l,8,penalty_torques_active_fraction,1.0
g1_lafan,4728,4728,9600000,spin-arms-5-m-l,8,penalty_action_rate_mean,2.7945895195007324
g1_lafan,4728,4728,9600000,spin-arms-5-m-l,8,penalty_action_rate_active_fraction,1.0
g1_lafan,4728,4728,9600000,spin-arms-5-m-l,8,limits_dof_pos_mean,0.02441573515534401
g1_lafan,4728,4728,9600000,spin-arms-5-m-l,8,limits_dof_pos_active_fraction,1.0
g1_lafan,4728,4728,9600000,spin-arms-5-m-l,8,limits_torque_mean,4.257401466369629
g1_lafan,4728,4728,9600000,spin-arms-5-m-l,8,limits_torque_active_fraction,0.9960000514984131
g1_lafan,4728,4728,9600000,spin-arms-5-m-l,8,penalty_undesired_contact_mean,0.29200002551078796
g1_lafan,4728,4728,9600000,spin-arms-5-m-l,8,penalty_undesired_contact_active_fraction,0.29200002551078796
g1_lafan,4728,4728,9600000,spin-arms-5-m-l,8,penalty_feet_ori_mean,0.18161605298519135
g1_lafan,4728,4728,9600000,spin-arms-5-m-l,8,penalty_feet_ori_active_fraction,0.9740000367164612
g1_lafan,4728,4728,9600000,spin-arms-5-m-l,8,penalty_ankle_roll_mean,0.1328403651714325
g1_lafan,4728,4728,9600000,spin-arms-5-m-l,8,penalty_ankle_roll_active_fraction,1.0
g1_lafan,4728,4728,9600000,spin-arms-5-m-l,8,penalty_slippage_mean,0.2273302972316742
g1_lafan,4728,4728,9600000,spin-arms-5-m-l,8,penalty_slippage_active_fraction,0.9740000367164612
g1_lafan,4728,4728,9600000,spin-arms-5-m-l,9,return,1.2693734169006348
g1_lafan,4728,4728,9600000,spin-arms-5-m-l,9,auxiliary_cost,2.138887405395508
g1_lafan,4728,4728,9600000,spin-arms-5-m-l,9,safety_violation_rate,1.0
g1_lafan,4728,4728,9600000,spin-arms-5-m-l,9,termination_rate,0.0
g1_lafan,4728,4728,9600000,spin-arms-5-m-l,9,action_l2,2.6953446865081787
g1_lafan,4728,4728,9600000,spin-arms-5-m-l,9,penalty_torques_mean,8969.462890625
g1_lafan,4728,4728,9600000,spin-arms-5-m-l,9,penalty_torques_active_fraction,1.0
g1_lafan,4728,4728,9600000,spin-arms-5-m-l,9,penalty_action_rate_mean,3.8927063941955566
g1_lafan,4728,4728,9600000,spin-arms-5-m-l,9,penalty_action_rate_active_fraction,1.0
g1_lafan,4728,4728,9600000,spin-arms-5-m-l,9,limits_dof_pos_mean,0.027283234521746635
g1_lafan,4728,4728,9600000,spin-arms-5-m-l,9,limits_dof_pos_active_fraction,1.0
g1_lafan,4728,4728,9600000,spin-arms-5-m-l,9,limits_torque_mean,4.615321636199951
g1_lafan,4728,4728,9600000,spin-arms-5-m-l,9,limits_torque_active_fraction,1.0
g1_lafan,4728,4728,9600000,spin-arms-5-m-l,9,penalty_undesired_contact_mean,0.28600001335144043
g1_lafan,4728,4728,9600000,spin-arms-5-m-l,9,penalty_undesired_contact_active_fraction,0.28600001335144043
g1_lafan,4728,4728,9600000,spin-arms-5-m-l,9,penalty_feet_ori_mean,0.2717811167240143
g1_lafan,4728,4728,9600000,spin-arms-5-m-l,9,penalty_feet_ori_active_fraction,0.9540000557899475
g1_lafan,4728,4728,9600000,spin-arms-5-m-l,9,penalty_ankle_roll_mean,0.13361215591430664
g1_lafan,4728,4728,9600000,spin-arms-5-m-l,9,penalty_ankle_roll_active_fraction,1.0
g1_lafan,4728,4728,9600000,spin-arms-5-m-l,9,penalty_slippage_mean,0.2738116979598999
g1_lafan,4728,4728,9600000,spin-arms-5-m-l,9,penalty_slippage_active_fraction,0.9540000557899475
g1_lafan,4728,4728,9600000,spin-arms--5-m-l,0,return,5.214447975158691
g1_lafan,4728,4728,9600000,spin-arms--5-m-l,0,auxiliary_cost,1.6767444610595703
g1_lafan,4728,4728,9600000,spin-arms--5-m-l,0,safety_violation_rate,0.9960000514984131
g1_lafan,4728,4728,9600000,spin-arms--5-m-l,0,termination_rate,0.0
g1_lafan,4728,4728,9600000,spin-arms--5-m-l,0,action_l2,2.7090489864349365
g1_lafan,4728,4728,9600000,spin-arms--5-m-l,0,penalty_torques_mean,8021.8505859375
g1_lafan,4728,4728,9600000,spin-arms--5-m-l,0,penalty_torques_active_fraction,1.0
g1_lafan,4728,4728,9600000,spin-arms--5-m-l,0,penalty_action_rate_mean,2.7897074222564697
g1_lafan,4728,4728,9600000,spin-arms--5-m-l,0,penalty_action_rate_active_fraction,1.0
g1_lafan,4728,4728,9600000,spin-arms--5-m-l,0,limits_dof_pos_mean,0.024735387414693832
g1_lafan,4728,4728,9600000,spin-arms--5-m-l,0,limits_dof_pos_active_fraction,0.9960000514984131
g1_lafan,4728,4728,9600000,spin-arms--5-m-l,0,limits_torque_mean,3.7611374855041504
g1_lafan,4728,4728,9600000,spin-arms--5-m-l,0,limits_torque_active_fraction,0.9700000286102295
g1_lafan,4728,4728,9600000,spin-arms--5-m-l,0,penalty_undesired_contact_mean,0.006000000052154064
g1_lafan,4728,4728,9600000,spin-arms--5-m-l,0,penalty_undesired_contact_active_fraction,0.006000000052154064
g1_lafan,4728,4728,9600000,spin-arms--5-m-l,0,penalty_feet_ori_mean,0.32137051224708557
g1_lafan,4728,4728,9600000,spin-arms--5-m-l,0,penalty_feet_ori_active_fraction,0.956000030040741
g1_lafan,4728,4728,9600000,spin-arms--5-m-l,0,penalty_ankle_roll_mean,0.13226208090782166
g1_lafan,4728,4728,9600000,spin-arms--5-m-l,0,penalty_ankle_roll_active_fraction,1.0
g1_lafan,4728,4728,9600000,spin-arms--5-m-l,0,penalty_slippage_mean,0.24341155588626862
g1_lafan,4728,4728,9600000,spin-arms--5-m-l,0,penalty_slippage_active_fraction,0.956000030040741
g1_lafan,4728,4728,9600000,spin-arms--5-m-l,1,return,5.625874042510986
g1_lafan,4728,4728,9600000,spin-arms--5-m-l,1,auxiliary_cost,1.6443488597869873
g1_lafan,4728,4728,9600000,spin-arms--5-m-l,1,safety_violation_rate,1.0
g1_lafan,4728,4728,9600000,spin-arms--5-m-l,1,termination_rate,0.0
g1_lafan,4728,4728,9600000,spin-arms--5-m-l,1,action_l2,2.741447925567627
g1_lafan,4728,4728,9600000,spin-arms--5-m-l,1,penalty_torques_mean,7954.14111328125
g1_lafan,4728,4728,9600000,spin-arms--5-m-l,1,penalty_torques_active_fraction,1.0
g1_lafan,4728,4728,9600000,spin-arms--5-m-l,1,penalty_action_rate_mean,2.52724289894104
g1_lafan,4728,4728,9600000,spin-arms--5-m-l,1,penalty_action_rate_active_fraction,1.0
g1_lafan,4728,4728,9600000,spin-arms--5-m-l,1,limits_dof_pos_mean,0.022674178704619408
g1_lafan,4728,4728,9600000,spin-arms--5-m-l,1,limits_dof_pos_active_fraction,0.9980000257492065
g1_lafan,4728,4728,9600000,spin-arms--5-m-l,1,limits_torque_mean,4.034851551055908
g1_lafan,4728,4728,9600000,spin-arms--5-m-l,1,limits_torque_active_fraction,0.9960000514984131
g1_lafan,4728,4728,9600000,spin-arms--5-m-l,1,penalty_undesired_contact_mean,0.010000000707805157
g1_lafan,4728,4728,9600000,spin-arms--5-m-l,1,penalty_undesired_contact_active_fraction,0.010000000707805157
g1_lafan,4728,4728,9600000,spin-arms--5-m-l,1,penalty_feet_ori_mean,0.27516430616378784
g1_lafan,4728,4728,9600000,spin-arms--5-m-l,1,penalty_feet_ori_active_fraction,0.9480000734329224
g1_lafan,4728,4728,9600000,spin-arms--5-m-l,1,penalty_ankle_roll_mean,0.12634001672267914
g1_lafan,4728,4728,9600000,spin-arms--5-m-l,1,penalty_ankle_roll_active_fraction,1.0
g1_lafan,4728,4728,9600000,spin-arms--5-m-l,1,penalty_slippage_mean,0.26972854137420654
g1_lafan,4728,4728,9600000,spin-arms--5-m-l,1,penalty_slippage_active_fraction,0.9480000734329224
g1_lafan,4728,4728,9600000,spin-arms--5-m-l,2,return,2.6116433143615723
g1_lafan,4728,4728,9600000,spin-arms--5-m-l,2,auxiliary_cost,1.8521689176559448
g1_lafan,4728,4728,9600000,spin-arms--5-m-l,2,safety_violation_rate,1.0
g1_lafan,4728,4728,9600000,spin-arms--5-m-l,2,termination_rate,0.0
g1_lafan,4728,4728,9600000,spin-arms--5-m-l,2,action_l2,2.756927967071533
g1_lafan,4728,4728,9600000,spin-arms--5-m-l,2,penalty_torques_mean,8719.146484375
g1_lafan,4728,4728,9600000,spin-arms--5-m-l,2,penalty_torques_active_fraction,1.0
g1_lafan,4728,4728,9600000,spin-arms--5-m-l,2,penalty_action_rate_mean,3.501167058944702
g1_lafan,4728,4728,9600000,spin-arms--5-m-l,2,penalty_action_rate_active_fraction,1.0
g1_lafan,4728,4728,9600000,spin-arms--5-m-l,2,limits_dof_pos_mean,0.02694765292108059
g1_lafan,4728,4728,9600000,spin-arms--5-m-l,2,limits_dof_pos_active_fraction,1.0
g1_lafan,4728,4728,9600000,spin-arms--5-m-l,2,limits_torque_mean,3.587207317352295
g1_lafan,4728,4728,9600000,spin-arms--5-m-l,2,limits_torque_active_fraction,0.968000054359436
g1_lafan,4728,4728,9600000,spin-arms--5-m-l,2,penalty_undesired_contact_mean,0.04000000283122063
g1_lafan,4728,4728,9600000,spin-arms--5-m-l,2,penalty_undesired_contact_active_fraction,0.04000000283122063
g1_lafan,4728,4728,9600000,spin-arms--5-m-l,2,penalty_feet_ori_mean,0.3414771556854248
g1_lafan,4728,4728,9600000,spin-arms--5-m-l,2,penalty_feet_ori_active_fraction,0.9260000586509705
g1_lafan,4728,4728,9600000,spin-arms--5-m-l,2,penalty_ankle_roll_mean,0.1326986700296402
g1_lafan,4728,4728,9600000,spin-arms--5-m-l,2,penalty_ankle_roll_active_fraction,1.0
g1_lafan,4728,4728,9600000,spin-arms--5-m-l,2,penalty_slippage_mean,0.26259490847587585
g1_lafan,4728,4728,9600000,spin-arms--5-m-l,2,penalty_slippage_active_fraction,0.9260000586509705
g1_lafan,4728,4728,9600000,spin-arms--5-m-l,3,return,3.466791868209839
g1_lafan,4728,4728,9600000,spin-arms--5-m-l,3,auxiliary_cost,1.5434781312942505
g1_lafan,4728,4728,9600000,spin-arms--5-m-l,3,safety_violation_rate,1.0
g1_lafan,4728,4728,9600000,spin-arms--5-m-l,3,termination_rate,0.0
g1_lafan,4728,4728,9600000,spin-arms--5-m-l,3,action_l2,2.6925864219665527
g1_lafan,4728,4728,9600000,spin-arms--5-m-l,3,penalty_torques_mean,7486.29736328125
g1_lafan,4728,4728,9600000,spin-arms--5-m-l,3,penalty_torques_active_fraction,1.0
g1_lafan,4728,4728,9600000,spin-arms--5-m-l,3,penalty_action_rate_mean,2.3425707817077637
g1_lafan,4728,4728,9600000,spin-arms--5-m-l,3,penalty_action_rate_active_fraction,1.0
g1_lafan,4728,4728,9600000,spin-arms--5-m-l,3,limits_dof_pos_mean,0.023134853690862656
g1_lafan,4728,4728,9600000,spin-arms--5-m-l,3,limits_dof_pos_active_fraction,1.0
g1_lafan,4728,4728,9600000,spin-arms--5-m-l,3,limits_torque_mean,3.4182469844818115
g1_lafan,4728,4728,9600000,spin-arms--5-m-l,3,limits_torque_active_fraction,0.9520000219345093
g1_lafan,4728,4728,9600000,spin-arms--5-m-l,3,penalty_undesired_contact_mean,0.0
g1_lafan,4728,4728,9600000,spin-arms--5-m-l,3,penalty_undesired_contact_active_fraction,0.0
g1_lafan,4728,4728,9600000,spin-arms--5-m-l,3,penalty_feet_ori_mean,0.2540854215621948
g1_lafan,4728,4728,9600000,spin-arms--5-m-l,3,penalty_feet_ori_active_fraction,0.9640000462532043
g1_lafan,4728,4728,9600000,spin-arms--5-m-l,3,penalty_ankle_roll_mean,0.12676061689853668
g1_lafan,4728,4728,9600000,spin-arms--5-m-l,3,penalty_ankle_roll_active_fraction,1.0
g1_lafan,4728,4728,9600000,spin-arms--5-m-l,3,penalty_slippage_mean,0.23459786176681519
g1_lafan,4728,4728,9600000,spin-arms--5-m-l,3,penalty_slippage_active_fraction,0.9640000462532043
g1_lafan,4728,4728,9600000,spin-arms--5-m-l,4,return,7.0966668128967285
g1_lafan,4728,4728,9600000,spin-arms--5-m-l,4,auxiliary_cost,1.6308555603027344
g1_lafan,4728,4728,9600000,spin-arms--5-m-l,4,safety_violation_rate,1.0
g1_lafan,4728,4728,9600000,spin-arms--5-m-l,4,termination_rate,0.0
g1_lafan,4728,4728,9600000,spin-arms--5-m-l,4,action_l2,2.7277255058288574
g1_lafan,4728,4728,9600000,spin-arms--5-m-l,4,penalty_torques_mean,7787.58837890625
g1_lafan,4728,4728,9600000,spin-arms--5-m-l,4,penalty_torques_active_fraction,1.0
g1_lafan,4728,4728,9600000,spin-arms--5-m-l,4,penalty_action_rate_mean,2.7868263721466064
g1_lafan,4728,4728,9600000,spin-arms--5-m-l,4,penalty_action_rate_active_fraction,1.0
g1_lafan,4728,4728,9600000,spin-arms--5-m-l,4,limits_dof_pos_mean,0.022405490279197693
g1_lafan,4728,4728,9600000,spin-arms--5-m-l,4,limits_dof_pos_active_fraction,0.9980000257492065
g1_lafan,4728,4728,9600000,spin-arms--5-m-l,4,limits_torque_mean,3.731747627258301
g1_lafan,4728,4728,9600000,spin-arms--5-m-l,4,limits_torque_active_fraction,1.0
g1_lafan,4728,4728,9600000,spin-arms--5-m-l,4,penalty_undesired_contact_mean,0.0
g1_lafan,4728,4728,9600000,spin-arms--5-m-l,4,penalty_undesired_contact_active_fraction,0.0
g1_lafan,4728,4728,9600000,spin-arms--5-m-l,4,penalty_feet_ori_mean,0.2540595531463623
g1_lafan,4728,4728,9600000,spin-arms--5-m-l,4,penalty_feet_ori_active_fraction,0.9540000557899475
g1_lafan,4728,4728,9600000,spin-arms--5-m-l,4,penalty_ankle_roll_mean,0.12492536008358002
g1_lafan,4728,4728,9600000,spin-arms--5-m-l,4,penalty_ankle_roll_active_fraction,1.0
g1_lafan,4728,4728,9600000,spin-arms--5-m-l,4,penalty_slippage_mean,0.2633969783782959
g1_lafan,4728,4728,9600000,spin-arms--5-m-l,4,penalty_slippage_active_fraction,0.9540000557899475
g1_lafan,4728,4728,9600000,spin-arms--5-m-l,5,return,6.990206241607666
g1_lafan,4728,4728,9600000,spin-arms--5-m-l,5,auxiliary_cost,1.6084014177322388
g1_lafan,4728,4728,9600000,spin-arms--5-m-l,5,safety_violation_rate,0.9980000257492065
g1_lafan,4728,4728,9600000,spin-arms--5-m-l,5,termination_rate,0.0
g1_lafan,4728,4728,9600000,spin-arms--5-m-l,5,action_l2,2.701072931289673
g1_lafan,4728,4728,9600000,spin-arms--5-m-l,5,penalty_torques_mean,7447.86083984375
g1_lafan,4728,4728,9600000,spin-arms--5-m-l,5,penalty_torques_active_fraction,1.0
g1_lafan,4728,4728,9600000,spin-arms--5-m-l,5,penalty_action_rate_mean,2.2675654888153076
g1_lafan,4728,4728,9600000,spin-arms--5-m-l,5,penalty_action_rate_active_fraction,1.0
g1_lafan,4728,4728,9600000,spin-arms--5-m-l,5,limits_dof_pos_mean,0.023149661719799042
g1_lafan,4728,4728,9600000,spin-arms--5-m-l,5,limits_dof_pos_active_fraction,0.9980000257492065
g1_lafan,4728,4728,9600000,spin-arms--5-m-l,5,limits_torque_mean,3.2490546703338623
g1_lafan,4728,4728,9600000,spin-arms--5-m-l,5,limits_torque_active_fraction,0.9420000314712524
g1_lafan,4728,4728,9600000,spin-arms--5-m-l,5,penalty_undesired_contact_mean,0.0
g1_lafan,4728,4728,9600000,spin-arms--5-m-l,5,penalty_undesired_contact_active_fraction,0.0
g1_lafan,4728,4728,9600000,spin-arms--5-m-l,5,penalty_feet_ori_mean,0.294273316860199
g1_lafan,4728,4728,9600000,spin-arms--5-m-l,5,penalty_feet_ori_active_fraction,0.984000027179718
g1_lafan,4728,4728,9600000,spin-arms--5-m-l,5,penalty_ankle_roll_mean,0.12817181646823883
g1_lafan,4728,4728,9600000,spin-arms--5-m-l,5,penalty_ankle_roll_active_fraction,1.0
g1_lafan,4728,4728,9600000,spin-arms--5-m-l,5,penalty_slippage_mean,0.2598758339881897
g1_lafan,4728,4728,9600000,spin-arms--5-m-l,5,penalty_slippage_active_fraction,0.984000027179718
g1_lafan,4728,4728,9600000,spin-arms--5-m-l,6,return,3.8551430702209473
g1_lafan,4728,4728,9600000,spin-arms--5-m-l,6,auxiliary_cost,2.433305025100708
g1_lafan,4728,4728,9600000,spin-arms--5-m-l,6,safety_violation_rate,1.0
g1_lafan,4728,4728,9600000,spin-arms--5-m-l,6,termination_rate,0.0
g1_lafan,4728,4728,9600000,spin-arms--5-m-l,6,action_l2,2.940523624420166
g1_lafan,4728,4728,9600000,spin-arms--5-m-l,6,penalty_torques_mean,9882.517578125
g1_lafan,4728,4728,9600000,spin-arms--5-m-l,6,penalty_torques_active_fraction,1.0
g1_lafan,4728,4728,9600000,spin-arms--5-m-l,6,penalty_action_rate_mean,5.236087799072266
g1_lafan,4728,4728,9600000,spin-arms--5-m-l,6,penalty_action_rate_active_fraction,1.0
g1_lafan,4728,4728,9600000,spin-arms--5-m-l,6,limits_dof_pos_mean,0.04832633212208748
g1_lafan,4728,4728,9600000,spin-arms--5-m-l,6,limits_dof_pos_active_fraction,1.0
g1_lafan,4728,4728,9600000,spin-arms--5-m-l,6,limits_torque_mean,3.5737602710723877
g1_lafan,4728,4728,9600000,spin-arms--5-m-l,6,limits_torque_active_fraction,0.8960000276565552
g1_lafan,4728,4728,9600000,spin-arms--5-m-l,6,penalty_undesired_contact_mean,0.1300000101327896
g1_lafan,4728,4728,9600000,spin-arms--5-m-l,6,penalty_undesired_contact_active_fraction,0.1300000101327896
g1_lafan,4728,4728,9600000,spin-arms--5-m-l,6,penalty_feet_ori_mean,0.3567136526107788
g1_lafan,4728,4728,9600000,spin-arms--5-m-l,6,penalty_feet_ori_active_fraction,0.8820000290870667
g1_lafan,4728,4728,9600000,spin-arms--5-m-l,6,penalty_ankle_roll_mean,0.13015763461589813
g1_lafan,4728,4728,9600000,spin-arms--5-m-l,6,penalty_ankle_roll_active_fraction,1.0
g1_lafan,4728,4728,9600000,spin-arms--5-m-l,6,penalty_slippage_mean,0.31655895709991455
g1_lafan,4728,4728,9600000,spin-arms--5-m-l,6,penalty_slippage_active_fraction,0.8820000290870667
g1_lafan,4728,4728,9600000,spin-arms--5-m-l,7,return,5.203970909118652
g1_lafan,4728,4728,9600000,spin-arms--5-m-l,7,auxiliary_cost,1.9872649908065796
g1_lafan,4728,4728,9600000,spin-arms--5-m-l,7,safety_violation_rate,1.0
g1_lafan,4728,4728,9600000,spin-arms--5-m-l,7,termination_rate,0.0
g1_lafan,4728,4728,9600000,spin-arms--5-m-l,7,action_l2,2.7722115516662598
g1_lafan,4728,4728,9600000,spin-arms--5-m-l,7,penalty_torques_mean,10429.8603515625
g1_lafan,4728,4728,9600000,spin-arms--5-m-l,7,penalty_torques_active_fraction,1.0
g1_lafan,4728,4728,9600000,spin-arms--5-m-l,7,penalty_action_rate_mean,4.253003120422363
g1_lafan,4728,4728,9600000,spin-arms--5-m-l,7,penalty_action_rate_active_fraction,1.0
g1_lafan,4728,4728,9600000,spin-arms--5-m-l,7,limits_dof_pos_mean,0.027534402906894684
g1_lafan,4728,4728,9600000,spin-arms--5-m-l,7,limits_dof_pos_active_fraction,1.0
g1_lafan,4728,4728,9600000,spin-arms--5-m-l,7,limits_torque_mean,4.234952926635742
g1_lafan,4728,4728,9600000,spin-arms--5-m-l,7,limits_torque_active_fraction,0.9940000176429749
g1_lafan,4728,4728,9600000,spin-arms--5-m-l,7,penalty_undesired_contact_mean,0.014000000432133675
g1_lafan,4728,4728,9600000,spin-arms--5-m-l,7,penalty_undesired_contact_active_fraction,0.014000000432133675
g1_lafan,4728,4728,9600000,spin-arms--5-m-l,7,penalty_feet_ori_mean,0.3310108780860901
g1_lafan,4728,4728,9600000,spin-arms--5-m-l,7,penalty_feet_ori_active_fraction,0.9180000424385071
g1_lafan,4728,4728,9600000,spin-arms--5-m-l,7,penalty_ankle_roll_mean,0.13138003647327423
g1_lafan,4728,4728,9600000,spin-arms--5-m-l,7,penalty_ankle_roll_active_fraction,1.0
g1_lafan,4728,4728,9600000,spin-arms--5-m-l,7,penalty_slippage_mean,0.30734801292419434
g1_lafan,4728,4728,9600000,spin-arms--5-m-l,7,penalty_slippage_active_fraction,0.9180000424385071
g1_lafan,4728,4728,9600000,spin-arms--5-m-l,8,return,3.665151596069336
g1_lafan,4728,4728,9600000,spin-arms--5-m-l,8,auxiliary_cost,1.6277111768722534
g1_lafan,4728,4728,9600000,spin-arms--5-m-l,8,safety_violation_rate,0.9980000257492065
g1_lafan,4728,4728,9600000,spin-arms--5-m-l,8,termination_rate,0.0
g1_lafan,4728,4728,9600000,spin-arms--5-m-l,8,action_l2,2.7300682067871094
g1_lafan,4728,4728,9600000,spin-arms--5-m-l,8,penalty_torques_mean,7946.8359375
g1_lafan,4728,4728,9600000,spin-arms--5-m-l,8,penalty_torques_active_fraction,1.0
g1_lafan,4728,4728,9600000,spin-arms--5-m-l,8,penalty_action_rate_mean,2.385035514831543
g1_lafan,4728,4728,9600000,spin-arms--5-m-l,8,penalty_action_rate_active_fraction,1.0
g1_lafan,4728,4728,9600000,spin-arms--5-m-l,8,limits_dof_pos_mean,0.024807756766676903
g1_lafan,4728,4728,9600000,spin-arms--5-m-l,8,limits_dof_pos_active_fraction,0.9980000257492065
g1_lafan,4728,4728,9600000,spin-arms--5-m-l,8,limits_torque_mean,3.7109386920928955
g1_lafan,4728,4728,9600000,spin-arms--5-m-l,8,limits_torque_active_fraction,0.9920000433921814
g1_lafan,4728,4728,9600000,spin-arms--5-m-l,8,penalty_undesired_contact_mean,0.0
g1_lafan,4728,4728,9600000,spin-arms--5-m-l,8,penalty_undesired_contact_active_fraction,0.0
g1_lafan,4728,4728,9600000,spin-arms--5-m-l,8,penalty_feet_ori_mean,0.3039882779121399
g1_lafan,4728,4728,9600000,spin-arms--5-m-l,8,penalty_feet_ori_active_fraction,0.968000054359436
g1_lafan,4728,4728,9600000,spin-arms--5-m-l,8,penalty_ankle_roll_mean,0.132455512881279
g1_lafan,4728,4728,9600000,spin-arms--5-m-l,8,penalty_ankle_roll_active_fraction,1.0
g1_lafan,4728,4728,9600000,spin-arms--5-m-l,8,penalty_slippage_mean,0.24485638737678528
g1_lafan,4728,4728,9600000,spin-arms--5-m-l,8,penalty_slippage_active_fraction,0.968000054359436
g1_lafan,4728,4728,9600000,spin-arms--5-m-l,9,return,2.974569797515869
g1_lafan,4728,4728,9600000,spin-arms--5-m-l,9,auxiliary_cost,1.5930649042129517
g1_lafan,4728,4728,9600000,spin-arms--5-m-l,9,safety_violation_rate,0.9980000257492065
g1_lafan,4728,4728,9600000,spin-arms--5-m-l,9,termination_rate,0.0
g1_lafan,4728,4728,9600000,spin-arms--5-m-l,9,action_l2,2.7100913524627686
g1_lafan,4728,4728,9600000,spin-arms--5-m-l,9,penalty_torques_mean,7727.30859375
g1_lafan,4728,4728,9600000,spin-arms--5-m-l,9,penalty_torques_active_fraction,1.0
g1_lafan,4728,4728,9600000,spin-arms--5-m-l,9,penalty_action_rate_mean,2.409827947616577
g1_lafan,4728,4728,9600000,spin-arms--5-m-l,9,penalty_action_rate_active_fraction,1.0
g1_lafan,4728,4728,9600000,spin-arms--5-m-l,9,limits_dof_pos_mean,0.02296503633260727
g1_lafan,4728,4728,9600000,spin-arms--5-m-l,9,limits_dof_pos_active_fraction,0.9980000257492065
g1_lafan,4728,4728,9600000,spin-arms--5-m-l,9,limits_torque_mean,3.473388671875
g1_lafan,4728,4728,9600000,spin-arms--5-m-l,9,limits_torque_active_fraction,0.9320000410079956
g1_lafan,4728,4728,9600000,spin-arms--5-m-l,9,penalty_undesired_contact_mean,0.0
g1_lafan,4728,4728,9600000,spin-arms--5-m-l,9,penalty_undesired_contact_active_fraction,0.0
g1_lafan,4728,4728,9600000,spin-arms--5-m-l,9,penalty_feet_ori_mean,0.2798573970794678
g1_lafan,4728,4728,9600000,spin-arms--5-m-l,9,penalty_feet_ori_active_fraction,0.9520000219345093
g1_lafan,4728,4728,9600000,spin-arms--5-m-l,9,penalty_ankle_roll_mean,0.12838996946811676
g1_lafan,4728,4728,9600000,spin-arms--5-m-l,9,penalty_ankle_roll_active_fraction,1.0
g1_lafan,4728,4728,9600000,spin-arms--5-m-l,9,penalty_slippage_mean,0.24846500158309937
g1_lafan,4728,4728,9600000,spin-arms--5-m-l,9,penalty_slippage_active_fraction,0.9520000219345093
g1_lafan,4728,4728,9600000,crouch-0,0,return,56.686981201171875
g1_lafan,4728,4728,9600000,crouch-0,0,auxiliary_cost,4.379977703094482
g1_lafan,4728,4728,9600000,crouch-0,0,safety_violation_rate,1.0
g1_lafan,4728,4728,9600000,crouch-0,0,termination_rate,0.0
g1_lafan,4728,4728,9600000,crouch-0,0,action_l2,3.4744338989257812
g1_lafan,4728,4728,9600000,crouch-0,0,penalty_torques_mean,6979.4873046875
g1_lafan,4728,4728,9600000,crouch-0,0,penalty_torques_active_fraction,1.0
g1_lafan,4728,4728,9600000,crouch-0,0,penalty_action_rate_mean,0.7656732797622681
g1_lafan,4728,4728,9600000,crouch-0,0,penalty_action_rate_active_fraction,1.0
g1_lafan,4728,4728,9600000,crouch-0,0,limits_dof_pos_mean,0.25569748878479004
g1_lafan,4728,4728,9600000,crouch-0,0,limits_dof_pos_active_fraction,1.0
g1_lafan,4728,4728,9600000,crouch-0,0,limits_torque_mean,4.972607612609863
g1_lafan,4728,4728,9600000,crouch-0,0,limits_torque_active_fraction,0.9980000257492065
g1_lafan,4728,4728,9600000,crouch-0,0,penalty_undesired_contact_mean,0.9940000176429749
g1_lafan,4728,4728,9600000,crouch-0,0,penalty_undesired_contact_active_fraction,0.9940000176429749
g1_lafan,4728,4728,9600000,crouch-0,0,penalty_feet_ori_mean,0.4665946960449219
g1_lafan,4728,4728,9600000,crouch-0,0,penalty_feet_ori_active_fraction,0.484000027179718
g1_lafan,4728,4728,9600000,crouch-0,0,penalty_ankle_roll_mean,0.1368677169084549
g1_lafan,4728,4728,9600000,crouch-0,0,penalty_ankle_roll_active_fraction,1.0
g1_lafan,4728,4728,9600000,crouch-0,0,penalty_slippage_mean,0.009161646477878094
g1_lafan,4728,4728,9600000,crouch-0,0,penalty_slippage_active_fraction,0.484000027179718
g1_lafan,4728,4728,9600000,crouch-0,1,return,22.312728881835938
g1_lafan,4728,4728,9600000,crouch-0,1,auxiliary_cost,3.0236589908599854
g1_lafan,4728,4728,9600000,crouch-0,1,safety_violation_rate,1.0
g1_lafan,4728,4728,9600000,crouch-0,1,termination_rate,0.0
g1_lafan,4728,4728,9600000,crouch-0,1,action_l2,3.2462069988250732
g1_lafan,4728,4728,9600000,crouch-0,1,penalty_torques_mean,5772.13671875
g1_lafan,4728,4728,9600000,crouch-0,1,penalty_torques_active_fraction,1.0
g1_lafan,4728,4728,9600000,crouch-0,1,penalty_action_rate_mean,1.2255574464797974
g1_lafan,4728,4728,9600000,crouch-0,1,penalty_action_rate_active_fraction,1.0
g1_lafan,4728,4728,9600000,crouch-0,1,limits_dof_pos_mean,0.06186702102422714
g1_lafan,4728,4728,9600000,crouch-0,1,limits_dof_pos_active_fraction,1.0
g1_lafan,4728,4728,9600000,crouch-0,1,limits_torque_mean,5.010100364685059
g1_lafan,4728,4728,9600000,crouch-0,1,limits_torque_active_fraction,1.0
g1_lafan,4728,4728,9600000,crouch-0,1,penalty_undesired_contact_mean,0.968000054359436
g1_lafan,4728,4728,9600000,crouch-0,1,penalty_undesired_contact_active_fraction,0.968000054359436
g1_lafan,4728,4728,9600000,crouch-0,1,penalty_feet_ori_mean,1.5751498937606812
g1_lafan,4728,4728,9600000,crouch-0,1,penalty_feet_ori_active_fraction,0.9700000286102295
g1_lafan,4728,4728,9600000,crouch-0,1,penalty_ankle_roll_mean,0.13700689375400543
g1_lafan,4728,4728,9600000,crouch-0,1,penalty_ankle_roll_active_fraction,1.0
g1_lafan,4728,4728,9600000,crouch-0,1,penalty_slippage_mean,0.06817218661308289
g1_lafan,4728,4728,9600000,crouch-0,1,penalty_slippage_active_fraction,0.9700000286102295
g1_lafan,4728,4728,9600000,crouch-0,2,return,22.44935417175293
g1_lafan,4728,4728,9600000,crouch-0,2,auxiliary_cost,3.5091190338134766
g1_lafan,4728,4728,9600000,crouch-0,2,safety_violation_rate,1.0
g1_lafan,4728,4728,9600000,crouch-0,2,termination_rate,0.0
g1_lafan,4728,4728,9600000,crouch-0,2,action_l2,3.4364845752716064
g1_lafan,4728,4728,9600000,crouch-0,2,penalty_torques_mean,13648.1669921875
g1_lafan,4728,4728,9600000,crouch-0,2,penalty_torques_active_fraction,1.0
g1_lafan,4728,4728,9600000,crouch-0,2,penalty_action_rate_mean,6.894078254699707
g1_lafan,4728,4728,9600000,crouch-0,2,penalty_action_rate_active_fraction,1.0
g1_lafan,4728,4728,9600000,crouch-0,2,limits_dof_pos_mean,0.11797329038381577
g1_lafan,4728,4728,9600000,crouch-0,2,limits_dof_pos_active_fraction,0.9980000257492065
g1_lafan,4728,4728,9600000,crouch-0,2,limits_torque_mean,5.312639236450195
g1_lafan,4728,4728,9600000,crouch-0,2,limits_torque_active_fraction,0.9860000610351562
g1_lafan,4728,4728,9600000,crouch-0,2,penalty_undesired_contact_mean,0.34800001978874207
g1_lafan,4728,4728,9600000,crouch-0,2,penalty_undesired_contact_active_fraction,0.34800001978874207
g1_lafan,4728,4728,9600000,crouch-0,2,penalty_feet_ori_mean,0.5309893488883972
g1_lafan,4728,4728,9600000,crouch-0,2,penalty_feet_ori_active_fraction,0.8080000281333923
g1_lafan,4728,4728,9600000,crouch-0,2,penalty_ankle_roll_mean,0.13326126337051392
g1_lafan,4728,4728,9600000,crouch-0,2,penalty_ankle_roll_active_fraction,1.0
g1_lafan,4728,4728,9600000,crouch-0,2,penalty_slippage_mean,0.2732696533203125
g1_lafan,4728,4728,9600000,crouch-0,2,penalty_slippage_active_fraction,0.8080000281333923
g1_lafan,4728,4728,9600000,crouch-0,3,return,35.64484405517578
g1_lafan,4728,4728,9600000,crouch-0,3,auxiliary_cost,4.407508850097656
g1_lafan,4728,4728,9600000,crouch-0,3,safety_violation_rate,1.0
g1_lafan,4728,4728,9600000,crouch-0,3,termination_rate,0.0
g1_lafan,4728,4728,9600000,crouch-0,3,action_l2,4.383021831512451
g1_lafan,4728,4728,9600000,crouch-0,3,penalty_torques_mean,9527.755859375
g1_lafan,4728,4728,9600000,crouch-0,3,penalty_torques_active_fraction,1.0
g1_lafan,4728,4728,9600000,crouch-0,3,penalty_action_rate_mean,0.8797526955604553
g1_lafan,4728,4728,9600000,crouch-0,3,penalty_action_rate_active_fraction,1.0
g1_lafan,4728,4728,9600000,crouch-0,3,limits_dof_pos_mean,0.27797022461891174
g1_lafan,4728,4728,9600000,crouch-0,3,limits_dof_pos_active_fraction,1.0
g1_lafan,4728,4728,9600000,crouch-0,3,limits_torque_mean,8.771596908569336
g1_lafan,4728,4728,9600000,crouch-0,3,limits_torque_active_fraction,1.0
g1_lafan,4728,4728,9600000,crouch-0,3,penalty_undesired_contact_mean,0.9760000705718994
g1_lafan,4728,4728,9600000,crouch-0,3,penalty_undesired_contact_active_fraction,0.9760000705718994
g1_lafan,4728,4728,9600000,crouch-0,3,penalty_feet_ori_mean,0.007970556616783142
g1_lafan,4728,4728,9600000,crouch-0,3,penalty_feet_ori_active_fraction,0.00800000037997961
g1_lafan,4728,4728,9600000,crouch-0,3,penalty_ankle_roll_mean,0.13692612946033478
g1_lafan,4728,4728,9600000,crouch-0,3,penalty_ankle_roll_active_fraction,1.0
g1_lafan,4728,4728,9600000,crouch-0,3,penalty_slippage_mean,0.006470525171607733
g1_lafan,4728,4728,9600000,crouch-0,3,penalty_slippage_active_fraction,0.00800000037997961
g1_lafan,4728,4728,9600000,crouch-0,4,return,30.72321319580078
g1_lafan,4728,4728,9600000,crouch-0,4,auxiliary_cost,3.0116233825683594
g1_lafan,4728,4728,9600000,crouch-0,4,safety_violation_rate,1.0
g1_lafan,4728,4728,9600000,crouch-0,4,termination_rate,0.0
g1_lafan,4728,4728,9600000,crouch-0,4,action_l2,3.23995041847229
g1_lafan,4728,4728,9600000,crouch-0,4,penalty_torques_mean,5932.806640625
g1_lafan,4728,4728,9600000,crouch-0,4,penalty_torques_active_fraction,1.0
g1_lafan,4728,4728,9600000,crouch-0,4,penalty_action_rate_mean,0.752835750579834
g1_lafan,4728,4728,9600000,crouch-0,4,penalty_action_rate_active_fraction,1.0
g1_lafan,4728,4728,9600000,crouch-0,4,limits_dof_pos_mean,0.06089954450726509
g1_lafan,4728,4728,9600000,crouch-0,4,limits_dof_pos_active_fraction,1.0
g1_lafan,4728,4728,9600000,crouch-0,4,limits_torque_mean,4.995500087738037
g1_lafan,4728,4728,9600000,crouch-0,4,limits_torque_active_fraction,1.0
g1_lafan,4728,4728,9600000,crouch-0,4,penalty_undesired_contact_mean,0.968000054359436
g1_lafan,4728,4728,9600000,crouch-0,4,penalty_undesired_contact_active_fraction,0.968000054359436
g1_lafan,4728,4728,9600000,crouch-0,4,penalty_feet_ori_mean,1.5453977584838867
g1_lafan,4728,4728,9600000,crouch-0,4,penalty_feet_ori_active_fraction,0.9780000448226929
g1_lafan,4728,4728,9600000,crouch-0,4,penalty_ankle_roll_mean,0.1370605081319809
g1_lafan,4728,4728,9600000,crouch-0,4,penalty_ankle_roll_active_fraction,1.0
g1_lafan,4728,4728,9600000,crouch-0,4,penalty_slippage_mean,0.0964718833565712
g1_lafan,4728,4728,9600000,crouch-0,4,penalty_slippage_active_fraction,0.9780000448226929
g1_lafan,4728,4728,9600000,crouch-0,5,return,10.522771835327148
g1_lafan,4728,4728,9600000,crouch-0,5,auxiliary_cost,2.3903770446777344
g1_lafan,4728,4728,9600000,crouch-0,5,safety_violation_rate,0.9980000257492065
g1_lafan,4728,4728,9600000,crouch-0,5,termination_rate,0.0
g1_lafan,4728,4728,9600000,crouch-0,5,action_l2,3.4255270957946777
g1_lafan,4728,4728,9600000,crouch-0,5,penalty_torques_mean,11684.8349609375
g1_lafan,4728,4728,9600000,crouch-0,5,penalty_torques_active_fraction,1.0
g1_lafan,4728,4728,9600000,crouch-0,5,penalty_action_rate_mean,4.801220893859863
g1_lafan,4728,4728,9600000,crouch-0,5,penalty_action_rate_active_fraction,1.0
g1_lafan,4728,4728,9600000,crouch-0,5,limits_dof_pos_mean,0.06282681971788406
g1_lafan,4728,4728,9600000,crouch-0,5,limits_dof_pos_active_fraction,0.9980000257492065
g1_lafan,4728,4728,9600000,crouch-0,5,limits_torque_mean,5.31213903427124
g1_lafan,4728,4728,9600000,crouch-0,5,limits_torque_active_fraction,0.9960000514984131
g1_lafan,4728,4728,9600000,crouch-0,5,penalty_undesired_contact_mean,0.3160000145435333
g1_lafan,4728,4728,9600000,crouch-0,5,penalty_undesired_contact_active_fraction,0.3160000145435333
g1_lafan,4728,4728,9600000,crouch-0,5,penalty_feet_ori_mean,0.24002882838249207
g1_lafan,4728,4728,9600000,crouch-0,5,penalty_feet_ori_active_fraction,0.7420000433921814
g1_lafan,4728,4728,9600000,crouch-0,5,penalty_ankle_roll_mean,0.13596409559249878
g1_lafan,4728,4728,9600000,crouch-0,5,penalty_ankle_roll_active_fraction,1.0
g1_lafan,4728,4728,9600000,crouch-0,5,penalty_slippage_mean,0.16305914521217346
g1_lafan,4728,4728,9600000,crouch-0,5,penalty_slippage_active_fraction,0.7420000433921814
g1_lafan,4728,4728,9600000,crouch-0,6,return,12.244251251220703
g1_lafan,4728,4728,9600000,crouch-0,6,auxiliary_cost,2.3370957374572754
g1_lafan,4728,4728,9600000,crouch-0,6,safety_violation_rate,0.9940000176429749
g1_lafan,4728,4728,9600000,crouch-0,6,termination_rate,0.0
g1_lafan,4728,4728,9600000,crouch-0,6,action_l2,3.4055192470550537
g1_lafan,4728,4728,9600000,crouch-0,6,penalty_torques_mean,12899.732421875
g1_lafan,4728,4728,9600000,crouch-0,6,penalty_torques_active_fraction,1.0
g1_lafan,4728,4728,9600000,crouch-0,6,penalty_action_rate_mean,5.815840244293213
g1_lafan,4728,4728,9600000,crouch-0,6,penalty_action_rate_active_fraction,1.0
g1_lafan,4728,4728,9600000,crouch-0,6,limits_dof_pos_mean,0.02980094961822033
g1_lafan,4728,4728,9600000,crouch-0,6,limits_dof_pos_active_fraction,0.9940000176429749
g1_lafan,4728,4728,9600000,crouch-0,6,limits_torque_mean,5.169798851013184
g1_lafan,4728,4728,9600000,crouch-0,6,limits_torque_active_fraction,0.9760000705718994
g1_lafan,4728,4728,9600000,crouch-0,6,penalty_undesired_contact_mean,0.35200002789497375
g1_lafan,4728,4728,9600000,crouch-0,6,penalty_undesired_contact_active_fraction,0.35200002789497375
g1_lafan,4728,4728,9600000,crouch-0,6,penalty_feet_ori_mean,0.37626489996910095
g1_lafan,4728,4728,9600000,crouch-0,6,penalty_feet_ori_active_fraction,0.8660000562667847
g1_lafan,4728,4728,9600000,crouch-0,6,penalty_ankle_roll_mean,0.13329759240150452
g1_lafan,4728,4728,9600000,crouch-0,6,penalty_ankle_roll_active_fraction,1.0
g1_lafan,4728,4728,9600000,crouch-0,6,penalty_slippage_mean,0.2109028548002243
g1_lafan,4728,4728,9600000,crouch-0,6,penalty_slippage_active_fraction,0.8660000562667847
g1_lafan,4728,4728,9600000,crouch-0,7,return,10.131489753723145
g1_lafan,4728,4728,9600000,crouch-0,7,auxiliary_cost,2.597424268722534
g1_lafan,4728,4728,9600000,crouch-0,7,safety_violation_rate,0.9960000514984131
g1_lafan,4728,4728,9600000,crouch-0,7,termination_rate,0.0
g1_lafan,4728,4728,9600000,crouch-0,7,action_l2,3.400599718093872
g1_lafan,4728,4728,9600000,crouch-0,7,penalty_torques_mean,13879.56640625
g1_lafan,4728,4728,9600000,crouch-0,7,penalty_torques_active_fraction,1.0
g1_lafan,4728,4728,9600000,crouch-0,7,penalty_action_rate_mean,7.674220561981201
g1_lafan,4728,4728,9600000,crouch-0,7,penalty_action_rate_active_fraction,1.0
g1_lafan,4728,4728,9600000,crouch-0,7,limits_dof_pos_mean,0.033246468752622604
g1_lafan,4728,4728,9600000,crouch-0,7,limits_dof_pos_active_fraction,0.9940000176429749
g1_lafan,4728,4728,9600000,crouch-0,7,limits_torque_mean,5.129608154296875
g1_lafan,4728,4728,9600000,crouch-0,7,limits_torque_active_fraction,0.9780000448226929
g1_lafan,4728,4728,9600000,crouch-0,7,penalty_undesired_contact_mean,0.06200000271201134
g1_lafan,4728,4728,9600000,crouch-0,7,penalty_undesired_contact_active_fraction,0.06200000271201134
g1_lafan,4728,4728,9600000,crouch-0,7,penalty_feet_ori_mean,0.4103320240974426
g1_lafan,4728,4728,9600000,crouch-0,7,penalty_feet_ori_active_fraction,0.8560000658035278
g1_lafan,4728,4728,9600000,crouch-0,7,penalty_ankle_roll_mean,0.13332699239253998
g1_lafan,4728,4728,9600000,crouch-0,7,penalty_ankle_roll_active_fraction,1.0
g1_lafan,4728,4728,9600000,crouch-0,7,penalty_slippage_mean,0.369047611951828
g1_lafan,4728,4728,9600000,crouch-0,7,penalty_slippage_active_fraction,0.8560000658035278
g1_lafan,4728,4728,9600000,crouch-0,8,return,42.57959747314453
g1_lafan,4728,4728,9600000,crouch-0,8,auxiliary_cost,4.315846920013428
g1_lafan,4728,4728,9600000,crouch-0,8,safety_violation_rate,1.0
g1_lafan,4728,4728,9600000,crouch-0,8,termination_rate,0.0
g1_lafan,4728,4728,9600000,crouch-0,8,action_l2,4.008001327514648
g1_lafan,4728,4728,9600000,crouch-0,8,penalty_torques_mean,9132.353515625
g1_lafan,4728,4728,9600000,crouch-0,8,penalty_torques_active_fraction,1.0
g1_lafan,4728,4728,9600000,crouch-0,8,penalty_action_rate_mean,1.157955288887024
g1_lafan,4728,4728,9600000,crouch-0,8,penalty_action_rate_active_fraction,1.0
g1_lafan,4728,4728,9600000,crouch-0,8,limits_dof_pos_mean,0.22857613861560822
g1_lafan,4728,4728,9600000,crouch-0,8,limits_dof_pos_active_fraction,1.0
g1_lafan,4728,4728,9600000,crouch-0,8,limits_torque_mean,5.667275428771973
g1_lafan,4728,4728,9600000,crouch-0,8,limits_torque_active_fraction,1.0
g1_lafan,4728,4728,9600000,crouch-0,8,penalty_undesired_contact_mean,0.9800000190734863
g1_lafan,4728,4728,9600000,crouch-0,8,penalty_undesired_contact_active_fraction,0.9800000190734863
g1_lafan,4728,4728,9600000,crouch-0,8,penalty_feet_ori_mean,0.8361703157424927
g1_lafan,4728,4728,9600000,crouch-0,8,penalty_feet_ori_active_fraction,0.8800000548362732
g1_lafan,4728,4728,9600000,crouch-0,8,penalty_ankle_roll_mean,0.13704152405261993
g1_lafan,4728,4728,9600000,crouch-0,8,penalty_ankle_roll_active_fraction,1.0
g1_lafan,4728,4728,9600000,crouch-0,8,penalty_slippage_mean,0.025829412043094635
g1_lafan,4728,4728,9600000,crouch-0,8,penalty_slippage_active_fraction,0.8800000548362732
g1_lafan,4728,4728,9600000,crouch-0,9,return,9.962421417236328
g1_lafan,4728,4728,9600000,crouch-0,9,auxiliary_cost,2.0418570041656494
g1_lafan,4728,4728,9600000,crouch-0,9,safety_violation_rate,1.0
g1_lafan,4728,4728,9600000,crouch-0,9,termination_rate,0.0
g1_lafan,4728,4728,9600000,crouch-0,9,action_l2,3.4139912128448486
g1_lafan,4728,4728,9600000,crouch-0,9,penalty_torques_mean,11628.3291015625
g1_lafan,4728,4728,9600000,crouch-0,9,penalty_torques_active_fraction,1.0
g1_lafan,4728,4728,9600000,crouch-0,9,penalty_action_rate_mean,5.416520118713379
g1_lafan,4728,4728,9600000,crouch-0,9,penalty_action_rate_active_fraction,1.0
g1_lafan,4728,4728,9600000,crouch-0,9,limits_dof_pos_mean,0.029253773391246796
g1_lafan,4728,4728,9600000,crouch-0,9,limits_dof_pos_active_fraction,0.9980000257492065
g1_lafan,4728,4728,9600000,crouch-0,9,limits_torque_mean,4.648038864135742
g1_lafan,4728,4728,9600000,crouch-0,9,limits_torque_active_fraction,0.9940000176429749
g1_lafan,4728,4728,9600000,crouch-0,9,penalty_undesired_contact_mean,0.17600001394748688
g1_lafan,4728,4728,9600000,crouch-0,9,penalty_undesired_contact_active_fraction,0.17600001394748688
g1_lafan,4728,4728,9600000,crouch-0,9,penalty_feet_ori_mean,0.35829469561576843
g1_lafan,4728,4728,9600000,crouch-0,9,penalty_feet_ori_active_fraction,0.9040000438690186
g1_lafan,4728,4728,9600000,crouch-0,9,penalty_ankle_roll_mean,0.13400188088417053
g1_lafan,4728,4728,9600000,crouch-0,9,penalty_ankle_roll_active_fraction,1.0
g1_lafan,4728,4728,9600000,crouch-0,9,penalty_slippage_mean,0.1761704981327057
g1_lafan,4728,4728,9600000,crouch-0,9,penalty_slippage_active_fraction,0.9040000438690186
g1_lafan,4728,4728,9600000,crouch-0.25,0,return,36.88932418823242
g1_lafan,4728,4728,9600000,crouch-0.25,0,auxiliary_cost,2.233652353286743
g1_lafan,4728,4728,9600000,crouch-0.25,0,safety_violation_rate,1.0
g1_lafan,4728,4728,9600000,crouch-0.25,0,termination_rate,0.0
g1_lafan,4728,4728,9600000,crouch-0.25,0,action_l2,3.1141788959503174
g1_lafan,4728,4728,9600000,crouch-0.25,0,penalty_torques_mean,10029.4794921875
g1_lafan,4728,4728,9600000,crouch-0.25,0,penalty_torques_active_fraction,1.0
g1_lafan,4728,4728,9600000,crouch-0.25,0,penalty_action_rate_mean,2.2369048595428467
g1_lafan,4728,4728,9600000,crouch-0.25,0,penalty_action_rate_active_fraction,1.0
g1_lafan,4728,4728,9600000,crouch-0.25,0,limits_dof_pos_mean,0.05163723602890968
g1_lafan,4728,4728,9600000,crouch-0.25,0,limits_dof_pos_active_fraction,1.0
g1_lafan,4728,4728,9600000,crouch-0.25,0,limits_torque_mean,4.7265729904174805
g1_lafan,4728,4728,9600000,crouch-0.25,0,limits_torque_active_fraction,1.0
g1_lafan,4728,4728,9600000,crouch-0.25,0,penalty_undesired_contact_mean,0.3240000009536743
g1_lafan,4728,4728,9600000,crouch-0.25,0,penalty_undesired_contact_active_fraction,0.3240000009536743
g1_lafan,4728,4728,9600000,crouch-0.25,0,penalty_feet_ori_mean,0.6847172975540161
g1_lafan,4728,4728,9600000,crouch-0.25,0,penalty_feet_ori_active_fraction,0.8960000276565552
g1_lafan,4728,4728,9600000,crouch-0.25,0,penalty_ankle_roll_mean,0.1350172460079193
g1_lafan,4728,4728,9600000,crouch-0.25,0,penalty_ankle_roll_active_fraction,1.0
g1_lafan,4728,4728,9600000,crouch-0.25,0,penalty_slippage_mean,0.17781729996204376
g1_lafan,4728,4728,9600000,crouch-0.25,0,penalty_slippage_active_fraction,0.8960000276565552
g1_lafan,4728,4728,9600000,crouch-0.25,1,return,24.354448318481445
g1_lafan,4728,4728,9600000,crouch-0.25,1,auxiliary_cost,1.7624117136001587
g1_lafan,4728,4728,9600000,crouch-0.25,1,safety_violation_rate,1.0
g1_lafan,4728,4728,9600000,crouch-0.25,1,termination_rate,0.0
g1_lafan,4728,4728,9600000,crouch-0.25,1,action_l2,2.9633355140686035
g1_lafan,4728,4728,9600000,crouch-0.25,1,penalty_torques_mean,10049.6884765625
g1_lafan,4728,4728,9600000,crouch-0.25,1,penalty_torques_active_fraction,1.0
g1_lafan,4728,4728,9600000,crouch-0.25,1,penalty_action_rate_mean,3.701322078704834
g1_lafan,4728,4728,9600000,crouch-0.25,1,penalty_action_rate_active_fraction,1.0
g1_lafan,4728,4728,9600000,crouch-0.25,1,limits_dof_pos_mean,0.02949770912528038
g1_lafan,4728,4728,9600000,crouch-0.25,1,limits_dof_pos_active_fraction,1.0
g1_lafan,4728,4728,9600000,crouch-0.25,1,limits_torque_mean,4.2376837730407715
g1_lafan,4728,4728,9600000,crouch-0.25,1,limits_torque_active_fraction,0.9980000257492065
g1_lafan,4728,4728,9600000,crouch-0.25,1,penalty_undesired_contact_mean,0.02200000174343586
g1_lafan,4728,4728,9600000,crouch-0.25,1,penalty_undesired_contact_active_fraction,0.02200000174343586
g1_lafan,4728,4728,9600000,crouch-0.25,1,penalty_feet_ori_mean,0.4979916214942932
g1_lafan,4728,4728,9600000,crouch-0.25,1,penalty_feet_ori_active_fraction,0.968000054359436
g1_lafan,4728,4728,9600000,crouch-0.25,1,penalty_ankle_roll_mean,0.13315972685813904
g1_lafan,4728,4728,9600000,crouch-0.25,1,penalty_ankle_roll_active_fraction,1.0
g1_lafan,4728,4728,9600000,crouch-0.25,1,penalty_slippage_mean,0.171733096241951
g1_lafan,4728,4728,9600000,crouch-0.25,1,penalty_slippage_active_fraction,0.968000054359436
g1_lafan,4728,4728,9600000,crouch-0.25,2,return,6.822559833526611
g1_lafan,4728,4728,9600000,crouch-0.25,2,auxiliary_cost,1.805016040802002
g1_lafan,4728,4728,9600000,crouch-0.25,2,safety_violation_rate,1.0
g1_lafan,4728,4728,9600000,crouch-0.25,2,termination_rate,0.0
g1_lafan,4728,4728,9600000,crouch-0.25,2,action_l2,3.067214012145996
g1_lafan,4728,4728,9600000,crouch-0.25,2,penalty_torques_mean,9655.3056640625
g1_lafan,4728,4728,9600000,crouch-0.25,2,penalty_torques_active_fraction,1.0
g1_lafan,4728,4728,9600000,crouch-0.25,2,penalty_action_rate_mean,2.8822569847106934
g1_lafan,4728,4728,9600000,crouch-0.25,2,penalty_action_rate_active_fraction,1.0
g1_lafan,4728,4728,9600000,crouch-0.25,2,limits_dof_pos_mean,0.03371993079781532
g1_lafan,4728,4728,9600000,crouch-0.25,2,limits_dof_pos_active_fraction,1.0
g1_lafan,4728,4728,9600000,crouch-0.25,2,limits_torque_mean,4.513046741485596
g1_lafan,4728,4728,9600000,crouch-0.25,2,limits_torque_active_fraction,1.0
g1_lafan,4728,4728,9600000,crouch-0.25,2,penalty_undesired_contact_mean,0.09800000488758087
g1_lafan,4728,4728,9600000,crouch-0.25,2,penalty_undesired_contact_active_fraction,0.09800000488758087
g1_lafan,4728,4728,9600000,crouch-0.25,2,penalty_feet_ori_mean,0.4558646082878113
g1_lafan,4728,4728,9600000,crouch-0.25,2,penalty_feet_ori_active_fraction,0.968000054359436
g1_lafan,4728,4728,9600000,crouch-0.25,2,penalty_ankle_roll_mean,0.1347692906856537
g1_lafan,4728,4728,9600000,crouch-0.25,2,penalty_ankle_roll_active_fraction,1.0
g1_lafan,4728,4728,9600000,crouch-0.25,2,penalty_slippage_mean,0.1800842136144638
g1_lafan,4728,4728,9600000,crouch-0.25,2,penalty_slippage_active_fraction,0.968000054359436
g1_lafan,4728,4728,9600000,crouch-0.25,3,return,10.402754783630371
g1_lafan,4728,4728,9600000,crouch-0.25,3,auxiliary_cost,1.893895149230957
g1_lafan,4728,4728,9600000,crouch-0.25,3,safety_violation_rate,1.0
g1_lafan,4728,4728,9600000,crouch-0.25,3,termination_rate,0.0
g1_lafan,4728,4728,9600000,crouch-0.25,3,action_l2,3.134752035140991
g1_lafan,4728,4728,9600000,crouch-0.25,3,penalty_torques_mean,10798.3603515625
g1_lafan,4728,4728,9600000,crouch-0.25,3,penalty_torques_active_fraction,1.0
g1_lafan,4728,4728,9600000,crouch-0.25,3,penalty_action_rate_mean,3.7335612773895264
g1_lafan,4728,4728,9600000,crouch-0.25,3,penalty_action_rate_active_fraction,1.0
g1_lafan,4728,4728,9600000,crouch-0.25,3,limits_dof_pos_mean,0.03338665887713432
g1_lafan,4728,4728,9600000,crouch-0.25,3,limits_dof_pos_active_fraction,1.0
g1_lafan,4728,4728,9600000,crouch-0.25,3,limits_torque_mean,4.849884510040283
g1_lafan,4728,4728,9600000,crouch-0.25,3,limits_torque_active_fraction,1.0
g1_lafan,4728,4728,9600000,crouch-0.25,3,penalty_undesired_contact_mean,0.17600001394748688
g1_lafan,4728,4728,9600000,crouch-0.25,3,penalty_undesired_contact_active_fraction,0.17600001394748688
g1_lafan,4728,4728,9600000,crouch-0.25,3,penalty_feet_ori_mean,0.3316658139228821
g1_lafan,4728,4728,9600000,crouch-0.25,3,penalty_feet_ori_active_fraction,0.9120000600814819
g1_lafan,4728,4728,9600000,crouch-0.25,3,penalty_ankle_roll_mean,0.1352062076330185
g1_lafan,4728,4728,9600000,crouch-0.25,3,penalty_ankle_roll_active_fraction,1.0
g1_lafan,4728,4728,9600000,crouch-0.25,3,penalty_slippage_mean,0.1685904860496521
g1_lafan,4728,4728,9600000,crouch-0.25,3,penalty_slippage_active_fraction,0.9120000600814819
g1_lafan,4728,4728,9600000,crouch-0.25,4,return,31.475997924804688
g1_lafan,4728,4728,9600000,crouch-0.25,4,auxiliary_cost,1.6967313289642334
g1_lafan,4728,4728,9600000,crouch-0.25,4,safety_violation_rate,1.0
g1_lafan,4728,4728,9600000,crouch-0.25,4,termination_rate,0.0
g1_lafan,4728,4728,9600000,crouch-0.25,4,action_l2,3.059786081314087
g1_lafan,4728,4728,9600000,crouch-0.25,4,penalty_torques_mean,9155.240234375
g1_lafan,4728,4728,9600000,crouch-0.25,4,penalty_torques_active_fraction,1.0
g1_lafan,4728,4728,9600000,crouch-0.25,4,penalty_action_rate_mean,2.784991502761841
g1_lafan,4728,4728,9600000,crouch-0.25,4,penalty_action_rate_active_fraction,1.0
g1_lafan,4728,4728,9600000,crouch-0.25,4,limits_dof_pos_mean,0.030934659764170647
g1_lafan,4728,4728,9600000,crouch-0.25,4,limits_dof_pos_active_fraction,1.0
g1_lafan,4728,4728,9600000,crouch-0.25,4,limits_torque_mean,4.461209297180176
g1_lafan,4728,4728,9600000,crouch-0.25,4,limits_torque_active_fraction,0.9960000514984131
g1_lafan,4728,4728,9600000,crouch-0.25,4,penalty_undesired_contact_mean,0.13600000739097595
g1_lafan,4728,4728,9600000,crouch-0.25,4,penalty_undesired_contact_active_fraction,0.13600000739097595
g1_lafan,4728,4728,9600000,crouch-0.25,4,penalty_feet_ori_mean,0.42564424872398376
g1_lafan,4728,4728,9600000,crouch-0.25,4,penalty_feet_ori_active_fraction,0.9480000734329224
g1_lafan,4728,4728,9600000,crouch-0.25,4,penalty_ankle_roll_mean,0.1329421103000641
g1_lafan,4728,4728,9600000,crouch-0.25,4,penalty_ankle_roll_active_fraction,1.0
g1_lafan,4728,4728,9600000,crouch-0.25,4,penalty_slippage_mean,0.1354294717311859
g1_lafan,4728,4728,9600000,crouch-0.25,4,penalty_slippage_active_fraction,0.9480000734329224
g1_lafan,4728,4728,9600000,crouch-0.25,5,return,0.5077381730079651
g1_lafan,4728,4728,9600000,crouch-0.25,5,auxiliary_cost,1.7692701816558838
g1_lafan,4728,4728,9600000,crouch-0.25,5,safety_violation_rate,1.0
g1_lafan,4728,4728,9600000,crouch-0.25,5,termination_rate,0.0
g1_lafan,4728,4728,9600000,crouch-0.25,5,action_l2,3.0205204486846924
g1_lafan,4728,4728,9600000,crouch-0.25,5,penalty_torques_mean,9817.818359375
g1_lafan,4728,4728,9600000,crouch-0.25,5,penalty_torques_active_fraction,1.0
g1_lafan,4728,4728,9600000,crouch-0.25,5,penalty_action_rate_mean,3.112989664077759
g1_lafan,4728,4728,9600000,crouch-0.25,5,penalty_action_rate_active_fraction,1.0
g1_lafan,4728,4728,9600000,crouch-0.25,5,limits_dof_pos_mean,0.03424113988876343
g1_lafan,4728,4728,9600000,crouch-0.25,5,limits_dof_pos_active_fraction,1.0
g1_lafan,4728,4728,9600000,crouch-0.25,5,limits_torque_mean,4.370555877685547
g1_lafan,4728,4728,9600000,crouch-0.25,5,limits_torque_active_fraction,0.9980000257492065
g1_lafan,4728,4728,9600000,crouch-0.25,5,penalty_undesired_contact_mean,0.04800000041723251
g1_lafan,4728,4728,9600000,crouch-0.25,5,penalty_undesired_contact_active_fraction,0.04800000041723251
g1_lafan,4728,4728,9600000,crouch-0.25,5,penalty_feet_ori_mean,0.4963715672492981
g1_lafan,4728,4728,9600000,crouch-0.25,5,penalty_feet_ori_active_fraction,0.9300000667572021
g1_lafan,4728,4728,9600000,crouch-0.25,5,penalty_ankle_roll_mean,0.13404294848442078
g1_lafan,4728,4728,9600000,crouch-0.25,5,penalty_ankle_roll_active_fraction,1.0
g1_lafan,4728,4728,9600000,crouch-0.25,5,penalty_slippage_mean,0.16641926765441895
g1_lafan,4728,4728,9600000,crouch-0.25,5,penalty_slippage_active_fraction,0.9300000667572021
g1_lafan,4728,4728,9600000,crouch-0.25,6,return,42.686805725097656
g1_lafan,4728,4728,9600000,crouch-0.25,6,auxiliary_cost,2.0484330654144287
g1_lafan,4728,4728,9600000,crouch-0.25,6,safety_violation_rate,1.0
g1_lafan,4728,4728,9600000,crouch-0.25,6,termination_rate,0.0
g1_lafan,4728,4728,9600000,crouch-0.25,6,action_l2,3.1066391468048096
g1_lafan,4728,4728,9600000,crouch-0.25,6,penalty_torques_mean,8950.91015625
g1_lafan,4728,4728,9600000,crouch-0.25,6,penalty_torques_active_fraction,1.0
g1_lafan,4728,4728,9600000,crouch-0.25,6,penalty_action_rate_mean,2.1770081520080566
g1_lafan,4728,4728,9600000,crouch-0.25,6,penalty_action_rate_active_fraction,1.0
g1_lafan,4728,4728,9600000,crouch-0.25,6,limits_dof_pos_mean,0.05370403453707695
g1_lafan,4728,4728,9600000,crouch-0.25,6,limits_dof_pos_active_fraction,1.0
g1_lafan,4728,4728,9600000,crouch-0.25,6,limits_torque_mean,4.618597984313965
g1_lafan,4728,4728,9600000,crouch-0.25,6,limits_torque_active_fraction,0.9980000257492065
g1_lafan,4728,4728,9600000,crouch-0.25,6,penalty_undesired_contact_mean,0.1980000138282776
g1_lafan,4728,4728,9600000,crouch-0.25,6,penalty_undesired_contact_active_fraction,0.1980000138282776
g1_lafan,4728,4728,9600000,crouch-0.25,6,penalty_feet_ori_mean,0.6386927962303162
g1_lafan,4728,4728,9600000,crouch-0.25,6,penalty_feet_ori_active_fraction,0.8880000710487366
g1_lafan,4728,4728,9600000,crouch-0.25,6,penalty_ankle_roll_mean,0.13484402000904083
g1_lafan,4728,4728,9600000,crouch-0.25,6,penalty_ankle_roll_active_fraction,1.0
g1_lafan,4728,4728,9600000,crouch-0.25,6,penalty_slippage_mean,0.15041977167129517
g1_lafan,4728,4728,9600000,crouch-0.25,6,penalty_slippage_active_fraction,0.8880000710487366
g1_lafan,4728,4728,9600000,crouch-0.25,7,return,18.2081356048584
g1_lafan,4728,4728,9600000,crouch-0.25,7,auxiliary_cost,3.105055332183838
g1_lafan,4728,4728,9600000,crouch-0.25,7,safety_violation_rate,1.0
g1_lafan,4728,4728,9600000,crouch-0.25,7,termination_rate,0.0
g1_lafan,4728,4728,9600000,crouch-0.25,7,action_l2,3.290170669555664
g1_lafan,4728,4728,9600000,crouch-0.25,7,penalty_torques_mean,9320.3212890625
g1_lafan,4728,4728,9600000,crouch-0.25,7,penalty_torques_active_fraction,1.0
g1_lafan,4728,4728,9600000,crouch-0.25,7,penalty_action_rate_mean,3.0552210807800293
g1_lafan,4728,4728,9600000,crouch-0.25,7,penalty_action_rate_active_fraction,1.0
g1_lafan,4728,4728,9600000,crouch-0.25,7,limits_dof_pos_mean,0.10419857501983643
g1_lafan,4728,4728,9600000,crouch-0.25,7,limits_dof_pos_active_fraction,1.0
g1_lafan,4728,4728,9600000,crouch-0.25,7,limits_torque_mean,4.816917896270752
g1_lafan,4728,4728,9600000,crouch-0.25,7,limits_torque_active_fraction,1.0
g1_lafan,4728,4728,9600000,crouch-0.25,7,penalty_undesired_contact_mean,0.44600000977516174
g1_lafan,4728,4728,9600000,crouch-0.25,7,penalty_undesired_contact_active_fraction,0.44600000977516174
g1_lafan,4728,4728,9600000,crouch-0.25,7,penalty_feet_ori_mean,0.8379974961280823
g1_lafan,4728,4728,9600000,crouch-0.25,7,penalty_feet_ori_active_fraction,0.9140000343322754
g1_lafan,4728,4728,9600000,crouch-0.25,7,penalty_ankle_roll_mean,0.13487686216831207
g1_lafan,4728,4728,9600000,crouch-0.25,7,penalty_ankle_roll_active_fraction,1.0
g1_lafan,4728,4728,9600000,crouch-0.25,7,penalty_slippage_mean,0.21842072904109955
g1_lafan,4728,4728,9600000,crouch-0.25,7,penalty_slippage_active_fraction,0.9140000343322754
g1_lafan,4728,4728,9600000,crouch-0.25,8,return,39.34937286376953
g1_lafan,4728,4728,9600000,crouch-0.25,8,auxiliary_cost,1.636083722114563
g1_lafan,4728,4728,9600000,crouch-0.25,8,safety_violation_rate,1.0
g1_lafan,4728,4728,9600000,crouch-0.25,8,termination_rate,0.0
g1_lafan,4728,4728,9600000,crouch-0.25,8,action_l2,2.990828037261963
g1_lafan,4728,4728,9600000,crouch-0.25,8,penalty_torques_mean,8569.681640625
g1_lafan,4728,4728,9600000,crouch-0.25,8,penalty_torques_active_fraction,1.0
g1_lafan,4728,4728,9600000,crouch-0.25,8,penalty_action_rate_mean,2.1823630332946777
g1_lafan,4728,4728,9600000,crouch-0.25,8,penalty_action_rate_active_fraction,1.0
g1_lafan,4728,4728,9600000,crouch-0.25,8,limits_dof_pos_mean,0.03613252192735672
g1_lafan,4728,4728,9600000,crouch-0.25,8,limits_dof_pos_active_fraction,1.0
g1_lafan,4728,4728,9600000,crouch-0.25,8,limits_torque_mean,4.088306427001953
g1_lafan,4728,4728,9600000,crouch-0.25,8,limits_torque_active_fraction,0.9960000514984131
g1_lafan,4728,4728,9600000,crouch-0.25,8,penalty_undesired_contact_mean,0.014000000432133675
g1_lafan,4728,4728,9600000,crouch-0.25,8,penalty_undesired_contact_active_fraction,0.014000000432133675
g1_lafan,4728,4728,9600000,crouch-0.25,8,penalty_feet_ori_mean,0.4917997419834137
g1_lafan,4728,4728,9600000,crouch-0.25,8,penalty_feet_ori_active_fraction,0.9740000367164612
g1_lafan,4728,4728,9600000,crouch-0.25,8,penalty_ankle_roll_mean,0.13520589470863342
g1_lafan,4728,4728,9600000,crouch-0.25,8,penalty_ankle_roll_active_fraction,1.0
g1_lafan,4728,4728,9600000,crouch-0.25,8,penalty_slippage_mean,0.15248934924602509
g1_lafan,4728,4728,9600000,crouch-0.25,8,penalty_slippage_active_fraction,0.9740000367164612
g1_lafan,4728,4728,9600000,crouch-0.25,9,return,24.573213577270508
g1_lafan,4728,4728,9600000,crouch-0.25,9,auxiliary_cost,1.8474886417388916
g1_lafan,4728,4728,9600000,crouch-0.25,9,safety_violation_rate,1.0
g1_lafan,4728,4728,9600000,crouch-0.25,9,termination_rate,0.0
g1_lafan,4728,4728,9600000,crouch-0.25,9,action_l2,2.9933969974517822
g1_lafan,4728,4728,9600000,crouch-0.25,9,penalty_torques_mean,9961.3125
g1_lafan,4728,4728,9600000,crouch-0.25,9,penalty_torques_active_fraction,1.0
g1_lafan,4728,4728,9600000,crouch-0.25,9,penalty_action_rate_mean,3.274526834487915
g1_lafan,4728,4728,9600000,crouch-0.25,9,penalty_action_rate_active_fraction,1.0
g1_lafan,4728,4728,9600000,crouch-0.25,9,limits_dof_pos_mean,0.030793579295277596
g1_lafan,4728,4728,9600000,crouch-0.25,9,limits_dof_pos_active_fraction,1.0
g1_lafan,4728,4728,9600000,crouch-0.25,9,limits_torque_mean,4.164945602416992
g1_lafan,4728,4728,9600000,crouch-0.25,9,limits_torque_active_fraction,0.9980000257492065
g1_lafan,4728,4728,9600000,crouch-0.25,9,penalty_undesired_contact_mean,0.04400000348687172
g1_lafan,4728,4728,9600000,crouch-0.25,9,penalty_undesired_contact_active_fraction,0.04400000348687172
g1_lafan,4728,4728,9600000,crouch-0.25,9,penalty_feet_ori_mean,0.583071768283844
g1_lafan,4728,4728,9600000,crouch-0.25,9,penalty_feet_ori_active_fraction,0.9500000476837158
g1_lafan,4728,4728,9600000,crouch-0.25,9,penalty_ankle_roll_mean,0.13397099077701569
g1_lafan,4728,4728,9600000,crouch-0.25,9,penalty_ankle_roll_active_fraction,1.0
g1_lafan,4728,4728,9600000,crouch-0.25,9,penalty_slippage_mean,0.19949334859848022
g1_lafan,4728,4728,9600000,crouch-0.25,9,penalty_slippage_active_fraction,0.9500000476837158
g1_lafan,4728,4728,9600000,sitonground,0,return,1.975751519203186
g1_lafan,4728,4728,9600000,sitonground,0,auxiliary_cost,2.391000270843506
g1_lafan,4728,4728,9600000,sitonground,0,safety_violation_rate,0.9980000257492065
g1_lafan,4728,4728,9600000,sitonground,0,termination_rate,0.0
g1_lafan,4728,4728,9600000,sitonground,0,action_l2,3.0884764194488525
g1_lafan,4728,4728,9600000,sitonground,0,penalty_torques_mean,6265.8857421875
g1_lafan,4728,4728,9600000,sitonground,0,penalty_torques_active_fraction,1.0
g1_lafan,4728,4728,9600000,sitonground,0,penalty_action_rate_mean,1.0797661542892456
g1_lafan,4728,4728,9600000,sitonground,0,penalty_action_rate_active_fraction,1.0
g1_lafan,4728,4728,9600000,sitonground,0,limits_dof_pos_mean,0.04164253920316696
g1_lafan,4728,4728,9600000,sitonground,0,limits_dof_pos_active_fraction,0.9980000257492065
g1_lafan,4728,4728,9600000,sitonground,0,limits_torque_mean,4.972388744354248
g1_lafan,4728,4728,9600000,sitonground,0,limits_torque_active_fraction,0.9960000514984131
g1_lafan,4728,4728,9600000,sitonground,0,penalty_undesired_contact_mean,0.9800000190734863
g1_lafan,4728,4728,9600000,sitonground,0,penalty_undesired_contact_active_fraction,0.9800000190734863
g1_lafan,4728,4728,9600000,sitonground,0,penalty_feet_ori_mean,0.4127340018749237
g1_lafan,4728,4728,9600000,sitonground,0,penalty_feet_ori_active_fraction,0.4440000355243683
g1_lafan,4728,4728,9600000,sitonground,0,penalty_ankle_roll_mean,0.13676752150058746
g1_lafan,4728,4728,9600000,sitonground,0,penalty_ankle_roll_active_fraction,1.0
g1_lafan,4728,4728,9600000,sitonground,0,penalty_slippage_mean,0.08721740543842316
g1_lafan,4728,4728,9600000,sitonground,0,penalty_slippage_active_fraction,0.4520000219345093
g1_lafan,4728,4728,9600000,sitonground,1,return,158.9656982421875
g1_lafan,4728,4728,9600000,sitonground,1,auxiliary_cost,2.127249240875244
g1_lafan,4728,4728,9600000,sitonground,1,safety_violation_rate,0.9980000257492065
g1_lafan,4728,4728,9600000,sitonground,1,termination_rate,0.0
g1_lafan,4728,4728,9600000,sitonground,1,action_l2,3.028045892715454
g1_lafan,4728,4728,9600000,sitonground,1,penalty_torques_mean,5912.65673828125
g1_lafan,4728,4728,9600000,sitonground,1,penalty_torques_active_fraction,1.0
g1_lafan,4728,4728,9600000,sitonground,1,penalty_action_rate_mean,0.7656754851341248
g1_lafan,4728,4728,9600000,sitonground,1,penalty_action_rate_active_fraction,1.0
g1_lafan,4728,4728,9600000,sitonground,1,limits_dof_pos_mean,0.02905668132007122
g1_lafan,4728,4728,9600000,sitonground,1,limits_dof_pos_active_fraction,0.9960000514984131
g1_lafan,4728,4728,9600000,sitonground,1,limits_torque_mean,4.855833053588867
g1_lafan,4728,4728,9600000,sitonground,1,limits_torque_active_fraction,0.9880000352859497
g1_lafan,4728,4728,9600000,sitonground,1,penalty_undesired_contact_mean,0.9700000286102295
g1_lafan,4728,4728,9600000,sitonground,1,penalty_undesired_contact_active_fraction,0.9700000286102295
g1_lafan,4728,4728,9600000,sitonground,1,penalty_feet_ori_mean,0.4350808560848236
g1_lafan,4728,4728,9600000,sitonground,1,penalty_feet_ori_active_fraction,0.4540000259876251
g1_lafan,4728,4728,9600000,sitonground,1,penalty_ankle_roll_mean,0.13666115701198578
g1_lafan,4728,4728,9600000,sitonground,1,penalty_ankle_roll_active_fraction,1.0
g1_lafan,4728,4728,9600000,sitonground,1,penalty_slippage_mean,0.03471897542476654
g1_lafan,4728,4728,9600000,sitonground,1,penalty_slippage_active_fraction,0.4540000259876251
g1_lafan,4728,4728,9600000,sitonground,2,return,2.731171822406479e-23
g1_lafan,4728,4728,9600000,sitonground,2,auxiliary_cost,2.0622646808624268
g1_lafan,4728,4728,9600000,sitonground,2,safety_violation_rate,0.9960000514984131
g1_lafan,4728,4728,9600000,sitonground,2,termination_rate,0.0
g1_lafan,4728,4728,9600000,sitonground,2,action_l2,3.035447359085083
g1_lafan,4728,4728,9600000,sitonground,2,penalty_torques_mean,5907.11865234375
g1_lafan,4728,4728,9600000,sitonground,2,penalty_torques_active_fraction,1.0
g1_lafan,4728,4728,9600000,sitonground,2,penalty_action_rate_mean,0.8041166067123413
g1_lafan,4728,4728,9600000,sitonground,2,penalty_action_rate_active_fraction,1.0
g1_lafan,4728,4728,9600000,sitonground,2,limits_dof_pos_mean,0.034847527742385864
g1_lafan,4728,4728,9600000,sitonground,2,limits_dof_pos_active_fraction,0.9960000514984131
g1_lafan,4728,4728,9600000,sitonground,2,limits_torque_mean,4.933976650238037
g1_lafan,4728,4728,9600000,sitonground,2,limits_torque_active_fraction,0.9880000352859497
g1_lafan,4728,4728,9600000,sitonground,2,penalty_undesired_contact_mean,0.9380000233650208
g1_lafan,4728,4728,9600000,sitonground,2,penalty_undesired_contact_active_fraction,0.9380000233650208
g1_lafan,4728,4728,9600000,sitonground,2,penalty_feet_ori_mean,0.1999620944261551
g1_lafan,4728,4728,9600000,sitonground,2,penalty_feet_ori_active_fraction,0.22200001776218414
g1_lafan,4728,4728,9600000,sitonground,2,penalty_ankle_roll_mean,0.136567160487175
g1_lafan,4728,4728,9600000,sitonground,2,penalty_ankle_roll_active_fraction,1.0
g1_lafan,4728,4728,9600000,sitonground,2,penalty_slippage_mean,0.034561604261398315
g1_lafan,4728,4728,9600000,sitonground,2,penalty_slippage_active_fraction,0.22200001776218414
g1_lafan,4728,4728,9600000,sitonground,3,return,98.98873901367188
g1_lafan,4728,4728,9600000,sitonground,3,auxiliary_cost,2.3916690349578857
g1_lafan,4728,4728,9600000,sitonground,3,safety_violation_rate,1.0
g1_lafan,4728,4728,9600000,sitonground,3,termination_rate,0.0
g1_lafan,4728,4728,9600000,sitonground,3,action_l2,3.0771379470825195
g1_lafan,4728,4728,9600000,sitonground,3,penalty_torques_mean,6523.193359375
g1_lafan,4728,4728,9600000,sitonground,3,penalty_torques_active_fraction,1.0
g1_lafan,4728,4728,9600000,sitonground,3,penalty_action_rate_mean,1.0672695636749268
g1_lafan,4728,4728,9600000,sitonground,3,penalty_action_rate_active_fraction,1.0
g1_lafan,4728,4728,9600000,sitonground,3,limits_dof_pos_mean,0.043818265199661255
g1_lafan,4728,4728,9600000,sitonground,3,limits_dof_pos_active_fraction,1.0
g1_lafan,4728,4728,9600000,sitonground,3,limits_torque_mean,5.095202922821045
g1_lafan,4728,4728,9600000,sitonground,3,limits_torque_active_fraction,1.0
g1_lafan,4728,4728,9600000,sitonground,3,penalty_undesired_contact_mean,0.9740000367164612
g1_lafan,4728,4728,9600000,sitonground,3,penalty_undesired_contact_active_fraction,0.9740000367164612
g1_lafan,4728,4728,9600000,sitonground,3,penalty_feet_ori_mean,0.33161723613739014
g1_lafan,4728,4728,9600000,sitonground,3,penalty_feet_ori_active_fraction,0.32200002670288086
g1_lafan,4728,4728,9600000,sitonground,3,penalty_ankle_roll_mean,0.13685481250286102
g1_lafan,4728,4728,9600000,sitonground,3,penalty_ankle_roll_active_fraction,1.0
g1_lafan,4728,4728,9600000,sitonground,3,penalty_slippage_mean,0.09634643793106079
g1_lafan,4728,4728,9600000,sitonground,3,penalty_slippage_active_fraction,0.32600000500679016
g1_lafan,4728,4728,9600000,sitonground,4,return,90.33853912353516
g1_lafan,4728,4728,9600000,sitonground,4,auxiliary_cost,2.1733224391937256
g1_lafan,4728,4728,9600000,sitonground,4,safety_violation_rate,0.9900000691413879
g1_lafan,4728,4728,9600000,sitonground,4,termination_rate,0.0
g1_lafan,4728,4728,9600000,sitonground,4,action_l2,3.0330822467803955
g1_lafan,4728,4728,9600000,sitonground,4,penalty_torques_mean,5852.81591796875
g1_lafan,4728,4728,9600000,sitonground,4,penalty_torques_active_fraction,1.0
g1_lafan,4728,4728,9600000,sitonground,4,penalty_action_rate_mean,0.9091026186943054
g1_lafan,4728,4728,9600000,sitonground,4,penalty_action_rate_active_fraction,1.0
g1_lafan,4728,4728,9600000,sitonground,4,limits_dof_pos_mean,0.03483907878398895
g1_lafan,4728,4728,9600000,sitonground,4,limits_dof_pos_active_fraction,0.9900000691413879
g1_lafan,4728,4728,9600000,sitonground,4,limits_torque_mean,4.757058620452881
g1_lafan,4728,4728,9600000,sitonground,4,limits_torque_active_fraction,0.9580000638961792
g1_lafan,4728,4728,9600000,sitonground,4,penalty_undesired_contact_mean,0.9740000367164612
g1_lafan,4728,4728,9600000,sitonground,4,penalty_undesired_contact_active_fraction,0.9740000367164612
g1_lafan,4728,4728,9600000,sitonground,4,penalty_feet_ori_mean,0.2600196599960327
g1_lafan,4728,4728,9600000,sitonground,4,penalty_feet_ori_active_fraction,0.2880000174045563
g1_lafan,4728,4728,9600000,sitonground,4,penalty_ankle_roll_mean,0.1360422968864441
g1_lafan,4728,4728,9600000,sitonground,4,penalty_ankle_roll_active_fraction,1.0
g1_lafan,4728,4728,9600000,sitonground,4,penalty_slippage_mean,0.05592166632413864
g1_lafan,4728,4728,9600000,sitonground,4,penalty_slippage_active_fraction,0.2900000214576721
g1_lafan,4728,4728,9600000,sitonground,5,return,36.649234771728516
g1_lafan,4728,4728,9600000,sitonground,5,auxiliary_cost,2.128563165664673
g1_lafan,4728,4728,9600000,sitonground,5,safety_violation_rate,1.0
g1_lafan,4728,4728,9600000,sitonground,5,termination_rate,0.0
g1_lafan,4728,4728,9600000,sitonground,5,action_l2,3.0424537658691406
g1_lafan,4728,4728,9600000,sitonground,5,penalty_torques_mean,6135.53125
g1_lafan,4728,4728,9600000,sitonground,5,penalty_torques_active_fraction,1.0
g1_lafan,4728,4728,9600000,sitonground,5,penalty_action_rate_mean,1.0191859006881714
g1_lafan,4728,4728,9600000,sitonground,5,penalty_action_rate_active_fraction,1.0
g1_lafan,4728,4728,9600000,sitonground,5,limits_dof_pos_mean,0.03721659630537033
g1_lafan,4728,4728,9600000,sitonground,5,limits_dof_pos_active_fraction,1.0
g1_lafan,4728,4728,9600000,sitonground,5,limits_torque_mean,5.045361518859863
g1_lafan,4728,4728,9600000,sitonground,5,limits_torque_active_fraction,0.9980000257492065
g1_lafan,4728,4728,9600000,sitonground,5,penalty_undesired_contact_mean,0.9700000286102295
g1_lafan,4728,4728,9600000,sitonground,5,penalty_undesired_contact_active_fraction,0.9700000286102295
g1_lafan,4728,4728,9600000,sitonground,5,penalty_feet_ori_mean,0.1662258505821228
g1_lafan,4728,4728,9600000,sitonground,5,penalty_feet_ori_active_fraction,0.18000000715255737
g1_lafan,4728,4728,9600000,sitonground,5,penalty_ankle_roll_mean,0.13668890297412872
g1_lafan,4728,4728,9600000,sitonground,5,penalty_ankle_roll_active_fraction,1.0
g1_lafan,4728,4728,9600000,sitonground,5,penalty_slippage_mean,0.03561598062515259
g1_lafan,4728,4728,9600000,sitonground,5,penalty_slippage_active_fraction,0.18200001120567322
g1_lafan,4728,4728,9600000,sitonground,6,return,103.77687072753906
g1_lafan,4728,4728,9600000,sitonground,6,auxiliary_cost,3.1782872676849365
g1_lafan,4728,4728,9600000,sitonground,6,safety_violation_rate,1.0
g1_lafan,4728,4728,9600000,sitonground,6,termination_rate,0.0
g1_lafan,4728,4728,9600000,sitonground,6,action_l2,3.2769198417663574
g1_lafan,4728,4728,9600000,sitonground,6,penalty_torques_mean,9015.9306640625
g1_lafan,4728,4728,9600000,sitonground,6,penalty_torques_active_fraction,1.0
g1_lafan,4728,4728,9600000,sitonground,6,penalty_action_rate_mean,1.0619326829910278
g1_lafan,4728,4728,9600000,sitonground,6,penalty_action_rate_active_fraction,1.0
g1_lafan,4728,4728,9600000,sitonground,6,limits_dof_pos_mean,0.09000508487224579
g1_lafan,4728,4728,9600000,sitonground,6,limits_dof_pos_active_fraction,1.0
g1_lafan,4728,4728,9600000,sitonground,6,limits_torque_mean,5.148444652557373
g1_lafan,4728,4728,9600000,sitonground,6,limits_torque_active_fraction,0.9980000257492065
g1_lafan,4728,4728,9600000,sitonground,6,penalty_undesired_contact_mean,0.9940000176429749
g1_lafan,4728,4728,9600000,sitonground,6,penalty_undesired_contact_active_fraction,0.9940000176429749
g1_lafan,4728,4728,9600000,sitonground,6,penalty_feet_ori_mean,0.4158308207988739
g1_lafan,4728,4728,9600000,sitonground,6,penalty_feet_ori_active_fraction,0.5480000376701355
g1_lafan,4728,4728,9600000,sitonground,6,penalty_ankle_roll_mean,0.13683676719665527
g1_lafan,4728,4728,9600000,sitonground,6,penalty_ankle_roll_active_fraction,1.0
g1_lafan,4728,4728,9600000,sitonground,6,penalty_slippage_mean,0.2321811467409134
g1_lafan,4728,4728,9600000,sitonground,6,penalty_slippage_active_fraction,0.9980000257492065
g1_lafan,4728,4728,9600000,sitonground,7,return,81.60873413085938
g1_lafan,4728,4728,9600000,sitonground,7,auxiliary_cost,2.8648440837860107
g1_lafan,4728,4728,9600000,sitonground,7,safety_violation_rate,0.9980000257492065
g1_lafan,4728,4728,9600000,sitonground,7,termination_rate,0.0
g1_lafan,4728,4728,9600000,sitonground,7,action_l2,3.2444424629211426
g1_lafan,4728,4728,9600000,sitonground,7,penalty_torques_mean,7126.314453125
g1_lafan,4728,4728,9600000,sitonground,7,penalty_torques_active_fraction,1.0
g1_lafan,4728,4728,9600000,sitonground,7,penalty_action_rate_mean,0.8974877595901489
g1_lafan,4728,4728,9600000,sitonground,7,penalty_action_rate_active_fraction,1.0
g1_lafan,4728,4728,9600000,sitonground,7,limits_dof_pos_mean,0.043791402131319046
g1_lafan,4728,4728,9600000,sitonground,7,limits_dof_pos_active_fraction,0.9980000257492065
g1_lafan,4728,4728,9600000,sitonground,7,limits_torque_mean,5.058826446533203
g1_lafan,4728,4728,9600000,sitonground,7,limits_torque_active_fraction,0.9980000257492065
g1_lafan,4728,4728,9600000,sitonground,7,penalty_undesired_contact_mean,0.9740000367164612
g1_lafan,4728,4728,9600000,sitonground,7,penalty_undesired_contact_active_fraction,0.9740000367164612
g1_lafan,4728,4728,9600000,sitonground,7,penalty_feet_ori_mean,1.024476408958435
g1_lafan,4728,4728,9600000,sitonground,7,penalty_feet_ori_active_fraction,0.9640000462532043
g1_lafan,4728,4728,9600000,sitonground,7,penalty_ankle_roll_mean,0.13680684566497803
g1_lafan,4728,4728,9600000,sitonground,7,penalty_ankle_roll_active_fraction,1.0
g1_lafan,4728,4728,9600000,sitonground,7,penalty_slippage_mean,0.20308145880699158
g1_lafan,4728,4728,9600000,sitonground,7,penalty_slippage_active_fraction,0.9860000610351562
g1_lafan,4728,4728,9600000,sitonground,8,return,17.987483978271484
g1_lafan,4728,4728,9600000,sitonground,8,auxiliary_cost,2.589510440826416
g1_lafan,4728,4728,9600000,sitonground,8,safety_violation_rate,0.9980000257492065
g1_lafan,4728,4728,9600000,sitonground,8,termination_rate,0.0
g1_lafan,4728,4728,9600000,sitonground,8,action_l2,3.1665539741516113
g1_lafan,4728,4728,9600000,sitonground,8,penalty_torques_mean,6363.4814453125
g1_lafan,4728,4728,9600000,sitonground,8,penalty_torques_active_fraction,1.0
g1_lafan,4728,4728,9600000,sitonground,8,penalty_action_rate_mean,1.0203782320022583
g1_lafan,4728,4728,9600000,sitonground,8,penalty_action_rate_active_fraction,1.0
g1_lafan,4728,4728,9600000,sitonground,8,limits_dof_pos_mean,0.0650540292263031
g1_lafan,4728,4728,9600000,sitonground,8,limits_dof_pos_active_fraction,0.9980000257492065
g1_lafan,4728,4728,9600000,sitonground,8,limits_torque_mean,5.034027099609375
g1_lafan,4728,4728,9600000,sitonground,8,limits_torque_active_fraction,0.9960000514984131
g1_lafan,4728,4728,9600000,sitonground,8,penalty_undesired_contact_mean,0.9440000653266907
g1_lafan,4728,4728,9600000,sitonground,8,penalty_undesired_contact_active_fraction,0.9440000653266907
g1_lafan,4728,4728,9600000,sitonground,8,penalty_feet_ori_mean,0.45831286907196045
g1_lafan,4728,4728,9600000,sitonground,8,penalty_feet_ori_active_fraction,0.6380000114440918
g1_lafan,4728,4728,9600000,sitonground,8,penalty_ankle_roll_mean,0.1360129565000534
g1_lafan,4728,4728,9600000,sitonground,8,penalty_ankle_roll_active_fraction,1.0
g1_lafan,4728,4728,9600000,sitonground,8,penalty_slippage_mean,0.0827779620885849
g1_lafan,4728,4728,9600000,sitonground,8,penalty_slippage_active_fraction,0.7020000219345093
g1_lafan,4728,4728,9600000,sitonground,9,return,44.953372955322266
g1_lafan,4728,4728,9600000,sitonground,9,auxiliary_cost,2.4119839668273926
g1_lafan,4728,4728,9600000,sitonground,9,safety_violation_rate,0.9960000514984131
g1_lafan,4728,4728,9600000,sitonground,9,termination_rate,0.0
g1_lafan,4728,4728,9600000,sitonground,9,action_l2,3.1121745109558105
g1_lafan,4728,4728,9600000,sitonground,9,penalty_torques_mean,6767.6083984375
g1_lafan,4728,4728,9600000,sitonground,9,penalty_torques_active_fraction,1.0
g1_lafan,4728,4728,9600000,sitonground,9,penalty_action_rate_mean,0.8516072630882263
g1_lafan,4728,4728,9600000,sitonground,9,penalty_action_rate_active_fraction,1.0
g1_lafan,4728,4728,9600000,sitonground,9,limits_dof_pos_mean,0.042843226343393326
g1_lafan,4728,4728,9600000,sitonground,9,limits_dof_pos_active_fraction,0.9960000514984131
g1_lafan,4728,4728,9600000,sitonground,9,limits_torque_mean,4.916423320770264
g1_lafan,4728,4728,9600000,sitonground,9,limits_torque_active_fraction,0.9900000691413879
g1_lafan,4728,4728,9600000,sitonground,9,penalty_undesired_contact_mean,0.956000030040741
g1_lafan,4728,4728,9600000,sitonground,9,penalty_undesired_contact_active_fraction,0.956000030040741
g1_lafan,4728,4728,9600000,sitonground,9,penalty_feet_ori_mean,0.48920392990112305
g1_lafan,4728,4728,9600000,sitonground,9,penalty_feet_ori_active_fraction,0.5600000023841858
g1_lafan,4728,4728,9600000,sitonground,9,penalty_ankle_roll_mean,0.1364137977361679
g1_lafan,4728,4728,9600000,sitonground,9,penalty_ankle_roll_active_fraction,1.0
g1_lafan,4728,4728,9600000,sitonground,9,penalty_slippage_mean,0.10052739828824997
g1_lafan,4728,4728,9600000,sitonground,9,penalty_slippage_active_fraction,0.5600000023841858
